image_id,dataset,image_path,true_label,pred_label,true_index,pred_index,confidence,correct
ISIC_0025915,,data/processed/ham10000/images/HAM10000_images_part_1/ISIC_0025915.jpg,BKL,MEL,4,0,0.7319281697273254,False
ISIC_0031029,,data/processed/ham10000/images/HAM10000_images_part_2/ISIC_0031029.jpg,BKL,NV,4,1,0.5830891132354736,False
ISIC_0029836,,data/processed/ham10000/images/HAM10000_images_part_2/ISIC_0029836.jpg,BKL,BKL,4,4,0.4805629551410675,True
ISIC_0032129,,data/processed/ham10000/images/HAM10000_images_part_2/ISIC_0032129.jpg,BKL,BKL,4,4,0.8692578077316284,True
ISIC_0025076,,data/processed/ham10000/images/HAM10000_images_part_1/ISIC_0025076.jpg,BKL,NV,4,1,0.9360249638557434,False
ISIC_0029687,,data/processed/ham10000/images/HAM10000_images_part_2/ISIC_0029687.jpg,BKL,NV,4,1,0.45124438405036926,False
ISIC_0025642,,data/processed/ham10000/images/HAM10000_images_part_1/ISIC_0025642.jpg,BKL,MEL,4,0,0.915054976940155,False
ISIC_0030105,,data/processed/ham10000/images/HAM10000_images_part_2/ISIC_0030105.jpg,BKL,BKL,4,4,0.9082673192024231,True
ISIC_0029301,,data/processed/ham10000/images/HAM10000_images_part_1/ISIC_0029301.jpg,BKL,MEL,4,0,0.8449874520301819,False
ISIC_0026637,,data/processed/ham10000/images/HAM10000_images_part_1/ISIC_0026637.jpg,BKL,MEL,4,0,0.7442418932914734,False
ISIC_0025286,,data/processed/ham10000/images/HAM10000_images_part_1/ISIC_0025286.jpg,BKL,NV,4,1,0.5818724036216736,False
ISIC_0025099,,data/processed/ham10000/images/HAM10000_images_part_1/ISIC_0025099.jpg,BKL,BKL,4,4,0.8343908190727234,True
ISIC_0031485,,data/processed/ham10000/images/HAM10000_images_part_2/ISIC_0031485.jpg,BKL,NV,4,1,0.9121025204658508,False
ISIC_0031967,,data/processed/ham10000/images/HAM10000_images_part_2/ISIC_0031967.jpg,BKL,BKL,4,4,0.9921981692314148,True
ISIC_0031584,,data/processed/ham10000/images/HAM10000_images_part_2/ISIC_0031584.jpg,BKL,BKL,4,4,0.7293415069580078,True
ISIC_0029289,,data/processed/ham10000/images/HAM10000_images_part_1/ISIC_0029289.jpg,BKL,NV,4,1,0.9217526316642761,False
ISIC_0029912,,data/processed/ham10000/images/HAM10000_images_part_2/ISIC_0029912.jpg,BKL,NV,4,1,0.7674843072891235,False
ISIC_0030768,,data/processed/ham10000/images/HAM10000_images_part_2/ISIC_0030768.jpg,BKL,NV,4,1,0.9092649817466736,False
ISIC_0029837,,data/processed/ham10000/images/HAM10000_images_part_2/ISIC_0029837.jpg,BKL,NV,4,1,0.5606853365898132,False
ISIC_0027023,,data/processed/ham10000/images/HAM10000_images_part_1/ISIC_0027023.jpg,BKL,MEL,4,0,0.8197827339172363,False
ISIC_0027957,,data/processed/ham10000/images/HAM10000_images_part_1/ISIC_0027957.jpg,BKL,MEL,4,0,0.9647799134254456,False
ISIC_0031212,,data/processed/ham10000/images/HAM10000_images_part_2/ISIC_0031212.jpg,BKL,MEL,4,0,0.9170213937759399,False
ISIC_0032382,,data/processed/ham10000/images/HAM10000_images_part_2/ISIC_0032382.jpg,BKL,BKL,4,4,0.9855322241783142,True
ISIC_0027533,,data/processed/ham10000/images/HAM10000_images_part_1/ISIC_0027533.jpg,BKL,BKL,4,4,0.9948775768280029,True
ISIC_0025906,,data/processed/ham10000/images/HAM10000_images_part_1/ISIC_0025906.jpg,BKL,BKL,4,4,0.9166068434715271,True
ISIC_0027151,,data/processed/ham10000/images/HAM10000_images_part_1/ISIC_0027151.jpg,BKL,NV,4,1,0.8125016093254089,False
ISIC_0028646,,data/processed/ham10000/images/HAM10000_images_part_1/ISIC_0028646.jpg,BKL,BKL,4,4,0.9345213174819946,True
ISIC_0034318,,data/processed/ham10000/images/HAM10000_images_part_2/ISIC_0034318.jpg,BKL,BKL,4,4,0.9606738686561584,True
ISIC_0032972,,data/processed/ham10000/images/HAM10000_images_part_2/ISIC_0032972.jpg,BKL,BKL,4,4,0.9982313513755798,True
ISIC_0032929,,data/processed/ham10000/images/HAM10000_images_part_2/ISIC_0032929.jpg,BKL,BKL,4,4,0.7741059064865112,True
ISIC_0032963,,data/processed/ham10000/images/HAM10000_images_part_2/ISIC_0032963.jpg,BKL,BKL,4,4,0.849177896976471,True
ISIC_0033583,,data/processed/ham10000/images/HAM10000_images_part_2/ISIC_0033583.jpg,BKL,BKL,4,4,0.9988897442817688,True
ISIC_0033465,,data/processed/ham10000/images/HAM10000_images_part_2/ISIC_0033465.jpg,BKL,BKL,4,4,0.9997287392616272,True
ISIC_0033691,,data/processed/ham10000/images/HAM10000_images_part_2/ISIC_0033691.jpg,BKL,BKL,4,4,0.5230861902236938,True
ISIC_0033910,,data/processed/ham10000/images/HAM10000_images_part_2/ISIC_0033910.jpg,BKL,NV,4,1,0.7533773183822632,False
ISIC_0032556,,data/processed/ham10000/images/HAM10000_images_part_2/ISIC_0032556.jpg,BKL,BKL,4,4,0.9760208129882812,True
ISIC_0033646,,data/processed/ham10000/images/HAM10000_images_part_2/ISIC_0033646.jpg,BKL,BKL,4,4,0.9500979781150818,True
ISIC_0033592,,data/processed/ham10000/images/HAM10000_images_part_2/ISIC_0033592.jpg,BKL,BKL,4,4,0.9382264018058777,True
ISIC_0033899,,data/processed/ham10000/images/HAM10000_images_part_2/ISIC_0033899.jpg,BKL,BKL,4,4,0.9322644472122192,True
ISIC_0033582,,data/processed/ham10000/images/HAM10000_images_part_2/ISIC_0033582.jpg,BKL,MEL,4,0,0.5270004868507385,False
ISIC_0033576,,data/processed/ham10000/images/HAM10000_images_part_2/ISIC_0033576.jpg,BKL,MEL,4,0,0.8601440191268921,False
ISIC_0033744,,data/processed/ham10000/images/HAM10000_images_part_2/ISIC_0033744.jpg,BKL,AKIEC,4,3,0.9148138761520386,False
ISIC_0033659,,data/processed/ham10000/images/HAM10000_images_part_2/ISIC_0033659.jpg,BKL,AKIEC,4,3,0.6837343573570251,False
ISIC_0034235,,data/processed/ham10000/images/HAM10000_images_part_2/ISIC_0034235.jpg,BKL,BKL,4,4,0.9921947717666626,True
ISIC_0034007,,data/processed/ham10000/images/HAM10000_images_part_2/ISIC_0034007.jpg,BKL,BKL,4,4,0.9998251795768738,True
ISIC_0034259,,data/processed/ham10000/images/HAM10000_images_part_2/ISIC_0034259.jpg,BKL,MEL,4,0,0.6902613639831543,False
ISIC_0033446,,data/processed/ham10000/images/HAM10000_images_part_2/ISIC_0033446.jpg,BKL,BKL,4,4,0.9955403208732605,True
ISIC_0033200,,data/processed/ham10000/images/HAM10000_images_part_2/ISIC_0033200.jpg,BKL,BKL,4,4,0.8917508125305176,True
ISIC_0029472,,data/processed/ham10000/images/HAM10000_images_part_2/ISIC_0029472.jpg,BKL,MEL,4,0,0.9485958814620972,False
ISIC_0029682,,data/processed/ham10000/images/HAM10000_images_part_2/ISIC_0029682.jpg,BKL,MEL,4,0,0.9484705924987793,False
ISIC_0034125,,data/processed/ham10000/images/HAM10000_images_part_2/ISIC_0034125.jpg,BKL,MEL,4,0,0.8295121192932129,False
ISIC_0033060,,data/processed/ham10000/images/HAM10000_images_part_2/ISIC_0033060.jpg,BKL,BKL,4,4,0.45448407530784607,True
ISIC_0032099,,data/processed/ham10000/images/HAM10000_images_part_2/ISIC_0032099.jpg,BKL,BKL,4,4,0.7348179817199707,True
ISIC_0025157,,data/processed/ham10000/images/HAM10000_images_part_1/ISIC_0025157.jpg,BKL,BKL,4,4,0.9934090375900269,True
ISIC_0029600,,data/processed/ham10000/images/HAM10000_images_part_2/ISIC_0029600.jpg,BKL,NV,4,1,0.9797931909561157,False
ISIC_0027218,,data/processed/ham10000/images/HAM10000_images_part_1/ISIC_0027218.jpg,BKL,NV,4,1,0.4910973012447357,False
ISIC_0030272,,data/processed/ham10000/images/HAM10000_images_part_2/ISIC_0030272.jpg,BKL,BKL,4,4,0.9996603727340698,True
ISIC_0032325,,data/processed/ham10000/images/HAM10000_images_part_2/ISIC_0032325.jpg,BKL,NV,4,1,0.5491238236427307,False
ISIC_0027713,,data/processed/ham10000/images/HAM10000_images_part_1/ISIC_0027713.jpg,BKL,BKL,4,4,0.9966643452644348,True
ISIC_0026298,,data/processed/ham10000/images/HAM10000_images_part_1/ISIC_0026298.jpg,BKL,BKL,4,4,0.9973445534706116,True
ISIC_0029394,,data/processed/ham10000/images/HAM10000_images_part_2/ISIC_0029394.jpg,BKL,BKL,4,4,0.9979228377342224,True
ISIC_0024672,,data/processed/ham10000/images/HAM10000_images_part_1/ISIC_0024672.jpg,BKL,MEL,4,0,0.8447177410125732,False
ISIC_0029010,,data/processed/ham10000/images/HAM10000_images_part_1/ISIC_0029010.jpg,BKL,MEL,4,0,0.6150067448616028,False
ISIC_0024581,,data/processed/ham10000/images/HAM10000_images_part_1/ISIC_0024581.jpg,BKL,BKL,4,4,0.9938263297080994,True
ISIC_0029003,,data/processed/ham10000/images/HAM10000_images_part_1/ISIC_0029003.jpg,BKL,AKIEC,4,3,0.5256912708282471,False
ISIC_0024711,,data/processed/ham10000/images/HAM10000_images_part_1/ISIC_0024711.jpg,BKL,BKL,4,4,0.5948367714881897,True
ISIC_0027042,,data/processed/ham10000/images/HAM10000_images_part_1/ISIC_0027042.jpg,BKL,BKL,4,4,0.9134926795959473,True
ISIC_0028308,,data/processed/ham10000/images/HAM10000_images_part_1/ISIC_0028308.jpg,BKL,BCC,4,2,0.7665752172470093,False
ISIC_0024505,,data/processed/ham10000/images/HAM10000_images_part_1/ISIC_0024505.jpg,BKL,BKL,4,4,0.8617776036262512,True
ISIC_0025337,,data/processed/ham10000/images/HAM10000_images_part_1/ISIC_0025337.jpg,BKL,BKL,4,4,0.9837983846664429,True
ISIC_0024971,,data/processed/ham10000/images/HAM10000_images_part_1/ISIC_0024971.jpg,BKL,BKL,4,4,0.9974226951599121,True
ISIC_0025874,,data/processed/ham10000/images/HAM10000_images_part_1/ISIC_0025874.jpg,BKL,MEL,4,0,0.9564126133918762,False
ISIC_0031424,,data/processed/ham10000/images/HAM10000_images_part_2/ISIC_0031424.jpg,BKL,BKL,4,4,0.9875344038009644,True
ISIC_0029770,,data/processed/ham10000/images/HAM10000_images_part_2/ISIC_0029770.jpg,BKL,BKL,4,4,0.9245515465736389,True
ISIC_0027584,,data/processed/ham10000/images/HAM10000_images_part_1/ISIC_0027584.jpg,BKL,BKL,4,4,0.9977443218231201,True
ISIC_0031593,,data/processed/ham10000/images/HAM10000_images_part_2/ISIC_0031593.jpg,BKL,BCC,4,2,0.5559921860694885,False
ISIC_0027394,,data/processed/ham10000/images/HAM10000_images_part_1/ISIC_0027394.jpg,BKL,MEL,4,0,0.5177960395812988,False
ISIC_0027295,,data/processed/ham10000/images/HAM10000_images_part_1/ISIC_0027295.jpg,BKL,AKIEC,4,3,0.4996480345726013,False
ISIC_0032200,,data/processed/ham10000/images/HAM10000_images_part_2/ISIC_0032200.jpg,BKL,BKL,4,4,0.9545379281044006,True
ISIC_0024358,,data/processed/ham10000/images/HAM10000_images_part_1/ISIC_0024358.jpg,BKL,BKL,4,4,0.9279493093490601,True
ISIC_0030744,,data/processed/ham10000/images/HAM10000_images_part_2/ISIC_0030744.jpg,BKL,BKL,4,4,0.49525585770606995,True
ISIC_0027771,,data/processed/ham10000/images/HAM10000_images_part_1/ISIC_0027771.jpg,BKL,BKL,4,4,0.9584668278694153,True
ISIC_0028846,,data/processed/ham10000/images/HAM10000_images_part_1/ISIC_0028846.jpg,BKL,BKL,4,4,0.9990341663360596,True
ISIC_0026159,,data/processed/ham10000/images/HAM10000_images_part_1/ISIC_0026159.jpg,BKL,BKL,4,4,0.9869431257247925,True
ISIC_0027367,,data/processed/ham10000/images/HAM10000_images_part_1/ISIC_0027367.jpg,BKL,BKL,4,4,0.8212275505065918,True
ISIC_0024748,,data/processed/ham10000/images/HAM10000_images_part_1/ISIC_0024748.jpg,BKL,MEL,4,0,0.4791787266731262,False
ISIC_0024445,,data/processed/ham10000/images/HAM10000_images_part_1/ISIC_0024445.jpg,BKL,NV,4,1,0.6559106707572937,False
ISIC_0029519,,data/processed/ham10000/images/HAM10000_images_part_2/ISIC_0029519.jpg,BKL,BKL,4,4,0.9821915030479431,True
ISIC_0030522,,data/processed/ham10000/images/HAM10000_images_part_2/ISIC_0030522.jpg,BKL,NV,4,1,0.802760124206543,False
ISIC_0025830,,data/processed/ham10000/images/HAM10000_images_part_1/ISIC_0025830.jpg,BKL,BKL,4,4,0.6615700721740723,True
ISIC_0028555,,data/processed/ham10000/images/HAM10000_images_part_1/ISIC_0028555.jpg,BKL,BKL,4,4,0.9961896538734436,True
ISIC_0029568,,data/processed/ham10000/images/HAM10000_images_part_2/ISIC_0029568.jpg,BKL,BKL,4,4,0.9831480979919434,True
ISIC_0029108,,data/processed/ham10000/images/HAM10000_images_part_1/ISIC_0029108.jpg,BKL,BKL,4,4,0.9995049238204956,True
ISIC_0029789,,data/processed/ham10000/images/HAM10000_images_part_2/ISIC_0029789.jpg,BKL,MEL,4,0,0.5273923277854919,False
ISIC_0030026,,data/processed/ham10000/images/HAM10000_images_part_2/ISIC_0030026.jpg,BKL,BKL,4,4,0.9940793514251709,True
ISIC_0031851,,data/processed/ham10000/images/HAM10000_images_part_2/ISIC_0031851.jpg,BKL,BCC,4,2,0.9290748238563538,False
ISIC_0030436,,data/processed/ham10000/images/HAM10000_images_part_2/ISIC_0030436.jpg,BKL,BCC,4,2,0.42725837230682373,False
ISIC_0025659,,data/processed/ham10000/images/HAM10000_images_part_1/ISIC_0025659.jpg,BKL,BCC,4,2,0.4069451093673706,False
ISIC_0026265,,data/processed/ham10000/images/HAM10000_images_part_1/ISIC_0026265.jpg,BKL,BKL,4,4,0.7076292037963867,True
ISIC_0024426,,data/processed/ham10000/images/HAM10000_images_part_1/ISIC_0024426.jpg,BKL,BCC,4,2,0.94083172082901,False
ISIC_0027801,,data/processed/ham10000/images/HAM10000_images_part_1/ISIC_0027801.jpg,BKL,BKL,4,4,0.9868979454040527,True
ISIC_0025376,,data/processed/ham10000/images/HAM10000_images_part_1/ISIC_0025376.jpg,BKL,NV,4,1,0.6094632148742676,False
ISIC_0024422,,data/processed/ham10000/images/HAM10000_images_part_1/ISIC_0024422.jpg,BKL,MEL,4,0,0.6692923903465271,False
ISIC_0030806,,data/processed/ham10000/images/HAM10000_images_part_2/ISIC_0030806.jpg,BKL,BKL,4,4,0.9998891353607178,True
ISIC_0028388,,data/processed/ham10000/images/HAM10000_images_part_1/ISIC_0028388.jpg,BKL,BKL,4,4,0.7213323712348938,True
ISIC_0024547,,data/processed/ham10000/images/HAM10000_images_part_1/ISIC_0024547.jpg,BKL,BKL,4,4,0.7349088788032532,True
ISIC_0024760,,data/processed/ham10000/images/HAM10000_images_part_1/ISIC_0024760.jpg,BKL,BKL,4,4,0.7007157802581787,True
ISIC_0029897,,data/processed/ham10000/images/HAM10000_images_part_2/ISIC_0029897.jpg,BKL,BKL,4,4,0.9998912811279297,True
ISIC_0024970,,data/processed/ham10000/images/HAM10000_images_part_1/ISIC_0024970.jpg,BKL,BKL,4,4,0.6889194846153259,True
ISIC_0028881,,data/processed/ham10000/images/HAM10000_images_part_1/ISIC_0028881.jpg,BKL,BKL,4,4,0.4979626536369324,True
ISIC_0031702,,data/processed/ham10000/images/HAM10000_images_part_2/ISIC_0031702.jpg,BKL,BKL,4,4,0.6072589755058289,True
ISIC_0029031,,data/processed/ham10000/images/HAM10000_images_part_1/ISIC_0029031.jpg,BKL,BKL,4,4,0.7790363430976868,True
ISIC_0024772,,data/processed/ham10000/images/HAM10000_images_part_1/ISIC_0024772.jpg,BKL,BKL,4,4,0.7698779106140137,True
ISIC_0031061,,data/processed/ham10000/images/HAM10000_images_part_2/ISIC_0031061.jpg,BKL,BKL,4,4,0.8896859884262085,True
ISIC_0025627,,data/processed/ham10000/images/HAM10000_images_part_1/ISIC_0025627.jpg,BKL,BKL,4,4,0.8575090765953064,True
ISIC_0031580,,data/processed/ham10000/images/HAM10000_images_part_2/ISIC_0031580.jpg,BKL,BKL,4,4,0.986973226070404,True
ISIC_0028389,,data/processed/ham10000/images/HAM10000_images_part_1/ISIC_0028389.jpg,BKL,BKL,4,4,0.99996018409729,True
ISIC_0029810,,data/processed/ham10000/images/HAM10000_images_part_2/ISIC_0029810.jpg,BKL,BKL,4,4,0.5142787098884583,True
ISIC_0028840,,data/processed/ham10000/images/HAM10000_images_part_1/ISIC_0028840.jpg,BKL,BKL,4,4,0.5233047008514404,True
ISIC_0024761,,data/processed/ham10000/images/HAM10000_images_part_1/ISIC_0024761.jpg,BKL,BKL,4,4,0.9996898174285889,True
ISIC_0026947,,data/processed/ham10000/images/HAM10000_images_part_1/ISIC_0026947.jpg,BKL,BKL,4,4,0.9932124614715576,True
ISIC_0024839,,data/processed/ham10000/images/HAM10000_images_part_1/ISIC_0024839.jpg,BKL,BKL,4,4,0.6475026607513428,True
ISIC_0031808,,data/processed/ham10000/images/HAM10000_images_part_2/ISIC_0031808.jpg,BKL,BKL,4,4,0.9980531930923462,True
ISIC_0026316,,data/processed/ham10000/images/HAM10000_images_part_1/ISIC_0026316.jpg,BKL,MEL,4,0,0.5872359871864319,False
ISIC_0024696,,data/processed/ham10000/images/HAM10000_images_part_1/ISIC_0024696.jpg,BKL,BKL,4,4,0.6263430714607239,True
ISIC_0031352,,data/processed/ham10000/images/HAM10000_images_part_2/ISIC_0031352.jpg,BKL,BKL,4,4,0.9916462302207947,True
ISIC_0026335,,data/processed/ham10000/images/HAM10000_images_part_1/ISIC_0026335.jpg,BKL,BKL,4,4,0.6608073115348816,True
ISIC_0026072,,data/processed/ham10000/images/HAM10000_images_part_1/ISIC_0026072.jpg,BKL,AKIEC,4,3,0.7714505195617676,False
ISIC_0025939,,data/processed/ham10000/images/HAM10000_images_part_1/ISIC_0025939.jpg,BKL,AKIEC,4,3,0.44367173314094543,False
ISIC_0027335,,data/processed/ham10000/images/HAM10000_images_part_1/ISIC_0027335.jpg,BKL,MEL,4,0,0.6340245008468628,False
ISIC_0028650,,data/processed/ham10000/images/HAM10000_images_part_1/ISIC_0028650.jpg,BKL,BKL,4,4,0.49216991662979126,True
ISIC_0027973,,data/processed/ham10000/images/HAM10000_images_part_1/ISIC_0027973.jpg,BKL,MEL,4,0,0.7372361421585083,False
ISIC_0031138,,data/processed/ham10000/images/HAM10000_images_part_2/ISIC_0031138.jpg,BKL,MEL,4,0,0.6303346753120422,False
ISIC_0028710,,data/processed/ham10000/images/HAM10000_images_part_1/ISIC_0028710.jpg,BKL,MEL,4,0,0.524834156036377,False
ISIC_0028749,,data/processed/ham10000/images/HAM10000_images_part_1/ISIC_0028749.jpg,BKL,BKL,4,4,0.9811475872993469,True
ISIC_0031537,,data/processed/ham10000/images/HAM10000_images_part_2/ISIC_0031537.jpg,BKL,BKL,4,4,0.40878617763519287,True
ISIC_0029032,,data/processed/ham10000/images/HAM10000_images_part_1/ISIC_0029032.jpg,BKL,BKL,4,4,0.9751492142677307,True
ISIC_0024336,,data/processed/ham10000/images/HAM10000_images_part_1/ISIC_0024336.jpg,BKL,BKL,4,4,0.9172894358634949,True
ISIC_0029302,,data/processed/ham10000/images/HAM10000_images_part_1/ISIC_0029302.jpg,BKL,BKL,4,4,0.9995261430740356,True
ISIC_0031287,,data/processed/ham10000/images/HAM10000_images_part_2/ISIC_0031287.jpg,BKL,BKL,4,4,0.9879948496818542,True
ISIC_0028943,,data/processed/ham10000/images/HAM10000_images_part_1/ISIC_0028943.jpg,BKL,BKL,4,4,0.9394170045852661,True
ISIC_0024871,,data/processed/ham10000/images/HAM10000_images_part_1/ISIC_0024871.jpg,BKL,BKL,4,4,0.9846979975700378,True
ISIC_0028830,,data/processed/ham10000/images/HAM10000_images_part_1/ISIC_0028830.jpg,BKL,BKL,4,4,0.9997157454490662,True
ISIC_0027509,,data/processed/ham10000/images/HAM10000_images_part_1/ISIC_0027509.jpg,BKL,BKL,4,4,0.9998679161071777,True
ISIC_0026871,,data/processed/ham10000/images/HAM10000_images_part_1/ISIC_0026871.jpg,BKL,AKIEC,4,3,0.5786285996437073,False
ISIC_0027859,,data/processed/ham10000/images/HAM10000_images_part_1/ISIC_0027859.jpg,BKL,AKIEC,4,3,0.9712395071983337,False
ISIC_0026663,,data/processed/ham10000/images/HAM10000_images_part_1/ISIC_0026663.jpg,BKL,BKL,4,4,0.9490251541137695,True
ISIC_0029115,,data/processed/ham10000/images/HAM10000_images_part_1/ISIC_0029115.jpg,BKL,BCC,4,2,0.9651060104370117,False
ISIC_0031831,,data/processed/ham10000/images/HAM10000_images_part_2/ISIC_0031831.jpg,BKL,BKL,4,4,0.9970018267631531,True
ISIC_0031000,,data/processed/ham10000/images/HAM10000_images_part_2/ISIC_0031000.jpg,BKL,BKL,4,4,0.6437464356422424,True
ISIC_0027392,,data/processed/ham10000/images/HAM10000_images_part_1/ISIC_0027392.jpg,BKL,BKL,4,4,0.9992743134498596,True
ISIC_0025038,,data/processed/ham10000/images/HAM10000_images_part_1/ISIC_0025038.jpg,BKL,BKL,4,4,0.8915420174598694,True
ISIC_0029927,,data/processed/ham10000/images/HAM10000_images_part_2/ISIC_0029927.jpg,BKL,BKL,4,4,0.8620672821998596,True
ISIC_0026567,,data/processed/ham10000/images/HAM10000_images_part_1/ISIC_0026567.jpg,BKL,BKL,4,4,0.9953265190124512,True
ISIC_0032395,,data/processed/ham10000/images/HAM10000_images_part_2/ISIC_0032395.jpg,BKL,BKL,4,4,0.9335780739784241,True
ISIC_0032031,,data/processed/ham10000/images/HAM10000_images_part_2/ISIC_0032031.jpg,BKL,BKL,4,4,0.8468076586723328,True
ISIC_0028622,,data/processed/ham10000/images/HAM10000_images_part_1/ISIC_0028622.jpg,BKL,MEL,4,0,0.7232896089553833,False
ISIC_0031872,,data/processed/ham10000/images/HAM10000_images_part_2/ISIC_0031872.jpg,BKL,MEL,4,0,0.39087769389152527,False
ISIC_0024705,,data/processed/ham10000/images/HAM10000_images_part_1/ISIC_0024705.jpg,BKL,BKL,4,4,0.9999982118606567,True
ISIC_0026803,,data/processed/ham10000/images/HAM10000_images_part_1/ISIC_0026803.jpg,BKL,BKL,4,4,0.9999814033508301,True
ISIC_0031528,,data/processed/ham10000/images/HAM10000_images_part_2/ISIC_0031528.jpg,BKL,BKL,4,4,0.7136672139167786,True
ISIC_0028615,,data/processed/ham10000/images/HAM10000_images_part_1/ISIC_0028615.jpg,BKL,NV,4,1,0.5416389107704163,False
ISIC_0028490,,data/processed/ham10000/images/HAM10000_images_part_1/ISIC_0028490.jpg,BKL,AKIEC,4,3,0.9717278480529785,False
ISIC_0027820,,data/processed/ham10000/images/HAM10000_images_part_1/ISIC_0027820.jpg,BKL,BKL,4,4,0.7961434125900269,True
ISIC_0024770,,data/processed/ham10000/images/HAM10000_images_part_1/ISIC_0024770.jpg,BKL,BKL,4,4,0.996537446975708,True
ISIC_0034197,,data/processed/ham10000/images/HAM10000_images_part_2/ISIC_0034197.jpg,BKL,AKIEC,4,3,0.9942104816436768,False
ISIC_0034057,,data/processed/ham10000/images/HAM10000_images_part_2/ISIC_0034057.jpg,BKL,AKIEC,4,3,0.9960834980010986,False
ISIC_0032636,,data/processed/ham10000/images/HAM10000_images_part_2/ISIC_0032636.jpg,BKL,MEL,4,0,0.4724399447441101,False
ISIC_0033270,,data/processed/ham10000/images/HAM10000_images_part_2/ISIC_0033270.jpg,BKL,MEL,4,0,0.9617136716842651,False
ISIC_0033246,,data/processed/ham10000/images/HAM10000_images_part_2/ISIC_0033246.jpg,BKL,BKL,4,4,0.9627379179000854,True
ISIC_0032843,,data/processed/ham10000/images/HAM10000_images_part_2/ISIC_0032843.jpg,BKL,BKL,4,4,0.9890425801277161,True
ISIC_0034296,,data/processed/ham10000/images/HAM10000_images_part_2/ISIC_0034296.jpg,BKL,BKL,4,4,0.9972545504570007,True
ISIC_0032763,,data/processed/ham10000/images/HAM10000_images_part_2/ISIC_0032763.jpg,BKL,BKL,4,4,0.7252710461616516,True
ISIC_0034291,,data/processed/ham10000/images/HAM10000_images_part_2/ISIC_0034291.jpg,BKL,BKL,4,4,0.9958803653717041,True
ISIC_0032773,,data/processed/ham10000/images/HAM10000_images_part_2/ISIC_0032773.jpg,BKL,BKL,4,4,0.9545687437057495,True
ISIC_0033156,,data/processed/ham10000/images/HAM10000_images_part_2/ISIC_0033156.jpg,BKL,MEL,4,0,0.8405529260635376,False
ISIC_0034151,,data/processed/ham10000/images/HAM10000_images_part_2/ISIC_0034151.jpg,BKL,BKL,4,4,0.9999865293502808,True
ISIC_0033685,,data/processed/ham10000/images/HAM10000_images_part_2/ISIC_0033685.jpg,BKL,BKL,4,4,0.9641258120536804,True
ISIC_0029113,,data/processed/ham10000/images/HAM10000_images_part_1/ISIC_0029113.jpg,BKL,BKL,4,4,0.9843056201934814,True
ISIC_0032330,,data/processed/ham10000/images/HAM10000_images_part_2/ISIC_0032330.jpg,BKL,BKL,4,4,0.9989694356918335,True
ISIC_0032271,,data/processed/ham10000/images/HAM10000_images_part_2/ISIC_0032271.jpg,BKL,BKL,4,4,0.816068172454834,True
ISIC_0031619,,data/processed/ham10000/images/HAM10000_images_part_2/ISIC_0031619.jpg,BKL,BKL,4,4,0.9935199618339539,True
ISIC_0024337,,data/processed/ham10000/images/HAM10000_images_part_1/ISIC_0024337.jpg,BKL,BKL,4,4,0.9983305335044861,True
ISIC_0029801,,data/processed/ham10000/images/HAM10000_images_part_2/ISIC_0029801.jpg,BKL,BKL,4,4,0.9999963045120239,True
ISIC_0027875,,data/processed/ham10000/images/HAM10000_images_part_1/ISIC_0027875.jpg,BKL,MEL,4,0,0.7469017505645752,False
ISIC_0026291,,data/processed/ham10000/images/HAM10000_images_part_1/ISIC_0026291.jpg,BKL,BKL,4,4,0.9778411984443665,True
ISIC_0026422,,data/processed/ham10000/images/HAM10000_images_part_1/ISIC_0026422.jpg,BKL,BKL,4,4,0.999502420425415,True
ISIC_0026867,,data/processed/ham10000/images/HAM10000_images_part_1/ISIC_0026867.jpg,BKL,NV,4,1,0.587265133857727,False
ISIC_0028448,,data/processed/ham10000/images/HAM10000_images_part_1/ISIC_0028448.jpg,BKL,BKL,4,4,0.9939553141593933,True
ISIC_0031226,,data/processed/ham10000/images/HAM10000_images_part_2/ISIC_0031226.jpg,BKL,BKL,4,4,0.9932357668876648,True
ISIC_0027954,,data/processed/ham10000/images/HAM10000_images_part_1/ISIC_0027954.jpg,BKL,BKL,4,4,0.5609551668167114,True
ISIC_0030160,,data/processed/ham10000/images/HAM10000_images_part_2/ISIC_0030160.jpg,BKL,DF,4,5,0.516831636428833,False
ISIC_0028331,,data/processed/ham10000/images/HAM10000_images_part_1/ISIC_0028331.jpg,BKL,AKIEC,4,3,0.5414572954177856,False
ISIC_0028386,,data/processed/ham10000/images/HAM10000_images_part_1/ISIC_0028386.jpg,BKL,BKL,4,4,0.7135745882987976,True
ISIC_0031558,,data/processed/ham10000/images/HAM10000_images_part_2/ISIC_0031558.jpg,BKL,NV,4,1,0.9601768255233765,False
ISIC_0025804,,data/processed/ham10000/images/HAM10000_images_part_1/ISIC_0025804.jpg,BKL,NV,4,1,0.9899829626083374,False
ISIC_0031125,,data/processed/ham10000/images/HAM10000_images_part_2/ISIC_0031125.jpg,BKL,BKL,4,4,0.8899470567703247,True
ISIC_0025454,,data/processed/ham10000/images/HAM10000_images_part_1/ISIC_0025454.jpg,BKL,NV,4,1,0.47240740060806274,False
ISIC_0027332,,data/processed/ham10000/images/HAM10000_images_part_1/ISIC_0027332.jpg,BKL,NV,4,1,0.9898554086685181,False
ISIC_0029741,,data/processed/ham10000/images/HAM10000_images_part_2/ISIC_0029741.jpg,BKL,BKL,4,4,0.9843959808349609,True
ISIC_0026556,,data/processed/ham10000/images/HAM10000_images_part_1/ISIC_0026556.jpg,BKL,BKL,4,4,0.7691372036933899,True
ISIC_0031362,,data/processed/ham10000/images/HAM10000_images_part_2/ISIC_0031362.jpg,BKL,BKL,4,4,0.9999040365219116,True
ISIC_0026941,,data/processed/ham10000/images/HAM10000_images_part_1/ISIC_0026941.jpg,BKL,BKL,4,4,0.9624795317649841,True
ISIC_0025387,,data/processed/ham10000/images/HAM10000_images_part_1/ISIC_0025387.jpg,BKL,BKL,4,4,0.999537467956543,True
ISIC_0029880,,data/processed/ham10000/images/HAM10000_images_part_2/ISIC_0029880.jpg,BKL,BKL,4,4,0.9999916553497314,True
ISIC_0025484,,data/processed/ham10000/images/HAM10000_images_part_1/ISIC_0025484.jpg,BKL,BKL,4,4,0.9588146209716797,True
ISIC_0028797,,data/processed/ham10000/images/HAM10000_images_part_1/ISIC_0028797.jpg,BKL,NV,4,1,0.8401918411254883,False
ISIC_0029760,,data/processed/ham10000/images/HAM10000_images_part_2/ISIC_0029760.jpg,DF,DF,5,5,0.9842061996459961,True
ISIC_0030555,,data/processed/ham10000/images/HAM10000_images_part_2/ISIC_0030555.jpg,DF,DF,5,5,0.9250584840774536,True
ISIC_0030244,,data/processed/ham10000/images/HAM10000_images_part_2/ISIC_0030244.jpg,DF,BCC,5,2,0.9083435535430908,False
ISIC_0031827,,data/processed/ham10000/images/HAM10000_images_part_2/ISIC_0031827.jpg,DF,DF,5,5,0.9328578114509583,True
ISIC_0030579,,data/processed/ham10000/images/HAM10000_images_part_2/ISIC_0030579.jpg,DF,DF,5,5,0.9958093166351318,True
ISIC_0029248,,data/processed/ham10000/images/HAM10000_images_part_1/ISIC_0029248.jpg,DF,NV,5,1,0.36223694682121277,False
ISIC_0030442,,data/processed/ham10000/images/HAM10000_images_part_2/ISIC_0030442.jpg,DF,MEL,5,0,0.4621904194355011,False
ISIC_0029967,,data/processed/ham10000/images/HAM10000_images_part_2/ISIC_0029967.jpg,DF,MEL,5,0,0.3706986606121063,False
ISIC_0027876,,data/processed/ham10000/images/HAM10000_images_part_1/ISIC_0027876.jpg,DF,DF,5,5,0.703721284866333,True
ISIC_0025954,,data/processed/ham10000/images/HAM10000_images_part_1/ISIC_0025954.jpg,DF,MEL,5,0,0.6320900321006775,False
ISIC_0029783,,data/processed/ham10000/images/HAM10000_images_part_2/ISIC_0029783.jpg,DF,BCC,5,2,0.7051656246185303,False
ISIC_0030011,,data/processed/ham10000/images/HAM10000_images_part_2/ISIC_0030011.jpg,DF,AKIEC,5,3,0.9643096923828125,False
ISIC_0030427,,data/processed/ham10000/images/HAM10000_images_part_2/ISIC_0030427.jpg,DF,DF,5,5,0.990256130695343,True
ISIC_0027626,,data/processed/ham10000/images/HAM10000_images_part_1/ISIC_0027626.jpg,DF,MEL,5,0,0.617804229259491,False
ISIC_0024973,,data/processed/ham10000/images/HAM10000_images_part_1/ISIC_0024973.jpg,DF,BCC,5,2,0.5220901370048523,False
ISIC_0029891,,data/processed/ham10000/images/HAM10000_images_part_2/ISIC_0029891.jpg,DF,BCC,5,2,0.9130462408065796,False
ISIC_0031372,,data/processed/ham10000/images/HAM10000_images_part_2/ISIC_0031372.jpg,DF,DF,5,5,0.7569673657417297,True
ISIC_0026313,,data/processed/ham10000/images/HAM10000_images_part_1/ISIC_0026313.jpg,DF,DF,5,5,0.5042816996574402,True
ISIC_0031123,,data/processed/ham10000/images/HAM10000_images_part_2/ISIC_0031123.jpg,DF,NV,5,1,0.5948219299316406,False
ISIC_0024845,,data/processed/ham10000/images/HAM10000_images_part_1/ISIC_0024845.jpg,DF,DF,5,5,0.9946689009666443,True
ISIC_0034135,,data/processed/ham10000/images/HAM10000_images_part_2/ISIC_0034135.jpg,DF,DF,5,5,0.8677156567573547,True
ISIC_0033626,,data/processed/ham10000/images/HAM10000_images_part_2/ISIC_0033626.jpg,DF,DF,5,5,0.986522376537323,True
ISIC_0033780,,data/processed/ham10000/images/HAM10000_images_part_2/ISIC_0033780.jpg,DF,DF,5,5,0.9998217225074768,True
ISIC_0033808,,data/processed/ham10000/images/HAM10000_images_part_2/ISIC_0033808.jpg,DF,DF,5,5,0.9948145747184753,True
ISIC_0033847,,data/processed/ham10000/images/HAM10000_images_part_2/ISIC_0033847.jpg,DF,DF,5,5,0.9995958209037781,True
ISIC_0033860,,data/processed/ham10000/images/HAM10000_images_part_2/ISIC_0033860.jpg,DF,NV,5,1,0.5663236379623413,False
ISIC_0024994,,data/processed/ham10000/images/HAM10000_images_part_1/ISIC_0024994.jpg,DF,DF,5,5,0.9997017979621887,True
ISIC_0031271,,data/processed/ham10000/images/HAM10000_images_part_2/ISIC_0031271.jpg,DF,DF,5,5,0.9992737174034119,True
ISIC_0029973,,data/processed/ham10000/images/HAM10000_images_part_2/ISIC_0029973.jpg,DF,DF,5,5,0.9705523252487183,True
ISIC_0026120,,data/processed/ham10000/images/HAM10000_images_part_1/ISIC_0026120.jpg,MEL,MEL,0,0,0.9999841451644897,True
ISIC_0028412,,data/processed/ham10000/images/HAM10000_images_part_1/ISIC_0028412.jpg,MEL,MEL,0,0,0.9997368454933167,True
ISIC_0030443,,data/processed/ham10000/images/HAM10000_images_part_2/ISIC_0030443.jpg,MEL,BKL,0,4,0.921264111995697,False
ISIC_0031499,,data/processed/ham10000/images/HAM10000_images_part_2/ISIC_0031499.jpg,MEL,MEL,0,0,0.860825777053833,True
ISIC_0025450,,data/processed/ham10000/images/HAM10000_images_part_1/ISIC_0025450.jpg,MEL,NV,0,1,0.9976750016212463,False
ISIC_0024586,,data/processed/ham10000/images/HAM10000_images_part_1/ISIC_0024586.jpg,MEL,NV,0,1,0.9170777201652527,False
ISIC_0029028,,data/processed/ham10000/images/HAM10000_images_part_1/ISIC_0029028.jpg,MEL,MEL,0,0,0.6794214248657227,True
ISIC_0027125,,data/processed/ham10000/images/HAM10000_images_part_1/ISIC_0027125.jpg,MEL,NV,0,1,0.6007222533226013,False
ISIC_0029575,,data/processed/ham10000/images/HAM10000_images_part_2/ISIC_0029575.jpg,MEL,MEL,0,0,0.9997202754020691,True
ISIC_0028361,,data/processed/ham10000/images/HAM10000_images_part_1/ISIC_0028361.jpg,MEL,MEL,0,0,0.9994352459907532,True
ISIC_0029081,,data/processed/ham10000/images/HAM10000_images_part_1/ISIC_0029081.jpg,MEL,MEL,0,0,0.7666970491409302,True
ISIC_0025744,,data/processed/ham10000/images/HAM10000_images_part_1/ISIC_0025744.jpg,MEL,MEL,0,0,0.9846855401992798,True
ISIC_0032214,,data/processed/ham10000/images/HAM10000_images_part_2/ISIC_0032214.jpg,MEL,NV,0,1,0.41129207611083984,False
ISIC_0029281,,data/processed/ham10000/images/HAM10000_images_part_1/ISIC_0029281.jpg,MEL,MEL,0,0,0.9276936650276184,True
ISIC_0024367,,data/processed/ham10000/images/HAM10000_images_part_1/ISIC_0024367.jpg,MEL,MEL,0,0,0.9644842147827148,True
ISIC_0027277,,data/processed/ham10000/images/HAM10000_images_part_1/ISIC_0027277.jpg,MEL,MEL,0,0,0.9986652135848999,True
ISIC_0028642,,data/processed/ham10000/images/HAM10000_images_part_1/ISIC_0028642.jpg,MEL,MEL,0,0,0.9964141249656677,True
ISIC_0027043,,data/processed/ham10000/images/HAM10000_images_part_1/ISIC_0027043.jpg,MEL,MEL,0,0,0.8568251729011536,True
ISIC_0027174,,data/processed/ham10000/images/HAM10000_images_part_1/ISIC_0027174.jpg,MEL,MEL,0,0,0.5420734286308289,True
ISIC_0027063,,data/processed/ham10000/images/HAM10000_images_part_1/ISIC_0027063.jpg,MEL,MEL,0,0,0.9690861105918884,True
ISIC_0032331,,data/processed/ham10000/images/HAM10000_images_part_2/ISIC_0032331.jpg,MEL,MEL,0,0,0.8884590268135071,True
ISIC_0032313,,data/processed/ham10000/images/HAM10000_images_part_2/ISIC_0032313.jpg,MEL,BKL,0,4,0.2995973825454712,False
ISIC_0027769,,data/processed/ham10000/images/HAM10000_images_part_1/ISIC_0027769.jpg,MEL,MEL,0,0,0.6288262605667114,True
ISIC_0032019,,data/processed/ham10000/images/HAM10000_images_part_2/ISIC_0032019.jpg,MEL,MEL,0,0,0.9701018929481506,True
ISIC_0028901,,data/processed/ham10000/images/HAM10000_images_part_1/ISIC_0028901.jpg,MEL,NV,0,1,0.8879128098487854,False
ISIC_0032098,,data/processed/ham10000/images/HAM10000_images_part_2/ISIC_0032098.jpg,MEL,MEL,0,0,0.9792904853820801,True
ISIC_0025603,,data/processed/ham10000/images/HAM10000_images_part_1/ISIC_0025603.jpg,MEL,MEL,0,0,0.9587895274162292,True
ISIC_0026360,,data/processed/ham10000/images/HAM10000_images_part_1/ISIC_0026360.jpg,MEL,MEL,0,0,0.9927878975868225,True
ISIC_0025996,,data/processed/ham10000/images/HAM10000_images_part_1/ISIC_0025996.jpg,MEL,MEL,0,0,0.9991490840911865,True
ISIC_0028442,,data/processed/ham10000/images/HAM10000_images_part_1/ISIC_0028442.jpg,MEL,MEL,0,0,0.77479088306427,True
ISIC_0025363,,data/processed/ham10000/images/HAM10000_images_part_1/ISIC_0025363.jpg,MEL,MEL,0,0,0.9965816140174866,True
ISIC_0029473,,data/processed/ham10000/images/HAM10000_images_part_2/ISIC_0029473.jpg,MEL,MEL,0,0,0.985136866569519,True
ISIC_0025783,,data/processed/ham10000/images/HAM10000_images_part_1/ISIC_0025783.jpg,MEL,NV,0,1,0.9927427768707275,False
ISIC_0029242,,data/processed/ham10000/images/HAM10000_images_part_1/ISIC_0029242.jpg,MEL,MEL,0,0,0.9955691695213318,True
ISIC_0027263,,data/processed/ham10000/images/HAM10000_images_part_1/ISIC_0027263.jpg,MEL,MEL,0,0,0.9537507891654968,True
ISIC_0027387,,data/processed/ham10000/images/HAM10000_images_part_1/ISIC_0027387.jpg,MEL,MEL,0,0,0.8829680681228638,True
ISIC_0024911,,data/processed/ham10000/images/HAM10000_images_part_1/ISIC_0024911.jpg,MEL,NV,0,1,0.7856305837631226,False
ISIC_0029726,,data/processed/ham10000/images/HAM10000_images_part_2/ISIC_0029726.jpg,MEL,AKIEC,0,3,0.9890164136886597,False
ISIC_0028916,,data/processed/ham10000/images/HAM10000_images_part_1/ISIC_0028916.jpg,MEL,MEL,0,0,0.9635085463523865,True
ISIC_0030824,,data/processed/ham10000/images/HAM10000_images_part_2/ISIC_0030824.jpg,MEL,MEL,0,0,0.996853768825531,True
ISIC_0032408,,data/processed/ham10000/images/HAM10000_images_part_2/ISIC_0032408.jpg,MEL,MEL,0,0,0.999554455280304,True
ISIC_0030324,,data/processed/ham10000/images/HAM10000_images_part_2/ISIC_0030324.jpg,MEL,MEL,0,0,0.7920188307762146,True
ISIC_0027260,,data/processed/ham10000/images/HAM10000_images_part_1/ISIC_0027260.jpg,MEL,MEL,0,0,0.9732173681259155,True
ISIC_0027604,,data/processed/ham10000/images/HAM10000_images_part_1/ISIC_0027604.jpg,MEL,MEL,0,0,0.9848365187644958,True
ISIC_0029434,,data/processed/ham10000/images/HAM10000_images_part_2/ISIC_0029434.jpg,MEL,MEL,0,0,0.9967892169952393,True
ISIC_0026963,,data/processed/ham10000/images/HAM10000_images_part_1/ISIC_0026963.jpg,MEL,MEL,0,0,0.5314924716949463,True
ISIC_0028211,,data/processed/ham10000/images/HAM10000_images_part_1/ISIC_0028211.jpg,MEL,BKL,0,4,0.9372588396072388,False
ISIC_0027776,,data/processed/ham10000/images/HAM10000_images_part_1/ISIC_0027776.jpg,MEL,MEL,0,0,0.5142848491668701,True
ISIC_0033268,,data/processed/ham10000/images/HAM10000_images_part_2/ISIC_0033268.jpg,MEL,MEL,0,0,0.815120279788971,True
ISIC_0032750,,data/processed/ham10000/images/HAM10000_images_part_2/ISIC_0032750.jpg,MEL,MEL,0,0,0.9158399105072021,True
ISIC_0034046,,data/processed/ham10000/images/HAM10000_images_part_2/ISIC_0034046.jpg,MEL,MEL,0,0,0.946045458316803,True
ISIC_0032550,,data/processed/ham10000/images/HAM10000_images_part_2/ISIC_0032550.jpg,MEL,MEL,0,0,0.9775705337524414,True
ISIC_0033700,,data/processed/ham10000/images/HAM10000_images_part_2/ISIC_0033700.jpg,MEL,MEL,0,0,0.6305937170982361,True
ISIC_0028746,,data/processed/ham10000/images/HAM10000_images_part_1/ISIC_0028746.jpg,MEL,MEL,0,0,0.7265244722366333,True
ISIC_0033636,,data/processed/ham10000/images/HAM10000_images_part_2/ISIC_0033636.jpg,MEL,MEL,0,0,0.8548926115036011,True
ISIC_0029909,,data/processed/ham10000/images/HAM10000_images_part_2/ISIC_0029909.jpg,MEL,AKIEC,0,3,0.9998397827148438,False
ISIC_0033027,,data/processed/ham10000/images/HAM10000_images_part_2/ISIC_0033027.jpg,MEL,NV,0,1,0.9153857827186584,False
ISIC_0034118,,data/processed/ham10000/images/HAM10000_images_part_2/ISIC_0034118.jpg,MEL,MEL,0,0,0.9871310591697693,True
ISIC_0033476,,data/processed/ham10000/images/HAM10000_images_part_2/ISIC_0033476.jpg,MEL,MEL,0,0,0.9411041140556335,True
ISIC_0033047,,data/processed/ham10000/images/HAM10000_images_part_2/ISIC_0033047.jpg,MEL,MEL,0,0,0.935285747051239,True
ISIC_0025987,,data/processed/ham10000/images/HAM10000_images_part_1/ISIC_0025987.jpg,MEL,MEL,0,0,0.9562791585922241,True
ISIC_0033034,,data/processed/ham10000/images/HAM10000_images_part_2/ISIC_0033034.jpg,MEL,MEL,0,0,0.9667233228683472,True
ISIC_0034294,,data/processed/ham10000/images/HAM10000_images_part_2/ISIC_0034294.jpg,MEL,MEL,0,0,0.991710901260376,True
ISIC_0034202,,data/processed/ham10000/images/HAM10000_images_part_2/ISIC_0034202.jpg,MEL,MEL,0,0,0.9968205690383911,True
ISIC_0033074,,data/processed/ham10000/images/HAM10000_images_part_2/ISIC_0033074.jpg,MEL,NV,0,1,0.9645063877105713,False
ISIC_0034087,,data/processed/ham10000/images/HAM10000_images_part_2/ISIC_0034087.jpg,MEL,NV,0,1,0.9848374724388123,False
ISIC_0032722,,data/processed/ham10000/images/HAM10000_images_part_2/ISIC_0032722.jpg,MEL,NV,0,1,0.984826922416687,False
ISIC_0033947,,data/processed/ham10000/images/HAM10000_images_part_2/ISIC_0033947.jpg,MEL,BKL,0,4,0.9204000234603882,False
ISIC_0033881,,data/processed/ham10000/images/HAM10000_images_part_2/ISIC_0033881.jpg,MEL,BKL,0,4,0.9729785919189453,False
ISIC_0033154,,data/processed/ham10000/images/HAM10000_images_part_2/ISIC_0033154.jpg,MEL,MEL,0,0,0.9495099186897278,True
ISIC_0033192,,data/processed/ham10000/images/HAM10000_images_part_2/ISIC_0033192.jpg,MEL,MEL,0,0,0.9434338212013245,True
ISIC_0034222,,data/processed/ham10000/images/HAM10000_images_part_2/ISIC_0034222.jpg,MEL,NV,0,1,0.8839198350906372,False
ISIC_0032569,,data/processed/ham10000/images/HAM10000_images_part_2/ISIC_0032569.jpg,MEL,BKL,0,4,0.6602478623390198,False
ISIC_0034064,,data/processed/ham10000/images/HAM10000_images_part_2/ISIC_0034064.jpg,MEL,NV,0,1,0.9145494699478149,False
ISIC_0033337,,data/processed/ham10000/images/HAM10000_images_part_2/ISIC_0033337.jpg,MEL,NV,0,1,0.4605739414691925,False
ISIC_0033594,,data/processed/ham10000/images/HAM10000_images_part_2/ISIC_0033594.jpg,MEL,NV,0,1,0.47649192810058594,False
ISIC_0033819,,data/processed/ham10000/images/HAM10000_images_part_2/ISIC_0033819.jpg,MEL,MEL,0,0,0.9950149655342102,True
ISIC_0032544,,data/processed/ham10000/images/HAM10000_images_part_2/ISIC_0032544.jpg,MEL,MEL,0,0,0.9995802044868469,True
ISIC_0032844,,data/processed/ham10000/images/HAM10000_images_part_2/ISIC_0032844.jpg,MEL,MEL,0,0,0.9863104820251465,True
ISIC_0032940,,data/processed/ham10000/images/HAM10000_images_part_2/ISIC_0032940.jpg,MEL,MEL,0,0,0.9990720748901367,True
ISIC_0033299,,data/processed/ham10000/images/HAM10000_images_part_2/ISIC_0033299.jpg,MEL,MEL,0,0,0.9993975162506104,True
ISIC_0033479,,data/processed/ham10000/images/HAM10000_images_part_2/ISIC_0033479.jpg,MEL,MEL,0,0,0.9989174604415894,True
ISIC_0033522,,data/processed/ham10000/images/HAM10000_images_part_2/ISIC_0033522.jpg,MEL,MEL,0,0,0.9982561469078064,True
ISIC_0033911,,data/processed/ham10000/images/HAM10000_images_part_2/ISIC_0033911.jpg,MEL,MEL,0,0,0.9062185883522034,True
ISIC_0033779,,data/processed/ham10000/images/HAM10000_images_part_2/ISIC_0033779.jpg,MEL,MEL,0,0,0.9547907114028931,True
ISIC_0032638,,data/processed/ham10000/images/HAM10000_images_part_2/ISIC_0032638.jpg,MEL,MEL,0,0,0.9856535792350769,True
ISIC_0032603,,data/processed/ham10000/images/HAM10000_images_part_2/ISIC_0032603.jpg,MEL,NV,0,1,0.9455673098564148,False
ISIC_0033871,,data/processed/ham10000/images/HAM10000_images_part_2/ISIC_0033871.jpg,MEL,MEL,0,0,0.5686143636703491,True
ISIC_0032955,,data/processed/ham10000/images/HAM10000_images_part_2/ISIC_0032955.jpg,MEL,NV,0,1,0.6240310668945312,False
ISIC_0034132,,data/processed/ham10000/images/HAM10000_images_part_2/ISIC_0034132.jpg,MEL,MEL,0,0,0.9866684675216675,True
ISIC_0033038,,data/processed/ham10000/images/HAM10000_images_part_2/ISIC_0033038.jpg,MEL,MEL,0,0,0.9812719225883484,True
ISIC_0033630,,data/processed/ham10000/images/HAM10000_images_part_2/ISIC_0033630.jpg,MEL,AKIEC,0,3,0.6227785348892212,False
ISIC_0032879,,data/processed/ham10000/images/HAM10000_images_part_2/ISIC_0032879.jpg,MEL,AKIEC,0,3,0.7393292188644409,False
ISIC_0033470,,data/processed/ham10000/images/HAM10000_images_part_2/ISIC_0033470.jpg,MEL,MEL,0,0,0.9994516968727112,True
ISIC_0034094,,data/processed/ham10000/images/HAM10000_images_part_2/ISIC_0034094.jpg,MEL,MEL,0,0,0.9952772855758667,True
ISIC_0033560,,data/processed/ham10000/images/HAM10000_images_part_2/ISIC_0033560.jpg,MEL,MEL,0,0,0.9989885687828064,True
ISIC_0033624,,data/processed/ham10000/images/HAM10000_images_part_2/ISIC_0033624.jpg,MEL,BKL,0,4,0.5914247035980225,False
ISIC_0033238,,data/processed/ham10000/images/HAM10000_images_part_2/ISIC_0033238.jpg,MEL,MEL,0,0,0.9612323045730591,True
ISIC_0034089,,data/processed/ham10000/images/HAM10000_images_part_2/ISIC_0034089.jpg,MEL,MEL,0,0,0.8427066802978516,True
ISIC_0033569,,data/processed/ham10000/images/HAM10000_images_part_2/ISIC_0033569.jpg,MEL,MEL,0,0,0.9997972846031189,True
ISIC_0032535,,data/processed/ham10000/images/HAM10000_images_part_2/ISIC_0032535.jpg,MEL,MEL,0,0,0.9957256317138672,True
ISIC_0032081,,data/processed/ham10000/images/HAM10000_images_part_2/ISIC_0032081.jpg,MEL,AKIEC,0,3,0.9322630167007446,False
ISIC_0034034,,data/processed/ham10000/images/HAM10000_images_part_2/ISIC_0034034.jpg,MEL,BKL,0,4,0.6255142092704773,False
ISIC_0033217,,data/processed/ham10000/images/HAM10000_images_part_2/ISIC_0033217.jpg,MEL,BKL,0,4,0.695984423160553,False
ISIC_0032797,,data/processed/ham10000/images/HAM10000_images_part_2/ISIC_0032797.jpg,MEL,MEL,0,0,0.9740211367607117,True
ISIC_0032596,,data/processed/ham10000/images/HAM10000_images_part_2/ISIC_0032596.jpg,MEL,MEL,0,0,0.9989879727363586,True
ISIC_0032856,,data/processed/ham10000/images/HAM10000_images_part_2/ISIC_0032856.jpg,MEL,MEL,0,0,0.995717465877533,True
ISIC_0033193,,data/processed/ham10000/images/HAM10000_images_part_2/ISIC_0033193.jpg,MEL,MEL,0,0,0.996234118938446,True
ISIC_0033125,,data/processed/ham10000/images/HAM10000_images_part_2/ISIC_0033125.jpg,MEL,MEL,0,0,0.9939854741096497,True
ISIC_0032810,,data/processed/ham10000/images/HAM10000_images_part_2/ISIC_0032810.jpg,MEL,MEL,0,0,0.987200140953064,True
ISIC_0032684,,data/processed/ham10000/images/HAM10000_images_part_2/ISIC_0032684.jpg,MEL,MEL,0,0,0.9970729351043701,True
ISIC_0034052,,data/processed/ham10000/images/HAM10000_images_part_2/ISIC_0034052.jpg,MEL,MEL,0,0,0.9895837903022766,True
ISIC_0033171,,data/processed/ham10000/images/HAM10000_images_part_2/ISIC_0033171.jpg,MEL,MEL,0,0,0.883184552192688,True
ISIC_0034022,,data/processed/ham10000/images/HAM10000_images_part_2/ISIC_0034022.jpg,MEL,NV,0,1,0.7731124758720398,False
ISIC_0033017,,data/processed/ham10000/images/HAM10000_images_part_2/ISIC_0033017.jpg,MEL,MEL,0,0,0.8146972060203552,True
ISIC_0033874,,data/processed/ham10000/images/HAM10000_images_part_2/ISIC_0033874.jpg,MEL,NV,0,1,0.9143999218940735,False
ISIC_0032869,,data/processed/ham10000/images/HAM10000_images_part_2/ISIC_0032869.jpg,MEL,AKIEC,0,3,0.9327235817909241,False
ISIC_0033524,,data/processed/ham10000/images/HAM10000_images_part_2/ISIC_0033524.jpg,MEL,MEL,0,0,0.6458008289337158,True
ISIC_0034101,,data/processed/ham10000/images/HAM10000_images_part_2/ISIC_0034101.jpg,MEL,MEL,0,0,0.9996259212493896,True
ISIC_0030333,,data/processed/ham10000/images/HAM10000_images_part_2/ISIC_0030333.jpg,MEL,MEL,0,0,0.9339070320129395,True
ISIC_0032695,,data/processed/ham10000/images/HAM10000_images_part_2/ISIC_0032695.jpg,MEL,MEL,0,0,0.9972712397575378,True
ISIC_0027402,,data/processed/ham10000/images/HAM10000_images_part_1/ISIC_0027402.jpg,MEL,NV,0,1,0.843812108039856,False
ISIC_0032845,,data/processed/ham10000/images/HAM10000_images_part_2/ISIC_0032845.jpg,MEL,MEL,0,0,0.5821542143821716,True
ISIC_0034049,,data/processed/ham10000/images/HAM10000_images_part_2/ISIC_0034049.jpg,MEL,MEL,0,0,0.9920979738235474,True
ISIC_0032723,,data/processed/ham10000/images/HAM10000_images_part_2/ISIC_0032723.jpg,MEL,MEL,0,0,0.9064046144485474,True
ISIC_0032751,,data/processed/ham10000/images/HAM10000_images_part_2/ISIC_0032751.jpg,MEL,MEL,0,0,0.89524245262146,True
ISIC_0032597,,data/processed/ham10000/images/HAM10000_images_part_2/ISIC_0032597.jpg,MEL,MEL,0,0,0.8086972236633301,True
ISIC_0032730,,data/processed/ham10000/images/HAM10000_images_part_2/ISIC_0032730.jpg,MEL,MEL,0,0,0.9888061285018921,True
ISIC_0032709,,data/processed/ham10000/images/HAM10000_images_part_2/ISIC_0032709.jpg,MEL,MEL,0,0,0.9692723155021667,True
ISIC_0033206,,data/processed/ham10000/images/HAM10000_images_part_2/ISIC_0033206.jpg,MEL,MEL,0,0,0.8076902031898499,True
ISIC_0033344,,data/processed/ham10000/images/HAM10000_images_part_2/ISIC_0033344.jpg,MEL,MEL,0,0,0.6583577394485474,True
ISIC_0032988,,data/processed/ham10000/images/HAM10000_images_part_2/ISIC_0032988.jpg,MEL,MEL,0,0,0.989972710609436,True
ISIC_0033812,,data/processed/ham10000/images/HAM10000_images_part_2/ISIC_0033812.jpg,MEL,NV,0,1,0.708139955997467,False
ISIC_0033653,,data/processed/ham10000/images/HAM10000_images_part_2/ISIC_0033653.jpg,MEL,NV,0,1,0.5625365972518921,False
ISIC_0033559,,data/processed/ham10000/images/HAM10000_images_part_2/ISIC_0033559.jpg,MEL,BKL,0,4,0.6505635976791382,False
ISIC_0032922,,data/processed/ham10000/images/HAM10000_images_part_2/ISIC_0032922.jpg,MEL,MEL,0,0,0.8506659865379333,True
ISIC_0032672,,data/processed/ham10000/images/HAM10000_images_part_2/ISIC_0032672.jpg,MEL,MEL,0,0,0.9631479382514954,True
ISIC_0034076,,data/processed/ham10000/images/HAM10000_images_part_2/ISIC_0034076.jpg,MEL,MEL,0,0,0.9829854369163513,True
ISIC_0033520,,data/processed/ham10000/images/HAM10000_images_part_2/ISIC_0033520.jpg,MEL,MEL,0,0,0.7252975702285767,True
ISIC_0034028,,data/processed/ham10000/images/HAM10000_images_part_2/ISIC_0034028.jpg,MEL,MEL,0,0,0.7970572710037231,True
ISIC_0027149,,data/processed/ham10000/images/HAM10000_images_part_1/ISIC_0027149.jpg,MEL,MEL,0,0,0.9757328033447266,True
ISIC_0034317,,data/processed/ham10000/images/HAM10000_images_part_2/ISIC_0034317.jpg,MEL,NV,0,1,0.625679075717926,False
ISIC_0033662,,data/processed/ham10000/images/HAM10000_images_part_2/ISIC_0033662.jpg,MEL,NV,0,1,0.5188387036323547,False
ISIC_0033037,,data/processed/ham10000/images/HAM10000_images_part_2/ISIC_0033037.jpg,MEL,BKL,0,4,0.7946901917457581,False
ISIC_0033773,,data/processed/ham10000/images/HAM10000_images_part_2/ISIC_0033773.jpg,MEL,BKL,0,4,0.9841902852058411,False
ISIC_0033730,,data/processed/ham10000/images/HAM10000_images_part_2/ISIC_0033730.jpg,MEL,MEL,0,0,0.7861774563789368,True
ISIC_0032975,,data/processed/ham10000/images/HAM10000_images_part_2/ISIC_0032975.jpg,MEL,MEL,0,0,0.8887307643890381,True
ISIC_0030150,,data/processed/ham10000/images/HAM10000_images_part_2/ISIC_0030150.jpg,MEL,MEL,0,0,0.9897493720054626,True
ISIC_0033394,,data/processed/ham10000/images/HAM10000_images_part_2/ISIC_0033394.jpg,MEL,MEL,0,0,0.9992601275444031,True
ISIC_0034233,,data/processed/ham10000/images/HAM10000_images_part_2/ISIC_0034233.jpg,MEL,MEL,0,0,0.9963825941085815,True
ISIC_0031186,,data/processed/ham10000/images/HAM10000_images_part_2/ISIC_0031186.jpg,MEL,AKIEC,0,3,0.9975252747535706,False
ISIC_0033999,,data/processed/ham10000/images/HAM10000_images_part_2/ISIC_0033999.jpg,MEL,MEL,0,0,0.9999938011169434,True
ISIC_0033856,,data/processed/ham10000/images/HAM10000_images_part_2/ISIC_0033856.jpg,MEL,MEL,0,0,0.9999289512634277,True
ISIC_0029502,,data/processed/ham10000/images/HAM10000_images_part_2/ISIC_0029502.jpg,MEL,NV,0,1,0.9187789559364319,False
ISIC_0029092,,data/processed/ham10000/images/HAM10000_images_part_1/ISIC_0029092.jpg,MEL,NV,0,1,0.6891120672225952,False
ISIC_0025708,,data/processed/ham10000/images/HAM10000_images_part_1/ISIC_0025708.jpg,MEL,NV,0,1,0.6072613000869751,False
ISIC_0024806,,data/processed/ham10000/images/HAM10000_images_part_1/ISIC_0024806.jpg,MEL,MEL,0,0,0.6480463743209839,True
ISIC_0029819,,data/processed/ham10000/images/HAM10000_images_part_2/ISIC_0029819.jpg,MEL,NV,0,1,0.534632682800293,False
ISIC_0030034,,data/processed/ham10000/images/HAM10000_images_part_2/ISIC_0030034.jpg,MEL,NV,0,1,0.9498990774154663,False
ISIC_0025316,,data/processed/ham10000/images/HAM10000_images_part_1/ISIC_0025316.jpg,MEL,NV,0,1,0.7962023019790649,False
ISIC_0026954,,data/processed/ham10000/images/HAM10000_images_part_1/ISIC_0026954.jpg,MEL,NV,0,1,0.6000425219535828,False
ISIC_0028760,,data/processed/ham10000/images/HAM10000_images_part_1/ISIC_0028760.jpg,MEL,NV,0,1,0.9960971474647522,False
ISIC_0027407,,data/processed/ham10000/images/HAM10000_images_part_1/ISIC_0027407.jpg,MEL,MEL,0,0,0.8794440031051636,True
ISIC_0024700,,data/processed/ham10000/images/HAM10000_images_part_1/ISIC_0024700.jpg,MEL,MEL,0,0,0.5903742909431458,True
ISIC_0030192,,data/processed/ham10000/images/HAM10000_images_part_2/ISIC_0030192.jpg,MEL,NV,0,1,0.6276872158050537,False
ISIC_0028003,,data/processed/ham10000/images/HAM10000_images_part_1/ISIC_0028003.jpg,MEL,MEL,0,0,0.5245797038078308,True
ISIC_0031386,,data/processed/ham10000/images/HAM10000_images_part_2/ISIC_0031386.jpg,MEL,MEL,0,0,0.7470118403434753,True
ISIC_0027065,,data/processed/ham10000/images/HAM10000_images_part_1/ISIC_0027065.jpg,MEL,MEL,0,0,0.9933087825775146,True
ISIC_0030107,,data/processed/ham10000/images/HAM10000_images_part_2/ISIC_0030107.jpg,MEL,MEL,0,0,0.7124330997467041,True
ISIC_0025651,,data/processed/ham10000/images/HAM10000_images_part_1/ISIC_0025651.jpg,MEL,AKIEC,0,3,0.6320955753326416,False
ISIC_0030360,,data/processed/ham10000/images/HAM10000_images_part_2/ISIC_0030360.jpg,MEL,BKL,0,4,0.9917004704475403,False
ISIC_0027130,,data/processed/ham10000/images/HAM10000_images_part_1/ISIC_0027130.jpg,MEL,MEL,0,0,0.8966067433357239,True
ISIC_0028017,,data/processed/ham10000/images/HAM10000_images_part_1/ISIC_0028017.jpg,MEL,NV,0,1,0.7470209002494812,False
ISIC_0032420,,data/processed/ham10000/images/HAM10000_images_part_2/ISIC_0032420.jpg,MEL,BKL,0,4,0.6580392718315125,False
ISIC_0026811,,data/processed/ham10000/images/HAM10000_images_part_1/ISIC_0026811.jpg,MEL,MEL,0,0,0.8242273926734924,True
ISIC_0029839,,data/processed/ham10000/images/HAM10000_images_part_2/ISIC_0029839.jpg,MEL,MEL,0,0,0.8412131667137146,True
ISIC_0026604,,data/processed/ham10000/images/HAM10000_images_part_1/ISIC_0026604.jpg,MEL,AKIEC,0,3,0.9764519333839417,False
ISIC_0026877,,data/processed/ham10000/images/HAM10000_images_part_1/ISIC_0026877.jpg,MEL,MEL,0,0,0.8019155859947205,True
ISIC_0030784,,data/processed/ham10000/images/HAM10000_images_part_2/ISIC_0030784.jpg,MEL,BKL,0,4,0.9786084294319153,False
ISIC_0031146,,data/processed/ham10000/images/HAM10000_images_part_2/ISIC_0031146.jpg,MEL,NV,0,1,0.6091617941856384,False
ISIC_0029157,,data/processed/ham10000/images/HAM10000_images_part_1/ISIC_0029157.jpg,MEL,MEL,0,0,0.9993109703063965,True
ISIC_0024952,,data/processed/ham10000/images/HAM10000_images_part_1/ISIC_0024952.jpg,MEL,MEL,0,0,0.9753520488739014,True
ISIC_0030616,,data/processed/ham10000/images/HAM10000_images_part_2/ISIC_0030616.jpg,MEL,BKL,0,4,0.987781286239624,False
ISIC_0032192,,data/processed/ham10000/images/HAM10000_images_part_2/ISIC_0032192.jpg,MEL,BKL,0,4,0.9387652277946472,False
ISIC_0031670,,data/processed/ham10000/images/HAM10000_images_part_2/ISIC_0031670.jpg,MEL,MEL,0,0,0.8674724698066711,True
ISIC_0031339,,data/processed/ham10000/images/HAM10000_images_part_2/ISIC_0031339.jpg,MEL,MEL,0,0,0.956231951713562,True
ISIC_0027517,,data/processed/ham10000/images/HAM10000_images_part_1/ISIC_0027517.jpg,MEL,MEL,0,0,0.9593883752822876,True
ISIC_0032476,,data/processed/ham10000/images/HAM10000_images_part_2/ISIC_0032476.jpg,MEL,MEL,0,0,0.7971909642219543,True
ISIC_0029353,,data/processed/ham10000/images/HAM10000_images_part_2/ISIC_0029353.jpg,MEL,AKIEC,0,3,0.5613463521003723,False
ISIC_0026586,,data/processed/ham10000/images/HAM10000_images_part_1/ISIC_0026586.jpg,MEL,MEL,0,0,0.7686000466346741,True
ISIC_0025732,,data/processed/ham10000/images/HAM10000_images_part_1/ISIC_0025732.jpg,MEL,MEL,0,0,0.9930412769317627,True
ISIC_0030695,,data/processed/ham10000/images/HAM10000_images_part_2/ISIC_0030695.jpg,MEL,MEL,0,0,0.910147488117218,True
ISIC_0031203,,data/processed/ham10000/images/HAM10000_images_part_2/ISIC_0031203.jpg,MEL,MEL,0,0,0.9582275748252869,True
ISIC_0024679,,data/processed/ham10000/images/HAM10000_images_part_1/ISIC_0024679.jpg,MEL,BKL,0,4,0.8145414590835571,False
ISIC_0031401,,data/processed/ham10000/images/HAM10000_images_part_2/ISIC_0031401.jpg,MEL,MEL,0,0,0.8116333484649658,True
ISIC_0031350,,data/processed/ham10000/images/HAM10000_images_part_2/ISIC_0031350.jpg,MEL,MEL,0,0,0.7266151905059814,True
ISIC_0029574,,data/processed/ham10000/images/HAM10000_images_part_2/ISIC_0029574.jpg,MEL,MEL,0,0,0.9786204099655151,True
ISIC_0026738,,data/processed/ham10000/images/HAM10000_images_part_1/ISIC_0026738.jpg,MEL,MEL,0,0,0.9346768856048584,True
ISIC_0026131,,data/processed/ham10000/images/HAM10000_images_part_1/ISIC_0026131.jpg,MEL,MEL,0,0,0.9352190494537354,True
ISIC_0025663,,data/processed/ham10000/images/HAM10000_images_part_1/ISIC_0025663.jpg,MEL,MEL,0,0,0.9157353043556213,True
ISIC_0032149,,data/processed/ham10000/images/HAM10000_images_part_2/ISIC_0032149.jpg,MEL,MEL,0,0,0.9300255179405212,True
ISIC_0024733,,data/processed/ham10000/images/HAM10000_images_part_1/ISIC_0024733.jpg,MEL,AKIEC,0,3,0.7968363165855408,False
ISIC_0032433,,data/processed/ham10000/images/HAM10000_images_part_2/ISIC_0032433.jpg,MEL,NV,0,1,0.5080269575119019,False
ISIC_0027480,,data/processed/ham10000/images/HAM10000_images_part_1/ISIC_0027480.jpg,MEL,NV,0,1,0.5212044715881348,False
ISIC_0031931,,data/processed/ham10000/images/HAM10000_images_part_2/ISIC_0031931.jpg,MEL,AKIEC,0,3,0.7146406769752502,False
ISIC_0028033,,data/processed/ham10000/images/HAM10000_images_part_1/ISIC_0028033.jpg,MEL,MEL,0,0,0.8153051733970642,True
ISIC_0032204,,data/processed/ham10000/images/HAM10000_images_part_2/ISIC_0032204.jpg,MEL,BKL,0,4,0.5555402636528015,False
ISIC_0032095,,data/processed/ham10000/images/HAM10000_images_part_2/ISIC_0032095.jpg,MEL,NV,0,1,0.8751158118247986,False
ISIC_0028773,,data/processed/ham10000/images/HAM10000_images_part_1/ISIC_0028773.jpg,MEL,MEL,0,0,0.8325359225273132,True
ISIC_0026735,,data/processed/ham10000/images/HAM10000_images_part_1/ISIC_0026735.jpg,MEL,MEL,0,0,0.9512701034545898,True
ISIC_0028897,,data/processed/ham10000/images/HAM10000_images_part_1/ISIC_0028897.jpg,MEL,MEL,0,0,0.9932700991630554,True
ISIC_0026475,,data/processed/ham10000/images/HAM10000_images_part_1/ISIC_0026475.jpg,MEL,MEL,0,0,0.4914911687374115,True
ISIC_0024864,,data/processed/ham10000/images/HAM10000_images_part_1/ISIC_0024864.jpg,MEL,MEL,0,0,0.7669734358787537,True
ISIC_0031377,,data/processed/ham10000/images/HAM10000_images_part_2/ISIC_0031377.jpg,MEL,NV,0,1,0.8490345478057861,False
ISIC_0030951,,data/processed/ham10000/images/HAM10000_images_part_2/ISIC_0030951.jpg,MEL,MEL,0,0,0.8964324593544006,True
ISIC_0031303,,data/processed/ham10000/images/HAM10000_images_part_2/ISIC_0031303.jpg,MEL,MEL,0,0,0.9808670878410339,True
ISIC_0025317,,data/processed/ham10000/images/HAM10000_images_part_1/ISIC_0025317.jpg,MEL,MEL,0,0,0.9286112785339355,True
ISIC_0026420,,data/processed/ham10000/images/HAM10000_images_part_1/ISIC_0026420.jpg,MEL,MEL,0,0,0.9953534603118896,True
ISIC_0025188,,data/processed/ham10000/images/HAM10000_images_part_1/ISIC_0025188.jpg,MEL,MEL,0,0,0.4992794692516327,True
ISIC_0027797,,data/processed/ham10000/images/HAM10000_images_part_1/ISIC_0027797.jpg,MEL,NV,0,1,0.8740699291229248,False
ISIC_0029486,,data/processed/ham10000/images/HAM10000_images_part_2/ISIC_0029486.jpg,VASC,NV,6,1,0.627920925617218,False
ISIC_0031901,,data/processed/ham10000/images/HAM10000_images_part_2/ISIC_0031901.jpg,VASC,NV,6,1,0.8173510432243347,False
ISIC_0029404,,data/processed/ham10000/images/HAM10000_images_part_2/ISIC_0029404.jpg,VASC,VASC,6,6,0.9986047148704529,True
ISIC_0030275,,data/processed/ham10000/images/HAM10000_images_part_2/ISIC_0030275.jpg,VASC,VASC,6,6,0.9996707439422607,True
ISIC_0028163,,data/processed/ham10000/images/HAM10000_images_part_1/ISIC_0028163.jpg,VASC,VASC,6,6,0.9999966621398926,True
ISIC_0024669,,data/processed/ham10000/images/HAM10000_images_part_1/ISIC_0024669.jpg,VASC,VASC,6,6,0.999940037727356,True
ISIC_0026693,,data/processed/ham10000/images/HAM10000_images_part_1/ISIC_0026693.jpg,VASC,VASC,6,6,0.9997343420982361,True
ISIC_0027983,,data/processed/ham10000/images/HAM10000_images_part_1/ISIC_0027983.jpg,VASC,VASC,6,6,0.9912158250808716,True
ISIC_0033031,,data/processed/ham10000/images/HAM10000_images_part_2/ISIC_0033031.jpg,VASC,MEL,6,0,0.6996855735778809,False
ISIC_0032775,,data/processed/ham10000/images/HAM10000_images_part_2/ISIC_0032775.jpg,VASC,MEL,6,0,0.7285853028297424,False
ISIC_0033458,,data/processed/ham10000/images/HAM10000_images_part_2/ISIC_0033458.jpg,VASC,VASC,6,6,0.6733826398849487,True
ISIC_0033749,,data/processed/ham10000/images/HAM10000_images_part_2/ISIC_0033749.jpg,VASC,VASC,6,6,0.9999346733093262,True
ISIC_0034196,,data/processed/ham10000/images/HAM10000_images_part_2/ISIC_0034196.jpg,VASC,VASC,6,6,0.9975669384002686,True
ISIC_0028146,,data/processed/ham10000/images/HAM10000_images_part_1/ISIC_0028146.jpg,VASC,VASC,6,6,0.7542376518249512,True
ISIC_0026876,,data/processed/ham10000/images/HAM10000_images_part_1/ISIC_0026876.jpg,VASC,VASC,6,6,0.9999841451644897,True
ISIC_0030606,,data/processed/ham10000/images/HAM10000_images_part_2/ISIC_0030606.jpg,VASC,VASC,6,6,0.9999880790710449,True
ISIC_0029439,,data/processed/ham10000/images/HAM10000_images_part_2/ISIC_0029439.jpg,VASC,VASC,6,6,0.9999921321868896,True
ISIC_0031201,,data/processed/ham10000/images/HAM10000_images_part_2/ISIC_0031201.jpg,VASC,VASC,6,6,1.0,True
ISIC_0025197,,data/processed/ham10000/images/HAM10000_images_part_1/ISIC_0025197.jpg,VASC,VASC,6,6,0.9959893822669983,True
ISIC_0029742,,data/processed/ham10000/images/HAM10000_images_part_2/ISIC_0029742.jpg,VASC,VASC,6,6,0.9999451637268066,True
ISIC_0025612,,data/processed/ham10000/images/HAM10000_images_part_1/ISIC_0025612.jpg,VASC,VASC,6,6,0.9998351335525513,True
ISIC_0029877,,data/processed/ham10000/images/HAM10000_images_part_2/ISIC_0029877.jpg,VASC,VASC,6,6,0.9818580150604248,True
ISIC_0026490,,data/processed/ham10000/images/HAM10000_images_part_1/ISIC_0026490.jpg,VASC,VASC,6,6,0.9999665021896362,True
ISIC_0025606,,data/processed/ham10000/images/HAM10000_images_part_1/ISIC_0025606.jpg,VASC,VASC,6,6,0.9999841451644897,True
ISIC_0031065,,data/processed/ham10000/images/HAM10000_images_part_2/ISIC_0031065.jpg,VASC,VASC,6,6,0.99956876039505,True
ISIC_0027937,,data/processed/ham10000/images/HAM10000_images_part_1/ISIC_0027937.jpg,VASC,VASC,6,6,0.998611569404602,True
ISIC_0032057,,data/processed/ham10000/images/HAM10000_images_part_2/ISIC_0032057.jpg,VASC,VASC,6,6,0.9999867677688599,True
ISIC_0027269,,data/processed/ham10000/images/HAM10000_images_part_1/ISIC_0027269.jpg,VASC,VASC,6,6,0.999962329864502,True
ISIC_0029230,,data/processed/ham10000/images/HAM10000_images_part_1/ISIC_0029230.jpg,BCC,BCC,2,2,0.5137426257133484,True
ISIC_0031513,,data/processed/ham10000/images/HAM10000_images_part_2/ISIC_0031513.jpg,BCC,BCC,2,2,0.8657979369163513,True
ISIC_0028238,,data/processed/ham10000/images/HAM10000_images_part_1/ISIC_0028238.jpg,BCC,BCC,2,2,0.9982158541679382,True
ISIC_0029755,,data/processed/ham10000/images/HAM10000_images_part_2/ISIC_0029755.jpg,BCC,BCC,2,2,0.9913492202758789,True
ISIC_0030446,,data/processed/ham10000/images/HAM10000_images_part_2/ISIC_0030446.jpg,BCC,BCC,2,2,0.999701201915741,True
ISIC_0031527,,data/processed/ham10000/images/HAM10000_images_part_2/ISIC_0031527.jpg,BCC,BCC,2,2,0.9998119473457336,True
ISIC_0028994,,data/processed/ham10000/images/HAM10000_images_part_1/ISIC_0028994.jpg,BCC,AKIEC,2,3,0.9266764521598816,False
ISIC_0028085,,data/processed/ham10000/images/HAM10000_images_part_1/ISIC_0028085.jpg,BCC,BCC,2,2,0.8674947023391724,True
ISIC_0025691,,data/processed/ham10000/images/HAM10000_images_part_1/ISIC_0025691.jpg,BCC,NV,2,1,0.9267550110816956,False
ISIC_0029747,,data/processed/ham10000/images/HAM10000_images_part_2/ISIC_0029747.jpg,BCC,BCC,2,2,0.9012501239776611,True
ISIC_0030778,,data/processed/ham10000/images/HAM10000_images_part_2/ISIC_0030778.jpg,BCC,BCC,2,2,0.7607373595237732,True
ISIC_0030335,,data/processed/ham10000/images/HAM10000_images_part_2/ISIC_0030335.jpg,BCC,BCC,2,2,0.6954764723777771,True
ISIC_0025793,,data/processed/ham10000/images/HAM10000_images_part_1/ISIC_0025793.jpg,BCC,BCC,2,2,0.9956313371658325,True
ISIC_0028457,,data/processed/ham10000/images/HAM10000_images_part_1/ISIC_0028457.jpg,BCC,BCC,2,2,0.9261394143104553,True
ISIC_0027545,,data/processed/ham10000/images/HAM10000_images_part_1/ISIC_0027545.jpg,BCC,BCC,2,2,0.8986325263977051,True
ISIC_0027609,,data/processed/ham10000/images/HAM10000_images_part_1/ISIC_0027609.jpg,BCC,NV,2,1,0.640518844127655,False
ISIC_0027365,,data/processed/ham10000/images/HAM10000_images_part_1/ISIC_0027365.jpg,BCC,BCC,2,2,0.7532870769500732,True
ISIC_0026343,,data/processed/ham10000/images/HAM10000_images_part_1/ISIC_0026343.jpg,BCC,BKL,2,4,0.8333103060722351,False
ISIC_0029341,,data/processed/ham10000/images/HAM10000_images_part_2/ISIC_0029341.jpg,BCC,BCC,2,2,0.7694867849349976,True
ISIC_0027998,,data/processed/ham10000/images/HAM10000_images_part_1/ISIC_0027998.jpg,BCC,BCC,2,2,0.922252357006073,True
ISIC_0028079,,data/processed/ham10000/images/HAM10000_images_part_1/ISIC_0028079.jpg,BCC,BCC,2,2,0.9982783794403076,True
ISIC_0031824,,data/processed/ham10000/images/HAM10000_images_part_2/ISIC_0031824.jpg,BCC,BCC,2,2,0.9506542086601257,True
ISIC_0030145,,data/processed/ham10000/images/HAM10000_images_part_2/ISIC_0030145.jpg,BCC,NV,2,1,0.5107496380805969,False
ISIC_0033720,,data/processed/ham10000/images/HAM10000_images_part_2/ISIC_0033720.jpg,BCC,BCC,2,2,0.7135477066040039,True
ISIC_0034255,,data/processed/ham10000/images/HAM10000_images_part_2/ISIC_0034255.jpg,BCC,BCC,2,2,0.9087546467781067,True
ISIC_0032834,,data/processed/ham10000/images/HAM10000_images_part_2/ISIC_0032834.jpg,BCC,BCC,2,2,0.9707739353179932,True
ISIC_0027544,,data/processed/ham10000/images/HAM10000_images_part_1/ISIC_0027544.jpg,BCC,BCC,2,2,0.9997604489326477,True
ISIC_0034058,,data/processed/ham10000/images/HAM10000_images_part_2/ISIC_0034058.jpg,BCC,BCC,2,2,0.999281108379364,True
ISIC_0033001,,data/processed/ham10000/images/HAM10000_images_part_2/ISIC_0033001.jpg,BCC,BCC,2,2,0.9999730587005615,True
ISIC_0034047,,data/processed/ham10000/images/HAM10000_images_part_2/ISIC_0034047.jpg,BCC,BCC,2,2,0.9644170999526978,True
ISIC_0034299,,data/processed/ham10000/images/HAM10000_images_part_2/ISIC_0034299.jpg,BCC,BCC,2,2,0.9496233463287354,True
ISIC_0032808,,data/processed/ham10000/images/HAM10000_images_part_2/ISIC_0032808.jpg,BCC,NV,2,1,0.5143147706985474,False
ISIC_0024666,,data/processed/ham10000/images/HAM10000_images_part_1/ISIC_0024666.jpg,BCC,BCC,2,2,0.8821603059768677,True
ISIC_0028890,,data/processed/ham10000/images/HAM10000_images_part_1/ISIC_0028890.jpg,BCC,BCC,2,2,0.8539682030677795,True
ISIC_0025752,,data/processed/ham10000/images/HAM10000_images_part_1/ISIC_0025752.jpg,BCC,MEL,2,0,0.8485707640647888,False
ISIC_0033372,,data/processed/ham10000/images/HAM10000_images_part_2/ISIC_0033372.jpg,BCC,BCC,2,2,0.9790101051330566,True
ISIC_0034066,,data/processed/ham10000/images/HAM10000_images_part_2/ISIC_0034066.jpg,BCC,BCC,2,2,0.9381750822067261,True
ISIC_0034155,,data/processed/ham10000/images/HAM10000_images_part_2/ISIC_0034155.jpg,BCC,BCC,2,2,0.9998242259025574,True
ISIC_0033146,,data/processed/ham10000/images/HAM10000_images_part_2/ISIC_0033146.jpg,BCC,BCC,2,2,0.9998297691345215,True
ISIC_0025102,,data/processed/ham10000/images/HAM10000_images_part_1/ISIC_0025102.jpg,BCC,BCC,2,2,0.9946710467338562,True
ISIC_0032850,,data/processed/ham10000/images/HAM10000_images_part_2/ISIC_0032850.jpg,BCC,BCC,2,2,0.9997602105140686,True
ISIC_0030712,,data/processed/ham10000/images/HAM10000_images_part_2/ISIC_0030712.jpg,BCC,BCC,2,2,0.9992653727531433,True
ISIC_0031836,,data/processed/ham10000/images/HAM10000_images_part_2/ISIC_0031836.jpg,BCC,MEL,2,0,0.9270922541618347,False
ISIC_0025617,,data/processed/ham10000/images/HAM10000_images_part_1/ISIC_0025617.jpg,BCC,NV,2,1,0.5101792216300964,False
ISIC_0027090,,data/processed/ham10000/images/HAM10000_images_part_1/ISIC_0027090.jpg,BCC,NV,2,1,0.7835674285888672,False
ISIC_0026528,,data/processed/ham10000/images/HAM10000_images_part_1/ISIC_0026528.jpg,BCC,VASC,2,6,0.8413413166999817,False
ISIC_0024515,,data/processed/ham10000/images/HAM10000_images_part_1/ISIC_0024515.jpg,BCC,BKL,2,4,0.8780435919761658,False
ISIC_0031450,,data/processed/ham10000/images/HAM10000_images_part_2/ISIC_0031450.jpg,BCC,BKL,2,4,0.9941417574882507,False
ISIC_0031026,,data/processed/ham10000/images/HAM10000_images_part_2/ISIC_0031026.jpg,BCC,BCC,2,2,0.9777818918228149,True
ISIC_0030233,,data/processed/ham10000/images/HAM10000_images_part_2/ISIC_0030233.jpg,BCC,AKIEC,2,3,0.6107048988342285,False
ISIC_0028688,,data/processed/ham10000/images/HAM10000_images_part_1/ISIC_0028688.jpg,BCC,NV,2,1,0.5855977535247803,False
ISIC_0028818,,data/processed/ham10000/images/HAM10000_images_part_1/ISIC_0028818.jpg,BCC,DF,2,5,0.7530385255813599,False
ISIC_0025576,,data/processed/ham10000/images/HAM10000_images_part_1/ISIC_0025576.jpg,BCC,BCC,2,2,0.9931957721710205,True
ISIC_0029392,,data/processed/ham10000/images/HAM10000_images_part_2/ISIC_0029392.jpg,BCC,BCC,2,2,0.9716069102287292,True
ISIC_0030644,,data/processed/ham10000/images/HAM10000_images_part_2/ISIC_0030644.jpg,BCC,BCC,2,2,0.956121563911438,True
ISIC_0028486,,data/processed/ham10000/images/HAM10000_images_part_1/ISIC_0028486.jpg,BCC,BCC,2,2,0.9967425465583801,True
ISIC_0027371,,data/processed/ham10000/images/HAM10000_images_part_1/ISIC_0027371.jpg,BCC,BCC,2,2,0.9398086667060852,True
ISIC_0026213,,data/processed/ham10000/images/HAM10000_images_part_1/ISIC_0026213.jpg,BCC,BCC,2,2,0.9999998807907104,True
ISIC_0026442,,data/processed/ham10000/images/HAM10000_images_part_1/ISIC_0026442.jpg,BCC,BCC,2,2,0.9999380111694336,True
ISIC_0027531,,data/processed/ham10000/images/HAM10000_images_part_1/ISIC_0027531.jpg,BCC,BCC,2,2,0.9129173159599304,True
ISIC_0024331,,data/processed/ham10000/images/HAM10000_images_part_1/ISIC_0024331.jpg,BCC,BCC,2,2,0.9961865544319153,True
ISIC_0030403,,data/processed/ham10000/images/HAM10000_images_part_2/ISIC_0030403.jpg,BCC,BCC,2,2,0.9998119473457336,True
ISIC_0024595,,data/processed/ham10000/images/HAM10000_images_part_1/ISIC_0024595.jpg,BCC,BCC,2,2,0.9997397065162659,True
ISIC_0028583,,data/processed/ham10000/images/HAM10000_images_part_1/ISIC_0028583.jpg,BCC,BCC,2,2,0.6212238073348999,True
ISIC_0030594,,data/processed/ham10000/images/HAM10000_images_part_2/ISIC_0030594.jpg,BCC,BCC,2,2,0.9942753911018372,True
ISIC_0024634,,data/processed/ham10000/images/HAM10000_images_part_1/ISIC_0024634.jpg,BCC,BCC,2,2,0.8779494762420654,True
ISIC_0028937,,data/processed/ham10000/images/HAM10000_images_part_1/ISIC_0028937.jpg,BCC,BKL,2,4,0.6202986836433411,False
ISIC_0028113,,data/processed/ham10000/images/HAM10000_images_part_1/ISIC_0028113.jpg,BCC,BCC,2,2,0.596686601638794,True
ISIC_0028107,,data/processed/ham10000/images/HAM10000_images_part_1/ISIC_0028107.jpg,BCC,BCC,2,2,0.9961897730827332,True
ISIC_0030197,,data/processed/ham10000/images/HAM10000_images_part_2/ISIC_0030197.jpg,BCC,BCC,2,2,0.9112102389335632,True
ISIC_0024582,,data/processed/ham10000/images/HAM10000_images_part_1/ISIC_0024582.jpg,BCC,BCC,2,2,0.9985079169273376,True
ISIC_0029655,,data/processed/ham10000/images/HAM10000_images_part_2/ISIC_0029655.jpg,BCC,BCC,2,2,0.9787030816078186,True
ISIC_0028556,,data/processed/ham10000/images/HAM10000_images_part_1/ISIC_0028556.jpg,BCC,BCC,2,2,0.9999605417251587,True
ISIC_0031976,,data/processed/ham10000/images/HAM10000_images_part_2/ISIC_0031976.jpg,BCC,BCC,2,2,0.9990780353546143,True
ISIC_0032225,,data/processed/ham10000/images/HAM10000_images_part_2/ISIC_0032225.jpg,BCC,BCC,2,2,0.8404033780097961,True
ISIC_0029856,,data/processed/ham10000/images/HAM10000_images_part_2/ISIC_0029856.jpg,BCC,BCC,2,2,0.9999966621398926,True
ISIC_0025711,,data/processed/ham10000/images/HAM10000_images_part_1/ISIC_0025711.jpg,BCC,BCC,2,2,0.9868150949478149,True
ISIC_0024897,,data/processed/ham10000/images/HAM10000_images_part_1/ISIC_0024897.jpg,BCC,BCC,2,2,0.9999783039093018,True
ISIC_0030452,,data/processed/ham10000/images/HAM10000_images_part_2/ISIC_0030452.jpg,BCC,BCC,2,2,0.8901233673095703,True
ISIC_0026118,,data/processed/ham10000/images/HAM10000_images_part_1/ISIC_0026118.jpg,BCC,BCC,2,2,0.8867913484573364,True
ISIC_0029820,,data/processed/ham10000/images/HAM10000_images_part_2/ISIC_0029820.jpg,BCC,BCC,2,2,0.9675997495651245,True
ISIC_0030514,,data/processed/ham10000/images/HAM10000_images_part_2/ISIC_0030514.jpg,BCC,AKIEC,2,3,0.5952588319778442,False
ISIC_0024345,,data/processed/ham10000/images/HAM10000_images_part_1/ISIC_0024345.jpg,BCC,AKIEC,2,3,0.6545709371566772,False
ISIC_0027525,,data/processed/ham10000/images/HAM10000_images_part_1/ISIC_0027525.jpg,BCC,BCC,2,2,0.9785501956939697,True
ISIC_0024550,,data/processed/ham10000/images/HAM10000_images_part_1/ISIC_0024550.jpg,BCC,AKIEC,2,3,0.6338943839073181,False
ISIC_0029919,,data/processed/ham10000/images/HAM10000_images_part_2/ISIC_0029919.jpg,BCC,AKIEC,2,3,0.7651240229606628,False
ISIC_0032092,,data/processed/ham10000/images/HAM10000_images_part_2/ISIC_0032092.jpg,BCC,BCC,2,2,0.9997792840003967,True
ISIC_0024787,,data/processed/ham10000/images/HAM10000_images_part_1/ISIC_0024787.jpg,BCC,BCC,2,2,0.9999423027038574,True
ISIC_0027281,,data/processed/ham10000/images/HAM10000_images_part_1/ISIC_0027281.jpg,BCC,BCC,2,2,0.955801248550415,True
ISIC_0027291,,data/processed/ham10000/images/HAM10000_images_part_1/ISIC_0027291.jpg,BCC,BCC,2,2,0.8828748464584351,True
ISIC_0030954,,data/processed/ham10000/images/HAM10000_images_part_2/ISIC_0030954.jpg,BCC,NV,2,1,0.8605634570121765,False
ISIC_0029053,,data/processed/ham10000/images/HAM10000_images_part_1/ISIC_0029053.jpg,BCC,AKIEC,2,3,0.5334343314170837,False
ISIC_0028350,,data/processed/ham10000/images/HAM10000_images_part_1/ISIC_0028350.jpg,BCC,BCC,2,2,0.9997039437294006,True
ISIC_0028814,,data/processed/ham10000/images/HAM10000_images_part_1/ISIC_0028814.jpg,BCC,BCC,2,2,0.9991663694381714,True
ISIC_0028964,,data/processed/ham10000/images/HAM10000_images_part_1/ISIC_0028964.jpg,BCC,BCC,2,2,0.9962378740310669,True
ISIC_0030249,,data/processed/ham10000/images/HAM10000_images_part_2/ISIC_0030249.jpg,BCC,AKIEC,2,3,0.8516808152198792,False
ISIC_0028687,,data/processed/ham10000/images/HAM10000_images_part_1/ISIC_0028687.jpg,BCC,BCC,2,2,0.984447717666626,True
ISIC_0027120,,data/processed/ham10000/images/HAM10000_images_part_1/ISIC_0027120.jpg,BCC,BCC,2,2,0.9894934892654419,True
ISIC_0027759,,data/processed/ham10000/images/HAM10000_images_part_1/ISIC_0027759.jpg,BCC,BCC,2,2,0.99440598487854,True
ISIC_0027788,,data/processed/ham10000/images/HAM10000_images_part_1/ISIC_0027788.jpg,BCC,BCC,2,2,0.9999110698699951,True
ISIC_0032164,,data/processed/ham10000/images/HAM10000_images_part_2/ISIC_0032164.jpg,BCC,BCC,2,2,0.9993855953216553,True
ISIC_0031041,,data/processed/ham10000/images/HAM10000_images_part_2/ISIC_0031041.jpg,BCC,BCC,2,2,0.9988825917243958,True
ISIC_0032285,,data/processed/ham10000/images/HAM10000_images_part_2/ISIC_0032285.jpg,NV,NV,1,1,0.9935756325721741,True
ISIC_0029979,,data/processed/ham10000/images/HAM10000_images_part_2/ISIC_0029979.jpg,NV,NV,1,1,0.9888015985488892,True
ISIC_0029961,,data/processed/ham10000/images/HAM10000_images_part_2/ISIC_0029961.jpg,NV,NV,1,1,0.9494231939315796,True
ISIC_0026583,,data/processed/ham10000/images/HAM10000_images_part_1/ISIC_0026583.jpg,NV,NV,1,1,0.9694318175315857,True
ISIC_0032226,,data/processed/ham10000/images/HAM10000_images_part_2/ISIC_0032226.jpg,NV,NV,1,1,0.9403266310691833,True
ISIC_0026054,,data/processed/ham10000/images/HAM10000_images_part_1/ISIC_0026054.jpg,NV,NV,1,1,0.7483588457107544,True
ISIC_0028455,,data/processed/ham10000/images/HAM10000_images_part_1/ISIC_0028455.jpg,NV,NV,1,1,0.9976436495780945,True
ISIC_0031068,,data/processed/ham10000/images/HAM10000_images_part_2/ISIC_0031068.jpg,NV,NV,1,1,0.9940715432167053,True
ISIC_0031463,,data/processed/ham10000/images/HAM10000_images_part_2/ISIC_0031463.jpg,NV,NV,1,1,0.9594930410385132,True
ISIC_0027944,,data/processed/ham10000/images/HAM10000_images_part_1/ISIC_0027944.jpg,NV,NV,1,1,0.9890450239181519,True
ISIC_0031974,,data/processed/ham10000/images/HAM10000_images_part_2/ISIC_0031974.jpg,NV,NV,1,1,0.9978492259979248,True
ISIC_0028480,,data/processed/ham10000/images/HAM10000_images_part_1/ISIC_0028480.jpg,NV,NV,1,1,0.9857695698738098,True
ISIC_0030517,,data/processed/ham10000/images/HAM10000_images_part_2/ISIC_0030517.jpg,NV,NV,1,1,0.9860575795173645,True
ISIC_0029526,,data/processed/ham10000/images/HAM10000_images_part_2/ISIC_0029526.jpg,NV,NV,1,1,0.9977207779884338,True
ISIC_0031895,,data/processed/ham10000/images/HAM10000_images_part_2/ISIC_0031895.jpg,NV,NV,1,1,0.803043007850647,True
ISIC_0030820,,data/processed/ham10000/images/HAM10000_images_part_2/ISIC_0030820.jpg,NV,NV,1,1,0.8790572881698608,True
ISIC_0026641,,data/processed/ham10000/images/HAM10000_images_part_1/ISIC_0026641.jpg,NV,NV,1,1,0.9837961196899414,True
ISIC_0030148,,data/processed/ham10000/images/HAM10000_images_part_2/ISIC_0030148.jpg,NV,NV,1,1,0.9940131306648254,True
ISIC_0029637,,data/processed/ham10000/images/HAM10000_images_part_2/ISIC_0029637.jpg,NV,NV,1,1,0.9887582063674927,True
ISIC_0025143,,data/processed/ham10000/images/HAM10000_images_part_1/ISIC_0025143.jpg,NV,NV,1,1,0.9940255880355835,True
ISIC_0025161,,data/processed/ham10000/images/HAM10000_images_part_1/ISIC_0025161.jpg,NV,NV,1,1,0.9704028964042664,True
ISIC_0024584,,data/processed/ham10000/images/HAM10000_images_part_1/ISIC_0024584.jpg,NV,NV,1,1,0.9914849400520325,True
ISIC_0029870,,data/processed/ham10000/images/HAM10000_images_part_2/ISIC_0029870.jpg,NV,NV,1,1,0.9877803325653076,True
ISIC_0031833,,data/processed/ham10000/images/HAM10000_images_part_2/ISIC_0031833.jpg,NV,VASC,1,6,0.9964017868041992,False
ISIC_0030428,,data/processed/ham10000/images/HAM10000_images_part_2/ISIC_0030428.jpg,NV,NV,1,1,0.994103729724884,True
ISIC_0029911,,data/processed/ham10000/images/HAM10000_images_part_2/ISIC_0029911.jpg,NV,NV,1,1,0.9946123361587524,True
ISIC_0027634,,data/processed/ham10000/images/HAM10000_images_part_1/ISIC_0027634.jpg,NV,NV,1,1,0.9945847392082214,True
ISIC_0024357,,data/processed/ham10000/images/HAM10000_images_part_1/ISIC_0024357.jpg,NV,NV,1,1,0.9787785410881042,True
ISIC_0027784,,data/processed/ham10000/images/HAM10000_images_part_1/ISIC_0027784.jpg,NV,NV,1,1,0.7510704398155212,True
ISIC_0028359,,data/processed/ham10000/images/HAM10000_images_part_1/ISIC_0028359.jpg,NV,NV,1,1,0.9746282696723938,True
ISIC_0031966,,data/processed/ham10000/images/HAM10000_images_part_2/ISIC_0031966.jpg,NV,NV,1,1,0.9825538992881775,True
ISIC_0027808,,data/processed/ham10000/images/HAM10000_images_part_1/ISIC_0027808.jpg,NV,NV,1,1,0.9840704202651978,True
ISIC_0025593,,data/processed/ham10000/images/HAM10000_images_part_1/ISIC_0025593.jpg,NV,NV,1,1,0.9978986978530884,True
ISIC_0027752,,data/processed/ham10000/images/HAM10000_images_part_1/ISIC_0027752.jpg,NV,NV,1,1,0.9954432249069214,True
ISIC_0028339,,data/processed/ham10000/images/HAM10000_images_part_1/ISIC_0028339.jpg,NV,NV,1,1,0.970273494720459,True
ISIC_0031997,,data/processed/ham10000/images/HAM10000_images_part_2/ISIC_0031997.jpg,NV,NV,1,1,0.9907180666923523,True
ISIC_0030669,,data/processed/ham10000/images/HAM10000_images_part_2/ISIC_0030669.jpg,NV,NV,1,1,0.995497465133667,True
ISIC_0025934,,data/processed/ham10000/images/HAM10000_images_part_1/ISIC_0025934.jpg,NV,NV,1,1,0.88104248046875,True
ISIC_0030573,,data/processed/ham10000/images/HAM10000_images_part_2/ISIC_0030573.jpg,NV,NV,1,1,0.9992929697036743,True
ISIC_0025636,,data/processed/ham10000/images/HAM10000_images_part_1/ISIC_0025636.jpg,NV,NV,1,1,0.9887296557426453,True
ISIC_0026214,,data/processed/ham10000/images/HAM10000_images_part_1/ISIC_0026214.jpg,NV,NV,1,1,0.9873358607292175,True
ISIC_0025142,,data/processed/ham10000/images/HAM10000_images_part_1/ISIC_0025142.jpg,NV,NV,1,1,0.9992320537567139,True
ISIC_0028515,,data/processed/ham10000/images/HAM10000_images_part_1/ISIC_0028515.jpg,NV,NV,1,1,0.9970600008964539,True
ISIC_0030287,,data/processed/ham10000/images/HAM10000_images_part_2/ISIC_0030287.jpg,NV,NV,1,1,0.984010636806488,True
ISIC_0026621,,data/processed/ham10000/images/HAM10000_images_part_1/ISIC_0026621.jpg,NV,NV,1,1,0.9304361939430237,True
ISIC_0030599,,data/processed/ham10000/images/HAM10000_images_part_2/ISIC_0030599.jpg,NV,NV,1,1,0.9984787106513977,True
ISIC_0027836,,data/processed/ham10000/images/HAM10000_images_part_1/ISIC_0027836.jpg,NV,NV,1,1,0.9983149766921997,True
ISIC_0026399,,data/processed/ham10000/images/HAM10000_images_part_1/ISIC_0026399.jpg,NV,NV,1,1,0.990498960018158,True
ISIC_0029258,,data/processed/ham10000/images/HAM10000_images_part_1/ISIC_0029258.jpg,NV,NV,1,1,0.9959652423858643,True
ISIC_0031388,,data/processed/ham10000/images/HAM10000_images_part_2/ISIC_0031388.jpg,NV,NV,1,1,0.9969502091407776,True
ISIC_0028282,,data/processed/ham10000/images/HAM10000_images_part_1/ISIC_0028282.jpg,NV,NV,1,1,0.955407977104187,True
ISIC_0026283,,data/processed/ham10000/images/HAM10000_images_part_1/ISIC_0026283.jpg,NV,NV,1,1,0.9588469862937927,True
ISIC_0031704,,data/processed/ham10000/images/HAM10000_images_part_2/ISIC_0031704.jpg,NV,NV,1,1,0.9956021308898926,True
ISIC_0031185,,data/processed/ham10000/images/HAM10000_images_part_2/ISIC_0031185.jpg,NV,NV,1,1,0.9991540908813477,True
ISIC_0029008,,data/processed/ham10000/images/HAM10000_images_part_1/ISIC_0029008.jpg,NV,NV,1,1,0.9891836643218994,True
ISIC_0025966,,data/processed/ham10000/images/HAM10000_images_part_1/ISIC_0025966.jpg,NV,NV,1,1,0.9935240745544434,True
ISIC_0025922,,data/processed/ham10000/images/HAM10000_images_part_1/ISIC_0025922.jpg,NV,NV,1,1,0.9980927109718323,True
ISIC_0031730,,data/processed/ham10000/images/HAM10000_images_part_2/ISIC_0031730.jpg,NV,NV,1,1,0.9648399353027344,True
ISIC_0026232,,data/processed/ham10000/images/HAM10000_images_part_1/ISIC_0026232.jpg,NV,NV,1,1,0.9922842383384705,True
ISIC_0024433,,data/processed/ham10000/images/HAM10000_images_part_1/ISIC_0024433.jpg,NV,NV,1,1,0.9712040424346924,True
ISIC_0032011,,data/processed/ham10000/images/HAM10000_images_part_2/ISIC_0032011.jpg,NV,NV,1,1,0.9749069213867188,True
ISIC_0031229,,data/processed/ham10000/images/HAM10000_images_part_2/ISIC_0031229.jpg,NV,NV,1,1,0.9221212267875671,True
ISIC_0031777,,data/processed/ham10000/images/HAM10000_images_part_2/ISIC_0031777.jpg,NV,NV,1,1,0.986976683139801,True
ISIC_0024692,,data/processed/ham10000/images/HAM10000_images_part_1/ISIC_0024692.jpg,NV,NV,1,1,0.9941196441650391,True
ISIC_0030457,,data/processed/ham10000/images/HAM10000_images_part_2/ISIC_0030457.jpg,NV,NV,1,1,0.9927720427513123,True
ISIC_0027691,,data/processed/ham10000/images/HAM10000_images_part_1/ISIC_0027691.jpg,NV,NV,1,1,0.9961233735084534,True
ISIC_0026778,,data/processed/ham10000/images/HAM10000_images_part_1/ISIC_0026778.jpg,NV,NV,1,1,0.9860775470733643,True
ISIC_0031606,,data/processed/ham10000/images/HAM10000_images_part_2/ISIC_0031606.jpg,NV,NV,1,1,0.991474986076355,True
ISIC_0026700,,data/processed/ham10000/images/HAM10000_images_part_1/ISIC_0026700.jpg,NV,NV,1,1,0.9918692111968994,True
ISIC_0031174,,data/processed/ham10000/images/HAM10000_images_part_2/ISIC_0031174.jpg,NV,NV,1,1,0.9977861642837524,True
ISIC_0030376,,data/processed/ham10000/images/HAM10000_images_part_2/ISIC_0030376.jpg,NV,NV,1,1,0.9962137341499329,True
ISIC_0031776,,data/processed/ham10000/images/HAM10000_images_part_2/ISIC_0031776.jpg,NV,AKIEC,1,3,0.38488462567329407,False
ISIC_0029385,,data/processed/ham10000/images/HAM10000_images_part_2/ISIC_0029385.jpg,NV,NV,1,1,0.9797048568725586,True
ISIC_0026986,,data/processed/ham10000/images/HAM10000_images_part_1/ISIC_0026986.jpg,NV,NV,1,1,0.9983903169631958,True
ISIC_0028864,,data/processed/ham10000/images/HAM10000_images_part_1/ISIC_0028864.jpg,NV,NV,1,1,0.9834084510803223,True
ISIC_0025508,,data/processed/ham10000/images/HAM10000_images_part_1/ISIC_0025508.jpg,NV,NV,1,1,0.9983837604522705,True
ISIC_0024788,,data/processed/ham10000/images/HAM10000_images_part_1/ISIC_0024788.jpg,NV,NV,1,1,0.9926446676254272,True
ISIC_0029701,,data/processed/ham10000/images/HAM10000_images_part_2/ISIC_0029701.jpg,NV,NV,1,1,0.9943516254425049,True
ISIC_0027843,,data/processed/ham10000/images/HAM10000_images_part_1/ISIC_0027843.jpg,NV,NV,1,1,0.997617781162262,True
ISIC_0030536,,data/processed/ham10000/images/HAM10000_images_part_2/ISIC_0030536.jpg,NV,NV,1,1,0.7238163948059082,True
ISIC_0024493,,data/processed/ham10000/images/HAM10000_images_part_1/ISIC_0024493.jpg,NV,NV,1,1,0.9933286905288696,True
ISIC_0029317,,data/processed/ham10000/images/HAM10000_images_part_2/ISIC_0029317.jpg,NV,NV,1,1,0.9986371397972107,True
ISIC_0026075,,data/processed/ham10000/images/HAM10000_images_part_1/ISIC_0026075.jpg,NV,NV,1,1,0.9863724112510681,True
ISIC_0024879,,data/processed/ham10000/images/HAM10000_images_part_1/ISIC_0024879.jpg,NV,NV,1,1,0.8258552551269531,True
ISIC_0025120,,data/processed/ham10000/images/HAM10000_images_part_1/ISIC_0025120.jpg,NV,NV,1,1,0.8746978640556335,True
ISIC_0030904,,data/processed/ham10000/images/HAM10000_images_part_2/ISIC_0030904.jpg,NV,NV,1,1,0.9978387951850891,True
ISIC_0024868,,data/processed/ham10000/images/HAM10000_images_part_1/ISIC_0024868.jpg,NV,NV,1,1,0.9977291226387024,True
ISIC_0029386,,data/processed/ham10000/images/HAM10000_images_part_2/ISIC_0029386.jpg,NV,NV,1,1,0.9989303946495056,True
ISIC_0030411,,data/processed/ham10000/images/HAM10000_images_part_2/ISIC_0030411.jpg,NV,NV,1,1,0.8664965033531189,True
ISIC_0030315,,data/processed/ham10000/images/HAM10000_images_part_2/ISIC_0030315.jpg,NV,NV,1,1,0.9976188540458679,True
ISIC_0031534,,data/processed/ham10000/images/HAM10000_images_part_2/ISIC_0031534.jpg,NV,NV,1,1,0.9748825430870056,True
ISIC_0027356,,data/processed/ham10000/images/HAM10000_images_part_1/ISIC_0027356.jpg,NV,NV,1,1,0.9887930750846863,True
ISIC_0029618,,data/processed/ham10000/images/HAM10000_images_part_2/ISIC_0029618.jpg,NV,NV,1,1,0.9968746900558472,True
ISIC_0030566,,data/processed/ham10000/images/HAM10000_images_part_2/ISIC_0030566.jpg,NV,NV,1,1,0.9865299463272095,True
ISIC_0026136,,data/processed/ham10000/images/HAM10000_images_part_1/ISIC_0026136.jpg,NV,NV,1,1,0.9916725754737854,True
ISIC_0031699,,data/processed/ham10000/images/HAM10000_images_part_2/ISIC_0031699.jpg,NV,NV,1,1,0.9973215460777283,True
ISIC_0031213,,data/processed/ham10000/images/HAM10000_images_part_2/ISIC_0031213.jpg,NV,NV,1,1,0.9934408068656921,True
ISIC_0031038,,data/processed/ham10000/images/HAM10000_images_part_2/ISIC_0031038.jpg,NV,NV,1,1,0.9933411478996277,True
ISIC_0026659,,data/processed/ham10000/images/HAM10000_images_part_1/ISIC_0026659.jpg,NV,NV,1,1,0.536607027053833,True
ISIC_0025080,,data/processed/ham10000/images/HAM10000_images_part_1/ISIC_0025080.jpg,NV,NV,1,1,0.9964112639427185,True
ISIC_0025536,,data/processed/ham10000/images/HAM10000_images_part_1/ISIC_0025536.jpg,NV,NV,1,1,0.9923048615455627,True
ISIC_0031288,,data/processed/ham10000/images/HAM10000_images_part_2/ISIC_0031288.jpg,NV,NV,1,1,0.9878146648406982,True
ISIC_0026822,,data/processed/ham10000/images/HAM10000_images_part_1/ISIC_0026822.jpg,NV,NV,1,1,0.9981936812400818,True
ISIC_0030787,,data/processed/ham10000/images/HAM10000_images_part_2/ISIC_0030787.jpg,NV,NV,1,1,0.9909228682518005,True
ISIC_0028819,,data/processed/ham10000/images/HAM10000_images_part_1/ISIC_0028819.jpg,NV,NV,1,1,0.9893507361412048,True
ISIC_0028426,,data/processed/ham10000/images/HAM10000_images_part_1/ISIC_0028426.jpg,NV,NV,1,1,0.9904510378837585,True
ISIC_0025084,,data/processed/ham10000/images/HAM10000_images_part_1/ISIC_0025084.jpg,NV,NV,1,1,0.9950749278068542,True
ISIC_0024429,,data/processed/ham10000/images/HAM10000_images_part_1/ISIC_0024429.jpg,NV,NV,1,1,0.996077835559845,True
ISIC_0028428,,data/processed/ham10000/images/HAM10000_images_part_1/ISIC_0028428.jpg,NV,NV,1,1,0.9947090148925781,True
ISIC_0029142,,data/processed/ham10000/images/HAM10000_images_part_1/ISIC_0029142.jpg,NV,NV,1,1,0.9481972455978394,True
ISIC_0028861,,data/processed/ham10000/images/HAM10000_images_part_1/ISIC_0028861.jpg,NV,NV,1,1,0.9825636744499207,True
ISIC_0031469,,data/processed/ham10000/images/HAM10000_images_part_2/ISIC_0031469.jpg,NV,NV,1,1,0.9838669300079346,True
ISIC_0025003,,data/processed/ham10000/images/HAM10000_images_part_1/ISIC_0025003.jpg,NV,NV,1,1,0.9964007139205933,True
ISIC_0025328,,data/processed/ham10000/images/HAM10000_images_part_1/ISIC_0025328.jpg,NV,NV,1,1,0.9226739406585693,True
ISIC_0028836,,data/processed/ham10000/images/HAM10000_images_part_1/ISIC_0028836.jpg,NV,NV,1,1,0.9880899786949158,True
ISIC_0025861,,data/processed/ham10000/images/HAM10000_images_part_1/ISIC_0025861.jpg,NV,NV,1,1,0.9938110709190369,True
ISIC_0025952,,data/processed/ham10000/images/HAM10000_images_part_1/ISIC_0025952.jpg,NV,NV,1,1,0.99098140001297,True
ISIC_0027333,,data/processed/ham10000/images/HAM10000_images_part_1/ISIC_0027333.jpg,NV,NV,1,1,0.8055483102798462,True
ISIC_0024944,,data/processed/ham10000/images/HAM10000_images_part_1/ISIC_0024944.jpg,NV,NV,1,1,0.9578431248664856,True
ISIC_0025482,,data/processed/ham10000/images/HAM10000_images_part_1/ISIC_0025482.jpg,NV,NV,1,1,0.9793244004249573,True
ISIC_0028813,,data/processed/ham10000/images/HAM10000_images_part_1/ISIC_0028813.jpg,NV,NV,1,1,0.9814685583114624,True
ISIC_0028048,,data/processed/ham10000/images/HAM10000_images_part_1/ISIC_0028048.jpg,NV,NV,1,1,0.8669186234474182,True
ISIC_0031661,,data/processed/ham10000/images/HAM10000_images_part_2/ISIC_0031661.jpg,NV,NV,1,1,0.9972367286682129,True
ISIC_0026320,,data/processed/ham10000/images/HAM10000_images_part_1/ISIC_0026320.jpg,NV,NV,1,1,0.9957411289215088,True
ISIC_0031797,,data/processed/ham10000/images/HAM10000_images_part_2/ISIC_0031797.jpg,NV,NV,1,1,0.9663957357406616,True
ISIC_0030736,,data/processed/ham10000/images/HAM10000_images_part_2/ISIC_0030736.jpg,NV,NV,1,1,0.9926698207855225,True
ISIC_0025815,,data/processed/ham10000/images/HAM10000_images_part_1/ISIC_0025815.jpg,NV,NV,1,1,0.9916208982467651,True
ISIC_0025104,,data/processed/ham10000/images/HAM10000_images_part_1/ISIC_0025104.jpg,NV,NV,1,1,0.9624813199043274,True
ISIC_0026540,,data/processed/ham10000/images/HAM10000_images_part_1/ISIC_0026540.jpg,NV,NV,1,1,0.7737045288085938,True
ISIC_0025678,,data/processed/ham10000/images/HAM10000_images_part_1/ISIC_0025678.jpg,NV,NV,1,1,0.9979938268661499,True
ISIC_0028062,,data/processed/ham10000/images/HAM10000_images_part_1/ISIC_0028062.jpg,NV,NV,1,1,0.972758948802948,True
ISIC_0031114,,data/processed/ham10000/images/HAM10000_images_part_2/ISIC_0031114.jpg,NV,NV,1,1,0.9922692775726318,True
ISIC_0027935,,data/processed/ham10000/images/HAM10000_images_part_1/ISIC_0027935.jpg,NV,NV,1,1,0.9898271560668945,True
ISIC_0032367,,data/processed/ham10000/images/HAM10000_images_part_2/ISIC_0032367.jpg,NV,NV,1,1,0.9995556473731995,True
ISIC_0026875,,data/processed/ham10000/images/HAM10000_images_part_1/ISIC_0026875.jpg,NV,NV,1,1,0.9979701638221741,True
ISIC_0025747,,data/processed/ham10000/images/HAM10000_images_part_1/ISIC_0025747.jpg,NV,NV,1,1,0.9891001582145691,True
ISIC_0030743,,data/processed/ham10000/images/HAM10000_images_part_2/ISIC_0030743.jpg,NV,BKL,1,4,0.5239263772964478,False
ISIC_0030374,,data/processed/ham10000/images/HAM10000_images_part_2/ISIC_0030374.jpg,NV,NV,1,1,0.9966946840286255,True
ISIC_0031398,,data/processed/ham10000/images/HAM10000_images_part_2/ISIC_0031398.jpg,NV,NV,1,1,0.9966990351676941,True
ISIC_0025028,,data/processed/ham10000/images/HAM10000_images_part_1/ISIC_0025028.jpg,NV,NV,1,1,0.9911596179008484,True
ISIC_0027621,,data/processed/ham10000/images/HAM10000_images_part_1/ISIC_0027621.jpg,NV,NV,1,1,0.9809306263923645,True
ISIC_0032266,,data/processed/ham10000/images/HAM10000_images_part_2/ISIC_0032266.jpg,NV,NV,1,1,0.9848954677581787,True
ISIC_0031682,,data/processed/ham10000/images/HAM10000_images_part_2/ISIC_0031682.jpg,NV,NV,1,1,0.9890144467353821,True
ISIC_0030285,,data/processed/ham10000/images/HAM10000_images_part_2/ISIC_0030285.jpg,NV,NV,1,1,0.9881729483604431,True
ISIC_0025738,,data/processed/ham10000/images/HAM10000_images_part_1/ISIC_0025738.jpg,NV,NV,1,1,0.9883697032928467,True
ISIC_0026470,,data/processed/ham10000/images/HAM10000_images_part_1/ISIC_0026470.jpg,NV,NV,1,1,0.9813631772994995,True
ISIC_0030448,,data/processed/ham10000/images/HAM10000_images_part_2/ISIC_0030448.jpg,NV,NV,1,1,0.992557168006897,True
ISIC_0025318,,data/processed/ham10000/images/HAM10000_images_part_1/ISIC_0025318.jpg,NV,NV,1,1,0.9980472326278687,True
ISIC_0030477,,data/processed/ham10000/images/HAM10000_images_part_2/ISIC_0030477.jpg,NV,NV,1,1,0.9937679767608643,True
ISIC_0026812,,data/processed/ham10000/images/HAM10000_images_part_1/ISIC_0026812.jpg,NV,NV,1,1,0.9981967806816101,True
ISIC_0031390,,data/processed/ham10000/images/HAM10000_images_part_2/ISIC_0031390.jpg,NV,NV,1,1,0.9981990456581116,True
ISIC_0027215,,data/processed/ham10000/images/HAM10000_images_part_1/ISIC_0027215.jpg,NV,NV,1,1,0.9935997724533081,True
ISIC_0027307,,data/processed/ham10000/images/HAM10000_images_part_1/ISIC_0027307.jpg,NV,NV,1,1,0.9810096025466919,True
ISIC_0029490,,data/processed/ham10000/images/HAM10000_images_part_2/ISIC_0029490.jpg,NV,NV,1,1,0.984721839427948,True
ISIC_0026241,,data/processed/ham10000/images/HAM10000_images_part_1/ISIC_0026241.jpg,NV,NV,1,1,0.9952940344810486,True
ISIC_0026731,,data/processed/ham10000/images/HAM10000_images_part_1/ISIC_0026731.jpg,NV,NV,1,1,0.9946611523628235,True
ISIC_0024765,,data/processed/ham10000/images/HAM10000_images_part_1/ISIC_0024765.jpg,NV,NV,1,1,0.9958112239837646,True
ISIC_0030099,,data/processed/ham10000/images/HAM10000_images_part_2/ISIC_0030099.jpg,NV,NV,1,1,0.9972656965255737,True
ISIC_0024776,,data/processed/ham10000/images/HAM10000_images_part_1/ISIC_0024776.jpg,NV,NV,1,1,0.9936181306838989,True
ISIC_0027019,,data/processed/ham10000/images/HAM10000_images_part_1/ISIC_0027019.jpg,NV,NV,1,1,0.9857761263847351,True
ISIC_0026144,,data/processed/ham10000/images/HAM10000_images_part_1/ISIC_0026144.jpg,NV,NV,1,1,0.9978601336479187,True
ISIC_0026208,,data/processed/ham10000/images/HAM10000_images_part_1/ISIC_0026208.jpg,NV,NV,1,1,0.9989950060844421,True
ISIC_0028609,,data/processed/ham10000/images/HAM10000_images_part_1/ISIC_0028609.jpg,NV,NV,1,1,0.993335485458374,True
ISIC_0031355,,data/processed/ham10000/images/HAM10000_images_part_2/ISIC_0031355.jpg,NV,NV,1,1,0.9965413212776184,True
ISIC_0025866,,data/processed/ham10000/images/HAM10000_images_part_1/ISIC_0025866.jpg,NV,NV,1,1,0.9962691068649292,True
ISIC_0032188,,data/processed/ham10000/images/HAM10000_images_part_2/ISIC_0032188.jpg,NV,NV,1,1,0.9987286925315857,True
ISIC_0025822,,data/processed/ham10000/images/HAM10000_images_part_1/ISIC_0025822.jpg,NV,NV,1,1,0.9257000684738159,True
ISIC_0030490,,data/processed/ham10000/images/HAM10000_images_part_2/ISIC_0030490.jpg,NV,NV,1,1,0.9984513521194458,True
ISIC_0028912,,data/processed/ham10000/images/HAM10000_images_part_1/ISIC_0028912.jpg,NV,NV,1,1,0.9960963129997253,True
ISIC_0029436,,data/processed/ham10000/images/HAM10000_images_part_2/ISIC_0029436.jpg,NV,NV,1,1,0.9844285249710083,True
ISIC_0028770,,data/processed/ham10000/images/HAM10000_images_part_1/ISIC_0028770.jpg,NV,NV,1,1,0.9991821646690369,True
ISIC_0026920,,data/processed/ham10000/images/HAM10000_images_part_1/ISIC_0026920.jpg,NV,NV,1,1,0.9990767240524292,True
ISIC_0025929,,data/processed/ham10000/images/HAM10000_images_part_1/ISIC_0025929.jpg,NV,NV,1,1,0.9972587823867798,True
ISIC_0030711,,data/processed/ham10000/images/HAM10000_images_part_2/ISIC_0030711.jpg,NV,NV,1,1,0.998185932636261,True
ISIC_0031898,,data/processed/ham10000/images/HAM10000_images_part_2/ISIC_0031898.jpg,NV,NV,1,1,0.9965605139732361,True
ISIC_0024563,,data/processed/ham10000/images/HAM10000_images_part_1/ISIC_0024563.jpg,NV,NV,1,1,0.9943049550056458,True
ISIC_0025551,,data/processed/ham10000/images/HAM10000_images_part_1/ISIC_0025551.jpg,NV,NV,1,1,0.9971417784690857,True
ISIC_0024404,,data/processed/ham10000/images/HAM10000_images_part_1/ISIC_0024404.jpg,NV,NV,1,1,0.999824583530426,True
ISIC_0030186,,data/processed/ham10000/images/HAM10000_images_part_2/ISIC_0030186.jpg,NV,NV,1,1,0.9800103306770325,True
ISIC_0027309,,data/processed/ham10000/images/HAM10000_images_part_1/ISIC_0027309.jpg,NV,NV,1,1,0.9991779923439026,True
ISIC_0026814,,data/processed/ham10000/images/HAM10000_images_part_1/ISIC_0026814.jpg,NV,NV,1,1,0.9901434183120728,True
ISIC_0029004,,data/processed/ham10000/images/HAM10000_images_part_1/ISIC_0029004.jpg,NV,NV,1,1,0.9936508536338806,True
ISIC_0031715,,data/processed/ham10000/images/HAM10000_images_part_2/ISIC_0031715.jpg,NV,NV,1,1,0.921107292175293,True
ISIC_0029492,,data/processed/ham10000/images/HAM10000_images_part_2/ISIC_0029492.jpg,NV,NV,1,1,0.9975796341896057,True
ISIC_0031581,,data/processed/ham10000/images/HAM10000_images_part_2/ISIC_0031581.jpg,NV,NV,1,1,0.9987565279006958,True
ISIC_0030262,,data/processed/ham10000/images/HAM10000_images_part_2/ISIC_0030262.jpg,NV,NV,1,1,0.9984297156333923,True
ISIC_0029550,,data/processed/ham10000/images/HAM10000_images_part_2/ISIC_0029550.jpg,NV,NV,1,1,0.9961802959442139,True
ISIC_0032398,,data/processed/ham10000/images/HAM10000_images_part_2/ISIC_0032398.jpg,NV,NV,1,1,0.9998561143875122,True
ISIC_0027712,,data/processed/ham10000/images/HAM10000_images_part_1/ISIC_0027712.jpg,NV,NV,1,1,0.9984657764434814,True
ISIC_0030560,,data/processed/ham10000/images/HAM10000_images_part_2/ISIC_0030560.jpg,NV,NV,1,1,0.9962989687919617,True
ISIC_0026908,,data/processed/ham10000/images/HAM10000_images_part_1/ISIC_0026908.jpg,NV,NV,1,1,0.989936351776123,True
ISIC_0029167,,data/processed/ham10000/images/HAM10000_images_part_1/ISIC_0029167.jpg,NV,NV,1,1,0.9885560870170593,True
ISIC_0027317,,data/processed/ham10000/images/HAM10000_images_part_1/ISIC_0027317.jpg,NV,NV,1,1,0.9898243546485901,True
ISIC_0029312,,data/processed/ham10000/images/HAM10000_images_part_2/ISIC_0029312.jpg,NV,NV,1,1,0.9930683374404907,True
ISIC_0030307,,data/processed/ham10000/images/HAM10000_images_part_2/ISIC_0030307.jpg,NV,NV,1,1,0.9852853417396545,True
ISIC_0030657,,data/processed/ham10000/images/HAM10000_images_part_2/ISIC_0030657.jpg,NV,NV,1,1,0.999195396900177,True
ISIC_0026832,,data/processed/ham10000/images/HAM10000_images_part_1/ISIC_0026832.jpg,NV,NV,1,1,0.9855092167854309,True
ISIC_0031792,,data/processed/ham10000/images/HAM10000_images_part_2/ISIC_0031792.jpg,NV,NV,1,1,0.9964824914932251,True
ISIC_0031656,,data/processed/ham10000/images/HAM10000_images_part_2/ISIC_0031656.jpg,NV,NV,1,1,0.9884992241859436,True
ISIC_0025072,,data/processed/ham10000/images/HAM10000_images_part_1/ISIC_0025072.jpg,NV,NV,1,1,0.9914079308509827,True
ISIC_0025164,,data/processed/ham10000/images/HAM10000_images_part_1/ISIC_0025164.jpg,NV,NV,1,1,0.9987515211105347,True
ISIC_0031532,,data/processed/ham10000/images/HAM10000_images_part_2/ISIC_0031532.jpg,NV,NV,1,1,0.9988252520561218,True
ISIC_0025017,,data/processed/ham10000/images/HAM10000_images_part_1/ISIC_0025017.jpg,NV,NV,1,1,0.9995493292808533,True
ISIC_0025007,,data/processed/ham10000/images/HAM10000_images_part_1/ISIC_0025007.jpg,NV,NV,1,1,0.9984788298606873,True
ISIC_0024656,,data/processed/ham10000/images/HAM10000_images_part_1/ISIC_0024656.jpg,NV,NV,1,1,0.9979115128517151,True
ISIC_0030896,,data/processed/ham10000/images/HAM10000_images_part_2/ISIC_0030896.jpg,NV,NV,1,1,0.9878487586975098,True
ISIC_0028279,,data/processed/ham10000/images/HAM10000_images_part_1/ISIC_0028279.jpg,NV,NV,1,1,0.996320366859436,True
ISIC_0024395,,data/processed/ham10000/images/HAM10000_images_part_1/ISIC_0024395.jpg,NV,NV,1,1,0.9991058707237244,True
ISIC_0026791,,data/processed/ham10000/images/HAM10000_images_part_1/ISIC_0026791.jpg,NV,NV,1,1,0.997810423374176,True
ISIC_0026170,,data/processed/ham10000/images/HAM10000_images_part_1/ISIC_0026170.jpg,NV,NV,1,1,0.9955096244812012,True
ISIC_0029088,,data/processed/ham10000/images/HAM10000_images_part_1/ISIC_0029088.jpg,NV,NV,1,1,0.9957193732261658,True
ISIC_0029148,,data/processed/ham10000/images/HAM10000_images_part_1/ISIC_0029148.jpg,NV,NV,1,1,0.9907526969909668,True
ISIC_0030866,,data/processed/ham10000/images/HAM10000_images_part_2/ISIC_0030866.jpg,NV,NV,1,1,0.994421660900116,True
ISIC_0026436,,data/processed/ham10000/images/HAM10000_images_part_1/ISIC_0026436.jpg,NV,NV,1,1,0.8316004276275635,True
ISIC_0027617,,data/processed/ham10000/images/HAM10000_images_part_1/ISIC_0027617.jpg,NV,NV,1,1,0.9990304708480835,True
ISIC_0026624,,data/processed/ham10000/images/HAM10000_images_part_1/ISIC_0026624.jpg,NV,NV,1,1,0.9936299920082092,True
ISIC_0031033,,data/processed/ham10000/images/HAM10000_images_part_2/ISIC_0031033.jpg,NV,NV,1,1,0.9916890263557434,True
ISIC_0029087,,data/processed/ham10000/images/HAM10000_images_part_1/ISIC_0029087.jpg,NV,NV,1,1,0.9938431978225708,True
ISIC_0025639,,data/processed/ham10000/images/HAM10000_images_part_1/ISIC_0025639.jpg,NV,NV,1,1,0.9866062998771667,True
ISIC_0026407,,data/processed/ham10000/images/HAM10000_images_part_1/ISIC_0026407.jpg,NV,NV,1,1,0.9958557486534119,True
ISIC_0030291,,data/processed/ham10000/images/HAM10000_images_part_2/ISIC_0030291.jpg,NV,NV,1,1,0.9989148378372192,True
ISIC_0027638,,data/processed/ham10000/images/HAM10000_images_part_1/ISIC_0027638.jpg,NV,NV,1,1,0.9933829307556152,True
ISIC_0026677,,data/processed/ham10000/images/HAM10000_images_part_1/ISIC_0026677.jpg,NV,NV,1,1,0.9980379939079285,True
ISIC_0030402,,data/processed/ham10000/images/HAM10000_images_part_2/ISIC_0030402.jpg,NV,NV,1,1,0.9985241293907166,True
ISIC_0025438,,data/processed/ham10000/images/HAM10000_images_part_1/ISIC_0025438.jpg,NV,NV,1,1,0.9946568012237549,True
ISIC_0025965,,data/processed/ham10000/images/HAM10000_images_part_1/ISIC_0025965.jpg,NV,NV,1,1,0.997295081615448,True
ISIC_0024570,,data/processed/ham10000/images/HAM10000_images_part_1/ISIC_0024570.jpg,NV,NV,1,1,0.987170398235321,True
ISIC_0024965,,data/processed/ham10000/images/HAM10000_images_part_1/ISIC_0024965.jpg,NV,NV,1,1,0.9968453049659729,True
ISIC_0026322,,data/processed/ham10000/images/HAM10000_images_part_1/ISIC_0026322.jpg,NV,NV,1,1,0.8318384289741516,True
ISIC_0029226,,data/processed/ham10000/images/HAM10000_images_part_1/ISIC_0029226.jpg,NV,NV,1,1,0.9779918789863586,True
ISIC_0024859,,data/processed/ham10000/images/HAM10000_images_part_1/ISIC_0024859.jpg,NV,NV,1,1,0.987602174282074,True
ISIC_0027695,,data/processed/ham10000/images/HAM10000_images_part_1/ISIC_0027695.jpg,NV,NV,1,1,0.9943069815635681,True
ISIC_0029440,,data/processed/ham10000/images/HAM10000_images_part_2/ISIC_0029440.jpg,NV,NV,1,1,0.9953160285949707,True
ISIC_0025968,,data/processed/ham10000/images/HAM10000_images_part_1/ISIC_0025968.jpg,NV,NV,1,1,0.9959805011749268,True
ISIC_0028934,,data/processed/ham10000/images/HAM10000_images_part_1/ISIC_0028934.jpg,NV,NV,1,1,0.9821118116378784,True
ISIC_0024321,,data/processed/ham10000/images/HAM10000_images_part_1/ISIC_0024321.jpg,NV,NV,1,1,0.9958451390266418,True
ISIC_0025296,,data/processed/ham10000/images/HAM10000_images_part_1/ISIC_0025296.jpg,NV,NV,1,1,0.9971261620521545,True
ISIC_0030037,,data/processed/ham10000/images/HAM10000_images_part_2/ISIC_0030037.jpg,NV,NV,1,1,0.9977495074272156,True
ISIC_0025549,,data/processed/ham10000/images/HAM10000_images_part_1/ISIC_0025549.jpg,NV,NV,1,1,0.9980177879333496,True
ISIC_0026224,,data/processed/ham10000/images/HAM10000_images_part_1/ISIC_0026224.jpg,NV,NV,1,1,0.987765908241272,True
ISIC_0025714,,data/processed/ham10000/images/HAM10000_images_part_1/ISIC_0025714.jpg,NV,NV,1,1,0.9854528307914734,True
ISIC_0032239,,data/processed/ham10000/images/HAM10000_images_part_2/ISIC_0032239.jpg,NV,NV,1,1,0.9485346674919128,True
ISIC_0026261,,data/processed/ham10000/images/HAM10000_images_part_1/ISIC_0026261.jpg,NV,NV,1,1,0.9963558912277222,True
ISIC_0027214,,data/processed/ham10000/images/HAM10000_images_part_1/ISIC_0027214.jpg,NV,NV,1,1,0.9967151880264282,True
ISIC_0028422,,data/processed/ham10000/images/HAM10000_images_part_1/ISIC_0028422.jpg,NV,NV,1,1,0.9956884980201721,True
ISIC_0028695,,data/processed/ham10000/images/HAM10000_images_part_1/ISIC_0028695.jpg,NV,NV,1,1,0.9985993504524231,True
ISIC_0031383,,data/processed/ham10000/images/HAM10000_images_part_2/ISIC_0031383.jpg,NV,NV,1,1,0.97652268409729,True
ISIC_0029992,,data/processed/ham10000/images/HAM10000_images_part_2/ISIC_0029992.jpg,NV,NV,1,1,0.9992927312850952,True
ISIC_0025183,,data/processed/ham10000/images/HAM10000_images_part_1/ISIC_0025183.jpg,NV,NV,1,1,0.9987037181854248,True
ISIC_0026701,,data/processed/ham10000/images/HAM10000_images_part_1/ISIC_0026701.jpg,NV,NV,1,1,0.9886000752449036,True
ISIC_0032004,,data/processed/ham10000/images/HAM10000_images_part_2/ISIC_0032004.jpg,NV,NV,1,1,0.974658727645874,True
ISIC_0032413,,data/processed/ham10000/images/HAM10000_images_part_2/ISIC_0032413.jpg,NV,NV,1,1,0.9924559593200684,True
ISIC_0029125,,data/processed/ham10000/images/HAM10000_images_part_1/ISIC_0029125.jpg,NV,NV,1,1,0.9973973035812378,True
ISIC_0032180,,data/processed/ham10000/images/HAM10000_images_part_2/ISIC_0032180.jpg,NV,NV,1,1,0.9977313876152039,True
ISIC_0032083,,data/processed/ham10000/images/HAM10000_images_part_2/ISIC_0032083.jpg,NV,NV,1,1,0.9948424696922302,True
ISIC_0024820,,data/processed/ham10000/images/HAM10000_images_part_1/ISIC_0024820.jpg,NV,NV,1,1,0.9982743263244629,True
ISIC_0027491,,data/processed/ham10000/images/HAM10000_images_part_1/ISIC_0027491.jpg,NV,NV,1,1,0.9944047927856445,True
ISIC_0025701,,data/processed/ham10000/images/HAM10000_images_part_1/ISIC_0025701.jpg,NV,NV,1,1,0.7674089074134827,True
ISIC_0030989,,data/processed/ham10000/images/HAM10000_images_part_2/ISIC_0030989.jpg,NV,NV,1,1,0.9939612150192261,True
ISIC_0027962,,data/processed/ham10000/images/HAM10000_images_part_1/ISIC_0027962.jpg,NV,NV,1,1,0.9932786822319031,True
ISIC_0027325,,data/processed/ham10000/images/HAM10000_images_part_1/ISIC_0027325.jpg,NV,NV,1,1,0.99930739402771,True
ISIC_0029423,,data/processed/ham10000/images/HAM10000_images_part_2/ISIC_0029423.jpg,NV,NV,1,1,0.9989076852798462,True
ISIC_0028514,,data/processed/ham10000/images/HAM10000_images_part_1/ISIC_0028514.jpg,NV,NV,1,1,0.9923381805419922,True
ISIC_0025137,,data/processed/ham10000/images/HAM10000_images_part_1/ISIC_0025137.jpg,NV,NV,1,1,0.998318076133728,True
ISIC_0027048,,data/processed/ham10000/images/HAM10000_images_part_1/ISIC_0027048.jpg,NV,NV,1,1,0.9982067346572876,True
ISIC_0027895,,data/processed/ham10000/images/HAM10000_images_part_1/ISIC_0027895.jpg,NV,NV,1,1,0.9926167130470276,True
ISIC_0024685,,data/processed/ham10000/images/HAM10000_images_part_1/ISIC_0024685.jpg,NV,NV,1,1,0.9960201382637024,True
ISIC_0027232,,data/processed/ham10000/images/HAM10000_images_part_1/ISIC_0027232.jpg,NV,NV,1,1,0.9658452272415161,True
ISIC_0027259,,data/processed/ham10000/images/HAM10000_images_part_1/ISIC_0027259.jpg,NV,NV,1,1,0.997883141040802,True
ISIC_0029377,,data/processed/ham10000/images/HAM10000_images_part_2/ISIC_0029377.jpg,NV,NV,1,1,0.9939245581626892,True
ISIC_0031775,,data/processed/ham10000/images/HAM10000_images_part_2/ISIC_0031775.jpg,NV,NV,1,1,0.9907122254371643,True
ISIC_0026683,,data/processed/ham10000/images/HAM10000_images_part_1/ISIC_0026683.jpg,NV,NV,1,1,0.9979268312454224,True
ISIC_0031089,,data/processed/ham10000/images/HAM10000_images_part_2/ISIC_0031089.jpg,NV,NV,1,1,0.993751585483551,True
ISIC_0026896,,data/processed/ham10000/images/HAM10000_images_part_1/ISIC_0026896.jpg,NV,NV,1,1,0.9882105588912964,True
ISIC_0031141,,data/processed/ham10000/images/HAM10000_images_part_2/ISIC_0031141.jpg,NV,NV,1,1,0.9985643029212952,True
ISIC_0025448,,data/processed/ham10000/images/HAM10000_images_part_1/ISIC_0025448.jpg,NV,NV,1,1,0.9981762170791626,True
ISIC_0028071,,data/processed/ham10000/images/HAM10000_images_part_1/ISIC_0028071.jpg,NV,NV,1,1,0.9989506006240845,True
ISIC_0031679,,data/processed/ham10000/images/HAM10000_images_part_2/ISIC_0031679.jpg,NV,NV,1,1,0.9953235983848572,True
ISIC_0026119,,data/processed/ham10000/images/HAM10000_images_part_1/ISIC_0026119.jpg,NV,NV,1,1,0.9931134581565857,True
ISIC_0028674,,data/processed/ham10000/images/HAM10000_images_part_1/ISIC_0028674.jpg,NV,NV,1,1,0.9661238789558411,True
ISIC_0030073,,data/processed/ham10000/images/HAM10000_images_part_2/ISIC_0030073.jpg,NV,NV,1,1,0.9985843896865845,True
ISIC_0027570,,data/processed/ham10000/images/HAM10000_images_part_1/ISIC_0027570.jpg,NV,NV,1,1,0.9770697355270386,True
ISIC_0030764,,data/processed/ham10000/images/HAM10000_images_part_2/ISIC_0030764.jpg,NV,NV,1,1,0.9934940934181213,True
ISIC_0030718,,data/processed/ham10000/images/HAM10000_images_part_2/ISIC_0030718.jpg,NV,NV,1,1,0.9925282001495361,True
ISIC_0030220,,data/processed/ham10000/images/HAM10000_images_part_2/ISIC_0030220.jpg,NV,NV,1,1,0.981748640537262,True
ISIC_0025125,,data/processed/ham10000/images/HAM10000_images_part_1/ISIC_0025125.jpg,NV,NV,1,1,0.8606964945793152,True
ISIC_0024568,,data/processed/ham10000/images/HAM10000_images_part_1/ISIC_0024568.jpg,NV,NV,1,1,0.9974294304847717,True
ISIC_0025561,,data/processed/ham10000/images/HAM10000_images_part_1/ISIC_0025561.jpg,NV,NV,1,1,0.9991942048072815,True
ISIC_0030863,,data/processed/ham10000/images/HAM10000_images_part_2/ISIC_0030863.jpg,NV,NV,1,1,0.9932518601417542,True
ISIC_0029050,,data/processed/ham10000/images/HAM10000_images_part_1/ISIC_0029050.jpg,NV,NV,1,1,0.9878919124603271,True
ISIC_0024427,,data/processed/ham10000/images/HAM10000_images_part_1/ISIC_0024427.jpg,NV,NV,1,1,0.9909719228744507,True
ISIC_0027247,,data/processed/ham10000/images/HAM10000_images_part_1/ISIC_0027247.jpg,NV,NV,1,1,0.997297465801239,True
ISIC_0029595,,data/processed/ham10000/images/HAM10000_images_part_2/ISIC_0029595.jpg,NV,NV,1,1,0.9893226027488708,True
ISIC_0026597,,data/processed/ham10000/images/HAM10000_images_part_1/ISIC_0026597.jpg,NV,NV,1,1,0.9975959658622742,True
ISIC_0026838,,data/processed/ham10000/images/HAM10000_images_part_1/ISIC_0026838.jpg,NV,NV,1,1,0.9980549812316895,True
ISIC_0029016,,data/processed/ham10000/images/HAM10000_images_part_1/ISIC_0029016.jpg,NV,NV,1,1,0.9949382543563843,True
ISIC_0030927,,data/processed/ham10000/images/HAM10000_images_part_2/ISIC_0030927.jpg,NV,NV,1,1,0.9946959614753723,True
ISIC_0028387,,data/processed/ham10000/images/HAM10000_images_part_1/ISIC_0028387.jpg,NV,NV,1,1,0.6101242303848267,True
ISIC_0024826,,data/processed/ham10000/images/HAM10000_images_part_1/ISIC_0024826.jpg,NV,NV,1,1,0.9968814849853516,True
ISIC_0030221,,data/processed/ham10000/images/HAM10000_images_part_2/ISIC_0030221.jpg,NV,NV,1,1,0.9427182674407959,True
ISIC_0029378,,data/processed/ham10000/images/HAM10000_images_part_2/ISIC_0029378.jpg,NV,NV,1,1,0.993979811668396,True
ISIC_0025200,,data/processed/ham10000/images/HAM10000_images_part_1/ISIC_0025200.jpg,NV,NV,1,1,0.9859070777893066,True
ISIC_0027439,,data/processed/ham10000/images/HAM10000_images_part_1/ISIC_0027439.jpg,NV,NV,1,1,0.9939914345741272,True
ISIC_0026461,,data/processed/ham10000/images/HAM10000_images_part_1/ISIC_0026461.jpg,NV,NV,1,1,0.9906489253044128,True
ISIC_0026184,,data/processed/ham10000/images/HAM10000_images_part_1/ISIC_0026184.jpg,NV,NV,1,1,0.9989368319511414,True
ISIC_0029684,,data/processed/ham10000/images/HAM10000_images_part_2/ISIC_0029684.jpg,NV,NV,1,1,0.9807054400444031,True
ISIC_0025343,,data/processed/ham10000/images/HAM10000_images_part_1/ISIC_0025343.jpg,NV,NV,1,1,0.9981897473335266,True
ISIC_0026412,,data/processed/ham10000/images/HAM10000_images_part_1/ISIC_0026412.jpg,NV,NV,1,1,0.9977287650108337,True
ISIC_0032094,,data/processed/ham10000/images/HAM10000_images_part_2/ISIC_0032094.jpg,NV,NV,1,1,0.9991477727890015,True
ISIC_0027885,,data/processed/ham10000/images/HAM10000_images_part_1/ISIC_0027885.jpg,NV,NV,1,1,0.9983450174331665,True
ISIC_0028248,,data/processed/ham10000/images/HAM10000_images_part_1/ISIC_0028248.jpg,NV,NV,1,1,0.9955856800079346,True
ISIC_0026469,,data/processed/ham10000/images/HAM10000_images_part_1/ISIC_0026469.jpg,NV,NV,1,1,0.9971670508384705,True
ISIC_0028991,,data/processed/ham10000/images/HAM10000_images_part_1/ISIC_0028991.jpg,NV,NV,1,1,0.9886341094970703,True
ISIC_0030495,,data/processed/ham10000/images/HAM10000_images_part_2/ISIC_0030495.jpg,NV,NV,1,1,0.998611569404602,True
ISIC_0026550,,data/processed/ham10000/images/HAM10000_images_part_1/ISIC_0026550.jpg,NV,NV,1,1,0.9990046620368958,True
ISIC_0031467,,data/processed/ham10000/images/HAM10000_images_part_2/ISIC_0031467.jpg,NV,NV,1,1,0.9981271624565125,True
ISIC_0032196,,data/processed/ham10000/images/HAM10000_images_part_2/ISIC_0032196.jpg,NV,NV,1,1,0.9977564215660095,True
ISIC_0030884,,data/processed/ham10000/images/HAM10000_images_part_2/ISIC_0030884.jpg,NV,NV,1,1,0.9958147406578064,True
ISIC_0028729,,data/processed/ham10000/images/HAM10000_images_part_1/ISIC_0028729.jpg,NV,NV,1,1,0.998768150806427,True
ISIC_0027696,,data/processed/ham10000/images/HAM10000_images_part_1/ISIC_0027696.jpg,NV,NV,1,1,0.9913041591644287,True
ISIC_0032370,,data/processed/ham10000/images/HAM10000_images_part_2/ISIC_0032370.jpg,NV,NV,1,1,0.9997673630714417,True
ISIC_0029071,,data/processed/ham10000/images/HAM10000_images_part_1/ISIC_0029071.jpg,NV,NV,1,1,0.9975937008857727,True
ISIC_0024405,,data/processed/ham10000/images/HAM10000_images_part_1/ISIC_0024405.jpg,NV,NV,1,1,0.9980480670928955,True
ISIC_0029503,,data/processed/ham10000/images/HAM10000_images_part_2/ISIC_0029503.jpg,NV,NV,1,1,0.9971053004264832,True
ISIC_0024388,,data/processed/ham10000/images/HAM10000_images_part_1/ISIC_0024388.jpg,NV,NV,1,1,0.9643751978874207,True
ISIC_0029858,,data/processed/ham10000/images/HAM10000_images_part_2/ISIC_0029858.jpg,NV,NV,1,1,0.9978038668632507,True
ISIC_0025773,,data/processed/ham10000/images/HAM10000_images_part_1/ISIC_0025773.jpg,NV,NV,1,1,0.9884817600250244,True
ISIC_0027132,,data/processed/ham10000/images/HAM10000_images_part_1/ISIC_0027132.jpg,NV,NV,1,1,0.998256504535675,True
ISIC_0024719,,data/processed/ham10000/images/HAM10000_images_part_1/ISIC_0024719.jpg,NV,NV,1,1,0.99739670753479,True
ISIC_0028778,,data/processed/ham10000/images/HAM10000_images_part_1/ISIC_0028778.jpg,NV,NV,1,1,0.9991936087608337,True
ISIC_0029156,,data/processed/ham10000/images/HAM10000_images_part_1/ISIC_0029156.jpg,NV,NV,1,1,0.9927018880844116,True
ISIC_0030294,,data/processed/ham10000/images/HAM10000_images_part_2/ISIC_0030294.jpg,NV,NV,1,1,0.9890775680541992,True
ISIC_0032117,,data/processed/ham10000/images/HAM10000_images_part_2/ISIC_0032117.jpg,NV,NV,1,1,0.9822072982788086,True
ISIC_0030999,,data/processed/ham10000/images/HAM10000_images_part_2/ISIC_0030999.jpg,NV,NV,1,1,0.9560018181800842,True
ISIC_0027592,,data/processed/ham10000/images/HAM10000_images_part_1/ISIC_0027592.jpg,NV,NV,1,1,0.9773674607276917,True
ISIC_0030799,,data/processed/ham10000/images/HAM10000_images_part_2/ISIC_0030799.jpg,NV,NV,1,1,0.9960528612136841,True
ISIC_0031634,,data/processed/ham10000/images/HAM10000_images_part_2/ISIC_0031634.jpg,NV,NV,1,1,0.9944396018981934,True
ISIC_0028796,,data/processed/ham10000/images/HAM10000_images_part_1/ISIC_0028796.jpg,NV,NV,1,1,0.9974552989006042,True
ISIC_0028340,,data/processed/ham10000/images/HAM10000_images_part_1/ISIC_0028340.jpg,NV,NV,1,1,0.9991683959960938,True
ISIC_0026507,,data/processed/ham10000/images/HAM10000_images_part_1/ISIC_0026507.jpg,NV,NV,1,1,0.9923495054244995,True
ISIC_0027092,,data/processed/ham10000/images/HAM10000_images_part_1/ISIC_0027092.jpg,NV,NV,1,1,0.9984493255615234,True
ISIC_0032053,,data/processed/ham10000/images/HAM10000_images_part_2/ISIC_0032053.jpg,NV,NV,1,1,0.9950146079063416,True
ISIC_0026221,,data/processed/ham10000/images/HAM10000_images_part_1/ISIC_0026221.jpg,NV,NV,1,1,0.9930885434150696,True
ISIC_0030213,,data/processed/ham10000/images/HAM10000_images_part_2/ISIC_0030213.jpg,NV,NV,1,1,0.9958996176719666,True
ISIC_0025733,,data/processed/ham10000/images/HAM10000_images_part_1/ISIC_0025733.jpg,NV,NV,1,1,0.9963829517364502,True
ISIC_0026357,,data/processed/ham10000/images/HAM10000_images_part_1/ISIC_0026357.jpg,NV,NV,1,1,0.9959008097648621,True
ISIC_0031729,,data/processed/ham10000/images/HAM10000_images_part_2/ISIC_0031729.jpg,NV,NV,1,1,0.9963076114654541,True
ISIC_0027185,,data/processed/ham10000/images/HAM10000_images_part_1/ISIC_0027185.jpg,NV,NV,1,1,0.9979544878005981,True
ISIC_0026155,,data/processed/ham10000/images/HAM10000_images_part_1/ISIC_0026155.jpg,NV,NV,1,1,0.999165415763855,True
ISIC_0024737,,data/processed/ham10000/images/HAM10000_images_part_1/ISIC_0024737.jpg,NV,NV,1,1,0.996829092502594,True
ISIC_0025923,,data/processed/ham10000/images/HAM10000_images_part_1/ISIC_0025923.jpg,NV,NV,1,1,0.9991503953933716,True
ISIC_0025011,,data/processed/ham10000/images/HAM10000_images_part_1/ISIC_0025011.jpg,NV,NV,1,1,0.9938690066337585,True
ISIC_0025348,,data/processed/ham10000/images/HAM10000_images_part_1/ISIC_0025348.jpg,NV,NV,1,1,0.9848068952560425,True
ISIC_0024956,,data/processed/ham10000/images/HAM10000_images_part_1/ISIC_0024956.jpg,NV,NV,1,1,0.9986250400543213,True
ISIC_0031370,,data/processed/ham10000/images/HAM10000_images_part_2/ISIC_0031370.jpg,NV,NV,1,1,0.995137631893158,True
ISIC_0028661,,data/processed/ham10000/images/HAM10000_images_part_1/ISIC_0028661.jpg,NV,NV,1,1,0.9973021745681763,True
ISIC_0026127,,data/processed/ham10000/images/HAM10000_images_part_1/ISIC_0026127.jpg,NV,NV,1,1,0.9930815100669861,True
ISIC_0032252,,data/processed/ham10000/images/HAM10000_images_part_2/ISIC_0032252.jpg,NV,NV,1,1,0.9893423318862915,True
ISIC_0031739,,data/processed/ham10000/images/HAM10000_images_part_2/ISIC_0031739.jpg,NV,NV,1,1,0.994387149810791,True
ISIC_0027940,,data/processed/ham10000/images/HAM10000_images_part_1/ISIC_0027940.jpg,NV,NV,1,1,0.9973056316375732,True
ISIC_0029497,,data/processed/ham10000/images/HAM10000_images_part_2/ISIC_0029497.jpg,NV,NV,1,1,0.9928601384162903,True
ISIC_0029398,,data/processed/ham10000/images/HAM10000_images_part_2/ISIC_0029398.jpg,NV,NV,1,1,0.9968199729919434,True
ISIC_0027380,,data/processed/ham10000/images/HAM10000_images_part_1/ISIC_0027380.jpg,NV,NV,1,1,0.9801554083824158,True
ISIC_0028986,,data/processed/ham10000/images/HAM10000_images_part_1/ISIC_0028986.jpg,NV,NV,1,1,0.9960671067237854,True
ISIC_0025190,,data/processed/ham10000/images/HAM10000_images_part_1/ISIC_0025190.jpg,NV,NV,1,1,0.9972438812255859,True
ISIC_0028748,,data/processed/ham10000/images/HAM10000_images_part_1/ISIC_0028748.jpg,NV,NV,1,1,0.9972646236419678,True
ISIC_0031235,,data/processed/ham10000/images/HAM10000_images_part_2/ISIC_0031235.jpg,NV,NV,1,1,0.9991074204444885,True
ISIC_0028391,,data/processed/ham10000/images/HAM10000_images_part_1/ISIC_0028391.jpg,NV,NV,1,1,0.9988604784011841,True
ISIC_0029768,,data/processed/ham10000/images/HAM10000_images_part_2/ISIC_0029768.jpg,NV,NV,1,1,0.9979535341262817,True
ISIC_0027543,,data/processed/ham10000/images/HAM10000_images_part_1/ISIC_0027543.jpg,NV,NV,1,1,0.9985496401786804,True
ISIC_0030527,,data/processed/ham10000/images/HAM10000_images_part_2/ISIC_0030527.jpg,NV,NV,1,1,0.9951865077018738,True
ISIC_0025608,,data/processed/ham10000/images/HAM10000_images_part_1/ISIC_0025608.jpg,NV,NV,1,1,0.9977905750274658,True
ISIC_0029122,,data/processed/ham10000/images/HAM10000_images_part_1/ISIC_0029122.jpg,NV,NV,1,1,0.9928662776947021,True
ISIC_0029732,,data/processed/ham10000/images/HAM10000_images_part_2/ISIC_0029732.jpg,NV,NV,1,1,0.9964686632156372,True
ISIC_0026387,,data/processed/ham10000/images/HAM10000_images_part_1/ISIC_0026387.jpg,NV,NV,1,1,0.998121440410614,True
ISIC_0032416,,data/processed/ham10000/images/HAM10000_images_part_2/ISIC_0032416.jpg,NV,NV,1,1,0.9946866035461426,True
ISIC_0029622,,data/processed/ham10000/images/HAM10000_images_part_2/ISIC_0029622.jpg,NV,NV,1,1,0.9987488985061646,True
ISIC_0031022,,data/processed/ham10000/images/HAM10000_images_part_2/ISIC_0031022.jpg,NV,NV,1,1,0.9987025260925293,True
ISIC_0030199,,data/processed/ham10000/images/HAM10000_images_part_2/ISIC_0030199.jpg,NV,NV,1,1,0.9958569407463074,True
ISIC_0029691,,data/processed/ham10000/images/HAM10000_images_part_2/ISIC_0029691.jpg,NV,NV,1,1,0.9920853972434998,True
ISIC_0029882,,data/processed/ham10000/images/HAM10000_images_part_2/ISIC_0029882.jpg,NV,NV,1,1,0.9951823353767395,True
ISIC_0024769,,data/processed/ham10000/images/HAM10000_images_part_1/ISIC_0024769.jpg,NV,NV,1,1,0.9826744198799133,True
ISIC_0025494,,data/processed/ham10000/images/HAM10000_images_part_1/ISIC_0025494.jpg,NV,NV,1,1,0.9498364925384521,True
ISIC_0030178,,data/processed/ham10000/images/HAM10000_images_part_2/ISIC_0030178.jpg,NV,NV,1,1,0.9992031455039978,True
ISIC_0029058,,data/processed/ham10000/images/HAM10000_images_part_1/ISIC_0029058.jpg,NV,NV,1,1,0.9943530559539795,True
ISIC_0028382,,data/processed/ham10000/images/HAM10000_images_part_1/ISIC_0028382.jpg,NV,NV,1,1,0.9525231122970581,True
ISIC_0026082,,data/processed/ham10000/images/HAM10000_images_part_1/ISIC_0026082.jpg,NV,NV,1,1,0.9925434589385986,True
ISIC_0025462,,data/processed/ham10000/images/HAM10000_images_part_1/ISIC_0025462.jpg,NV,NV,1,1,0.9998800754547119,True
ISIC_0032503,,data/processed/ham10000/images/HAM10000_images_part_2/ISIC_0032503.jpg,NV,NV,1,1,0.9961483478546143,True
ISIC_0028470,,data/processed/ham10000/images/HAM10000_images_part_1/ISIC_0028470.jpg,NV,NV,1,1,0.9914252758026123,True
ISIC_0026418,,data/processed/ham10000/images/HAM10000_images_part_1/ISIC_0026418.jpg,NV,NV,1,1,0.9900941252708435,True
ISIC_0030386,,data/processed/ham10000/images/HAM10000_images_part_2/ISIC_0030386.jpg,NV,NV,1,1,0.978694498538971,True
ISIC_0032401,,data/processed/ham10000/images/HAM10000_images_part_2/ISIC_0032401.jpg,NV,NV,1,1,0.9970378875732422,True
ISIC_0027993,,data/processed/ham10000/images/HAM10000_images_part_1/ISIC_0027993.jpg,NV,NV,1,1,0.9978988170623779,True
ISIC_0024613,,data/processed/ham10000/images/HAM10000_images_part_1/ISIC_0024613.jpg,NV,NV,1,1,0.9991890788078308,True
ISIC_0028070,,data/processed/ham10000/images/HAM10000_images_part_1/ISIC_0028070.jpg,NV,NV,1,1,0.9963861703872681,True
ISIC_0026917,,data/processed/ham10000/images/HAM10000_images_part_1/ISIC_0026917.jpg,NV,NV,1,1,0.9979856014251709,True
ISIC_0027804,,data/processed/ham10000/images/HAM10000_images_part_1/ISIC_0027804.jpg,NV,NV,1,1,0.9988825917243958,True
ISIC_0030304,,data/processed/ham10000/images/HAM10000_images_part_2/ISIC_0030304.jpg,NV,NV,1,1,0.9897894263267517,True
ISIC_0025445,,data/processed/ham10000/images/HAM10000_images_part_1/ISIC_0025445.jpg,NV,NV,1,1,0.9982182383537292,True
ISIC_0024509,,data/processed/ham10000/images/HAM10000_images_part_1/ISIC_0024509.jpg,NV,NV,1,1,0.99863201379776,True
ISIC_0031419,,data/processed/ham10000/images/HAM10000_images_part_2/ISIC_0031419.jpg,NV,NV,1,1,0.989846408367157,True
ISIC_0028996,,data/processed/ham10000/images/HAM10000_images_part_1/ISIC_0028996.jpg,NV,NV,1,1,0.9976213574409485,True
ISIC_0031840,,data/processed/ham10000/images/HAM10000_images_part_2/ISIC_0031840.jpg,NV,NV,1,1,0.9984080195426941,True
ISIC_0027014,,data/processed/ham10000/images/HAM10000_images_part_1/ISIC_0027014.jpg,NV,NV,1,1,0.9727219343185425,True
ISIC_0028374,,data/processed/ham10000/images/HAM10000_images_part_1/ISIC_0028374.jpg,NV,NV,1,1,0.9921028017997742,True
ISIC_0025991,,data/processed/ham10000/images/HAM10000_images_part_1/ISIC_0025991.jpg,NV,NV,1,1,0.9888527393341064,True
ISIC_0024335,,data/processed/ham10000/images/HAM10000_images_part_1/ISIC_0024335.jpg,NV,NV,1,1,0.9959108829498291,True
ISIC_0024614,,data/processed/ham10000/images/HAM10000_images_part_1/ISIC_0024614.jpg,NV,NV,1,1,0.9963178634643555,True
ISIC_0030572,,data/processed/ham10000/images/HAM10000_images_part_2/ISIC_0030572.jpg,NV,NV,1,1,0.9877354502677917,True
ISIC_0028181,,data/processed/ham10000/images/HAM10000_images_part_1/ISIC_0028181.jpg,NV,NV,1,1,0.9940515160560608,True
ISIC_0031324,,data/processed/ham10000/images/HAM10000_images_part_2/ISIC_0031324.jpg,NV,NV,1,1,0.9924129843711853,True
ISIC_0031058,,data/processed/ham10000/images/HAM10000_images_part_2/ISIC_0031058.jpg,NV,NV,1,1,0.9790938496589661,True
ISIC_0030577,,data/processed/ham10000/images/HAM10000_images_part_2/ISIC_0030577.jpg,NV,NV,1,1,0.9890336990356445,True
ISIC_0027555,,data/processed/ham10000/images/HAM10000_images_part_1/ISIC_0027555.jpg,NV,NV,1,1,0.9903494119644165,True
ISIC_0025423,,data/processed/ham10000/images/HAM10000_images_part_1/ISIC_0025423.jpg,NV,NV,1,1,0.9749014973640442,True
ISIC_0029144,,data/processed/ham10000/images/HAM10000_images_part_1/ISIC_0029144.jpg,NV,NV,1,1,0.9973165392875671,True
ISIC_0027619,,data/processed/ham10000/images/HAM10000_images_part_1/ISIC_0027619.jpg,NV,NV,1,1,0.9950973391532898,True
ISIC_0030212,,data/processed/ham10000/images/HAM10000_images_part_2/ISIC_0030212.jpg,NV,NV,1,1,0.9975458979606628,True
ISIC_0030043,,data/processed/ham10000/images/HAM10000_images_part_2/ISIC_0030043.jpg,NV,NV,1,1,0.9922377467155457,True
ISIC_0029648,,data/processed/ham10000/images/HAM10000_images_part_2/ISIC_0029648.jpg,NV,NV,1,1,0.9988762736320496,True
ISIC_0026662,,data/processed/ham10000/images/HAM10000_images_part_1/ISIC_0026662.jpg,NV,NV,1,1,0.9970491528511047,True
ISIC_0024742,,data/processed/ham10000/images/HAM10000_images_part_1/ISIC_0024742.jpg,NV,NV,1,1,0.9941400289535522,True
ISIC_0024622,,data/processed/ham10000/images/HAM10000_images_part_1/ISIC_0024622.jpg,NV,NV,1,1,0.9806022644042969,True
ISIC_0024905,,data/processed/ham10000/images/HAM10000_images_part_1/ISIC_0024905.jpg,NV,NV,1,1,0.9796239733695984,True
ISIC_0024677,,data/processed/ham10000/images/HAM10000_images_part_1/ISIC_0024677.jpg,NV,NV,1,1,0.9965050220489502,True
ISIC_0025821,,data/processed/ham10000/images/HAM10000_images_part_1/ISIC_0025821.jpg,NV,NV,1,1,0.9951128363609314,True
ISIC_0029237,,data/processed/ham10000/images/HAM10000_images_part_1/ISIC_0029237.jpg,NV,NV,1,1,0.9995908141136169,True
ISIC_0031075,,data/processed/ham10000/images/HAM10000_images_part_2/ISIC_0031075.jpg,NV,NV,1,1,0.9971676468849182,True
ISIC_0030716,,data/processed/ham10000/images/HAM10000_images_part_2/ISIC_0030716.jpg,NV,NV,1,1,0.9978256821632385,True
ISIC_0027330,,data/processed/ham10000/images/HAM10000_images_part_1/ISIC_0027330.jpg,NV,NV,1,1,0.9930189251899719,True
ISIC_0031549,,data/processed/ham10000/images/HAM10000_images_part_2/ISIC_0031549.jpg,NV,NV,1,1,0.9924571514129639,True
ISIC_0029325,,data/processed/ham10000/images/HAM10000_images_part_2/ISIC_0029325.jpg,NV,NV,1,1,0.9946179986000061,True
ISIC_0024633,,data/processed/ham10000/images/HAM10000_images_part_1/ISIC_0024633.jpg,NV,NV,1,1,0.9776551723480225,True
ISIC_0031842,,data/processed/ham10000/images/HAM10000_images_part_2/ISIC_0031842.jpg,NV,NV,1,1,0.9933899641036987,True
ISIC_0030834,,data/processed/ham10000/images/HAM10000_images_part_2/ISIC_0030834.jpg,NV,NV,1,1,0.9981322884559631,True
ISIC_0031684,,data/processed/ham10000/images/HAM10000_images_part_2/ISIC_0031684.jpg,NV,NV,1,1,0.9677568078041077,True
ISIC_0025163,,data/processed/ham10000/images/HAM10000_images_part_1/ISIC_0025163.jpg,NV,NV,1,1,0.9911201596260071,True
ISIC_0030132,,data/processed/ham10000/images/HAM10000_images_part_2/ISIC_0030132.jpg,NV,NV,1,1,0.9921228289604187,True
ISIC_0030474,,data/processed/ham10000/images/HAM10000_images_part_2/ISIC_0030474.jpg,NV,NV,1,1,0.9970411658287048,True
ISIC_0032259,,data/processed/ham10000/images/HAM10000_images_part_2/ISIC_0032259.jpg,NV,NV,1,1,0.967205822467804,True
ISIC_0024438,,data/processed/ham10000/images/HAM10000_images_part_1/ISIC_0024438.jpg,NV,NV,1,1,0.9995920062065125,True
ISIC_0026077,,data/processed/ham10000/images/HAM10000_images_part_1/ISIC_0026077.jpg,NV,NV,1,1,0.9858350157737732,True
ISIC_0031758,,data/processed/ham10000/images/HAM10000_images_part_2/ISIC_0031758.jpg,NV,NV,1,1,0.9983776807785034,True
ISIC_0025110,,data/processed/ham10000/images/HAM10000_images_part_1/ISIC_0025110.jpg,NV,NV,1,1,0.9910426139831543,True
ISIC_0029766,,data/processed/ham10000/images/HAM10000_images_part_2/ISIC_0029766.jpg,NV,NV,1,1,0.968440592288971,True
ISIC_0030994,,data/processed/ham10000/images/HAM10000_images_part_2/ISIC_0030994.jpg,NV,NV,1,1,0.8805920481681824,True
ISIC_0028624,,data/processed/ham10000/images/HAM10000_images_part_1/ISIC_0028624.jpg,NV,NV,1,1,0.9967679977416992,True
ISIC_0027692,,data/processed/ham10000/images/HAM10000_images_part_1/ISIC_0027692.jpg,NV,NV,1,1,0.9911777377128601,True
ISIC_0025537,,data/processed/ham10000/images/HAM10000_images_part_1/ISIC_0025537.jpg,NV,NV,1,1,0.987017810344696,True
ISIC_0028125,,data/processed/ham10000/images/HAM10000_images_part_1/ISIC_0028125.jpg,NV,NV,1,1,0.9902563095092773,True
ISIC_0026680,,data/processed/ham10000/images/HAM10000_images_part_1/ISIC_0026680.jpg,NV,NV,1,1,0.9960969090461731,True
ISIC_0027511,,data/processed/ham10000/images/HAM10000_images_part_1/ISIC_0027511.jpg,NV,NV,1,1,0.9953603148460388,True
ISIC_0027890,,data/processed/ham10000/images/HAM10000_images_part_1/ISIC_0027890.jpg,NV,NV,1,1,0.9933329224586487,True
ISIC_0026198,,data/processed/ham10000/images/HAM10000_images_part_1/ISIC_0026198.jpg,NV,NV,1,1,0.9994832277297974,True
ISIC_0024354,,data/processed/ham10000/images/HAM10000_images_part_1/ISIC_0024354.jpg,NV,NV,1,1,0.9973012804985046,True
ISIC_0031616,,data/processed/ham10000/images/HAM10000_images_part_2/ISIC_0031616.jpg,NV,NV,1,1,0.9939451813697815,True
ISIC_0027342,,data/processed/ham10000/images/HAM10000_images_part_1/ISIC_0027342.jpg,NV,NV,1,1,0.9952687621116638,True
ISIC_0029969,,data/processed/ham10000/images/HAM10000_images_part_2/ISIC_0029969.jpg,NV,NV,1,1,0.9954798221588135,True
ISIC_0024810,,data/processed/ham10000/images/HAM10000_images_part_1/ISIC_0024810.jpg,NV,NV,1,1,0.9695830941200256,True
ISIC_0024627,,data/processed/ham10000/images/HAM10000_images_part_1/ISIC_0024627.jpg,NV,NV,1,1,0.9914209246635437,True
ISIC_0029207,,data/processed/ham10000/images/HAM10000_images_part_1/ISIC_0029207.jpg,NV,NV,1,1,0.9920349717140198,True
ISIC_0026616,,data/processed/ham10000/images/HAM10000_images_part_1/ISIC_0026616.jpg,NV,NV,1,1,0.9865171909332275,True
ISIC_0031683,,data/processed/ham10000/images/HAM10000_images_part_2/ISIC_0031683.jpg,NV,NV,1,1,0.9945713877677917,True
ISIC_0029275,,data/processed/ham10000/images/HAM10000_images_part_1/ISIC_0029275.jpg,NV,NV,1,1,0.9929050803184509,True
ISIC_0026483,,data/processed/ham10000/images/HAM10000_images_part_1/ISIC_0026483.jpg,NV,NV,1,1,0.9925530552864075,True
ISIC_0030216,,data/processed/ham10000/images/HAM10000_images_part_2/ISIC_0030216.jpg,NV,NV,1,1,0.870464563369751,True
ISIC_0030345,,data/processed/ham10000/images/HAM10000_images_part_2/ISIC_0030345.jpg,NV,NV,1,1,0.9976147413253784,True
ISIC_0027676,,data/processed/ham10000/images/HAM10000_images_part_1/ISIC_0027676.jpg,NV,NV,1,1,0.9989572763442993,True
ISIC_0028703,,data/processed/ham10000/images/HAM10000_images_part_1/ISIC_0028703.jpg,NV,NV,1,1,0.9970248341560364,True
ISIC_0024966,,data/processed/ham10000/images/HAM10000_images_part_1/ISIC_0024966.jpg,NV,NV,1,1,0.9882776141166687,True
ISIC_0031096,,data/processed/ham10000/images/HAM10000_images_part_2/ISIC_0031096.jpg,NV,NV,1,1,0.9935785531997681,True
ISIC_0027441,,data/processed/ham10000/images/HAM10000_images_part_1/ISIC_0027441.jpg,NV,NV,1,1,0.9973837733268738,True
ISIC_0030551,,data/processed/ham10000/images/HAM10000_images_part_2/ISIC_0030551.jpg,NV,BKL,1,4,0.8740737438201904,False
ISIC_0027864,,data/processed/ham10000/images/HAM10000_images_part_1/ISIC_0027864.jpg,NV,NV,1,1,0.997631311416626,True
ISIC_0029552,,data/processed/ham10000/images/HAM10000_images_part_2/ISIC_0029552.jpg,NV,NV,1,1,0.9938695430755615,True
ISIC_0031788,,data/processed/ham10000/images/HAM10000_images_part_2/ISIC_0031788.jpg,NV,NV,1,1,0.996073842048645,True
ISIC_0031397,,data/processed/ham10000/images/HAM10000_images_part_2/ISIC_0031397.jpg,NV,NV,1,1,0.9747813940048218,True
ISIC_0025848,,data/processed/ham10000/images/HAM10000_images_part_1/ISIC_0025848.jpg,NV,NV,1,1,0.9930121302604675,True
ISIC_0030325,,data/processed/ham10000/images/HAM10000_images_part_2/ISIC_0030325.jpg,NV,NV,1,1,0.998798131942749,True
ISIC_0028171,,data/processed/ham10000/images/HAM10000_images_part_1/ISIC_0028171.jpg,NV,NV,1,1,0.995162308216095,True
ISIC_0027792,,data/processed/ham10000/images/HAM10000_images_part_1/ISIC_0027792.jpg,NV,NV,1,1,0.9677178263664246,True
ISIC_0032000,,data/processed/ham10000/images/HAM10000_images_part_2/ISIC_0032000.jpg,NV,NV,1,1,0.9869967699050903,True
ISIC_0024485,,data/processed/ham10000/images/HAM10000_images_part_1/ISIC_0024485.jpg,NV,NV,1,1,0.997141420841217,True
ISIC_0027443,,data/processed/ham10000/images/HAM10000_images_part_1/ISIC_0027443.jpg,NV,NV,1,1,0.9947054982185364,True
ISIC_0031983,,data/processed/ham10000/images/HAM10000_images_part_2/ISIC_0031983.jpg,NV,NV,1,1,0.9957250356674194,True
ISIC_0026450,,data/processed/ham10000/images/HAM10000_images_part_1/ISIC_0026450.jpg,NV,NV,1,1,0.9941113591194153,True
ISIC_0028638,,data/processed/ham10000/images/HAM10000_images_part_1/ISIC_0028638.jpg,NV,NV,1,1,0.9340307712554932,True
ISIC_0029734,,data/processed/ham10000/images/HAM10000_images_part_2/ISIC_0029734.jpg,NV,NV,1,1,0.99662846326828,True
ISIC_0027039,,data/processed/ham10000/images/HAM10000_images_part_1/ISIC_0027039.jpg,NV,NV,1,1,0.9604827761650085,True
ISIC_0030472,,data/processed/ham10000/images/HAM10000_images_part_2/ISIC_0030472.jpg,NV,NV,1,1,0.991375744342804,True
ISIC_0029807,,data/processed/ham10000/images/HAM10000_images_part_2/ISIC_0029807.jpg,NV,NV,1,1,0.8874817490577698,True
ISIC_0024417,,data/processed/ham10000/images/HAM10000_images_part_1/ISIC_0024417.jpg,NV,NV,1,1,0.9939443469047546,True
ISIC_0025037,,data/processed/ham10000/images/HAM10000_images_part_1/ISIC_0025037.jpg,NV,NV,1,1,0.996454119682312,True
ISIC_0029818,,data/processed/ham10000/images/HAM10000_images_part_2/ISIC_0029818.jpg,NV,NV,1,1,0.9809819459915161,True
ISIC_0032488,,data/processed/ham10000/images/HAM10000_images_part_2/ISIC_0032488.jpg,NV,NV,1,1,0.9987004995346069,True
ISIC_0027977,,data/processed/ham10000/images/HAM10000_images_part_1/ISIC_0027977.jpg,NV,NV,1,1,0.9984056353569031,True
ISIC_0030185,,data/processed/ham10000/images/HAM10000_images_part_2/ISIC_0030185.jpg,NV,NV,1,1,0.9973158240318298,True
ISIC_0029787,,data/processed/ham10000/images/HAM10000_images_part_2/ISIC_0029787.jpg,NV,NV,1,1,0.9988202452659607,True
ISIC_0027741,,data/processed/ham10000/images/HAM10000_images_part_1/ISIC_0027741.jpg,NV,NV,1,1,0.9989714622497559,True
ISIC_0024750,,data/processed/ham10000/images/HAM10000_images_part_1/ISIC_0024750.jpg,NV,NV,1,1,0.9985389709472656,True
ISIC_0030917,,data/processed/ham10000/images/HAM10000_images_part_2/ISIC_0030917.jpg,NV,NV,1,1,0.9979015588760376,True
ISIC_0024483,,data/processed/ham10000/images/HAM10000_images_part_1/ISIC_0024483.jpg,NV,NV,1,1,0.9913617968559265,True
ISIC_0031879,,data/processed/ham10000/images/HAM10000_images_part_2/ISIC_0031879.jpg,NV,NV,1,1,0.9888899326324463,True
ISIC_0027845,,data/processed/ham10000/images/HAM10000_images_part_1/ISIC_0027845.jpg,NV,NV,1,1,0.9844324588775635,True
ISIC_0026973,,data/processed/ham10000/images/HAM10000_images_part_1/ISIC_0026973.jpg,NV,NV,1,1,0.994692862033844,True
ISIC_0025725,,data/processed/ham10000/images/HAM10000_images_part_1/ISIC_0025725.jpg,NV,NV,1,1,0.9514209628105164,True
ISIC_0032390,,data/processed/ham10000/images/HAM10000_images_part_2/ISIC_0032390.jpg,NV,NV,1,1,0.994434654712677,True
ISIC_0032435,,data/processed/ham10000/images/HAM10000_images_part_2/ISIC_0032435.jpg,NV,NV,1,1,0.9839645624160767,True
ISIC_0031899,,data/processed/ham10000/images/HAM10000_images_part_2/ISIC_0031899.jpg,NV,NV,1,1,0.9983276724815369,True
ISIC_0029063,,data/processed/ham10000/images/HAM10000_images_part_1/ISIC_0029063.jpg,NV,NV,1,1,0.9927230477333069,True
ISIC_0031818,,data/processed/ham10000/images/HAM10000_images_part_2/ISIC_0031818.jpg,NV,NV,1,1,0.9963692426681519,True
ISIC_0026381,,data/processed/ham10000/images/HAM10000_images_part_1/ISIC_0026381.jpg,NV,NV,1,1,0.9969063401222229,True
ISIC_0029987,,data/processed/ham10000/images/HAM10000_images_part_2/ISIC_0029987.jpg,NV,NV,1,1,0.9841832518577576,True
ISIC_0030331,,data/processed/ham10000/images/HAM10000_images_part_2/ISIC_0030331.jpg,NV,NV,1,1,0.9975082874298096,True
ISIC_0024527,,data/processed/ham10000/images/HAM10000_images_part_1/ISIC_0024527.jpg,NV,NV,1,1,0.9959778189659119,True
ISIC_0031265,,data/processed/ham10000/images/HAM10000_images_part_2/ISIC_0031265.jpg,NV,NV,1,1,0.9860056638717651,True
ISIC_0031936,,data/processed/ham10000/images/HAM10000_images_part_2/ISIC_0031936.jpg,NV,NV,1,1,0.9923264980316162,True
ISIC_0031047,,data/processed/ham10000/images/HAM10000_images_part_2/ISIC_0031047.jpg,NV,NV,1,1,0.9606389999389648,True
ISIC_0030576,,data/processed/ham10000/images/HAM10000_images_part_2/ISIC_0030576.jpg,NV,NV,1,1,0.9915573596954346,True
ISIC_0027070,,data/processed/ham10000/images/HAM10000_images_part_1/ISIC_0027070.jpg,NV,NV,1,1,0.9976104497909546,True
ISIC_0027979,,data/processed/ham10000/images/HAM10000_images_part_1/ISIC_0027979.jpg,NV,NV,1,1,0.9950785636901855,True
ISIC_0025739,,data/processed/ham10000/images/HAM10000_images_part_1/ISIC_0025739.jpg,NV,NV,1,1,0.9992527365684509,True
ISIC_0026925,,data/processed/ham10000/images/HAM10000_images_part_1/ISIC_0026925.jpg,NV,NV,1,1,0.9961814880371094,True
ISIC_0027685,,data/processed/ham10000/images/HAM10000_images_part_1/ISIC_0027685.jpg,NV,NV,1,1,0.9942353367805481,True
ISIC_0032472,,data/processed/ham10000/images/HAM10000_images_part_2/ISIC_0032472.jpg,NV,NV,1,1,0.9880669116973877,True
ISIC_0028564,,data/processed/ham10000/images/HAM10000_images_part_1/ISIC_0028564.jpg,NV,NV,1,1,0.9929927587509155,True
ISIC_0026937,,data/processed/ham10000/images/HAM10000_images_part_1/ISIC_0026937.jpg,NV,NV,1,1,0.9738855361938477,True
ISIC_0028553,,data/processed/ham10000/images/HAM10000_images_part_1/ISIC_0028553.jpg,NV,NV,1,1,0.9955686926841736,True
ISIC_0026073,,data/processed/ham10000/images/HAM10000_images_part_1/ISIC_0026073.jpg,NV,NV,1,1,0.9816842675209045,True
ISIC_0031341,,data/processed/ham10000/images/HAM10000_images_part_2/ISIC_0031341.jpg,NV,NV,1,1,0.9786152839660645,True
ISIC_0030762,,data/processed/ham10000/images/HAM10000_images_part_2/ISIC_0030762.jpg,NV,NV,1,1,0.9941615462303162,True
ISIC_0029896,,data/processed/ham10000/images/HAM10000_images_part_2/ISIC_0029896.jpg,NV,NV,1,1,0.9831583499908447,True
ISIC_0031755,,data/processed/ham10000/images/HAM10000_images_part_2/ISIC_0031755.jpg,NV,NV,1,1,0.9963265061378479,True
ISIC_0026703,,data/processed/ham10000/images/HAM10000_images_part_1/ISIC_0026703.jpg,NV,NV,1,1,0.9905670285224915,True
ISIC_0030685,,data/processed/ham10000/images/HAM10000_images_part_2/ISIC_0030685.jpg,NV,NV,1,1,0.9974320530891418,True
ISIC_0030433,,data/processed/ham10000/images/HAM10000_images_part_2/ISIC_0030433.jpg,NV,NV,1,1,0.9885826110839844,True
ISIC_0030055,,data/processed/ham10000/images/HAM10000_images_part_2/ISIC_0030055.jpg,NV,NV,1,1,0.9914653897285461,True
ISIC_0029977,,data/processed/ham10000/images/HAM10000_images_part_2/ISIC_0029977.jpg,NV,NV,1,1,0.9976073503494263,True
ISIC_0026851,,data/processed/ham10000/images/HAM10000_images_part_1/ISIC_0026851.jpg,NV,NV,1,1,0.988798201084137,True
ISIC_0026238,,data/processed/ham10000/images/HAM10000_images_part_1/ISIC_0026238.jpg,NV,NV,1,1,0.9988219141960144,True
ISIC_0029646,,data/processed/ham10000/images/HAM10000_images_part_2/ISIC_0029646.jpg,NV,NV,1,1,0.9982609152793884,True
ISIC_0025315,,data/processed/ham10000/images/HAM10000_images_part_1/ISIC_0025315.jpg,NV,NV,1,1,0.9313390254974365,True
ISIC_0027180,,data/processed/ham10000/images/HAM10000_images_part_1/ISIC_0027180.jpg,NV,NV,1,1,0.9952387809753418,True
ISIC_0030749,,data/processed/ham10000/images/HAM10000_images_part_2/ISIC_0030749.jpg,NV,NV,1,1,0.9897629022598267,True
ISIC_0032319,,data/processed/ham10000/images/HAM10000_images_part_2/ISIC_0032319.jpg,NV,NV,1,1,0.9948667287826538,True
ISIC_0026587,,data/processed/ham10000/images/HAM10000_images_part_1/ISIC_0026587.jpg,NV,NV,1,1,0.9993440508842468,True
ISIC_0030948,,data/processed/ham10000/images/HAM10000_images_part_2/ISIC_0030948.jpg,NV,NV,1,1,0.9996989965438843,True
ISIC_0028617,,data/processed/ham10000/images/HAM10000_images_part_1/ISIC_0028617.jpg,NV,NV,1,1,0.9954195022583008,True
ISIC_0025645,,data/processed/ham10000/images/HAM10000_images_part_1/ISIC_0025645.jpg,NV,NV,1,1,0.9967780709266663,True
ISIC_0025004,,data/processed/ham10000/images/HAM10000_images_part_1/ISIC_0025004.jpg,NV,NV,1,1,0.99801105260849,True
ISIC_0030097,,data/processed/ham10000/images/HAM10000_images_part_2/ISIC_0030097.jpg,NV,NV,1,1,0.9920565485954285,True
ISIC_0032332,,data/processed/ham10000/images/HAM10000_images_part_2/ISIC_0032332.jpg,NV,NV,1,1,0.9963198900222778,True
ISIC_0026808,,data/processed/ham10000/images/HAM10000_images_part_1/ISIC_0026808.jpg,NV,NV,1,1,0.9914683103561401,True
ISIC_0026189,,data/processed/ham10000/images/HAM10000_images_part_1/ISIC_0026189.jpg,NV,NV,1,1,0.9883875250816345,True
ISIC_0031458,,data/processed/ham10000/images/HAM10000_images_part_2/ISIC_0031458.jpg,NV,NV,1,1,0.9995361566543579,True
ISIC_0029623,,data/processed/ham10000/images/HAM10000_images_part_2/ISIC_0029623.jpg,NV,NV,1,1,0.9922122955322266,True
ISIC_0031305,,data/processed/ham10000/images/HAM10000_images_part_2/ISIC_0031305.jpg,NV,NV,1,1,0.9905622601509094,True
ISIC_0031414,,data/processed/ham10000/images/HAM10000_images_part_2/ISIC_0031414.jpg,NV,NV,1,1,0.9972461462020874,True
ISIC_0026394,,data/processed/ham10000/images/HAM10000_images_part_1/ISIC_0026394.jpg,NV,NV,1,1,0.9929163455963135,True
ISIC_0032130,,data/processed/ham10000/images/HAM10000_images_part_2/ISIC_0032130.jpg,NV,NV,1,1,0.9924693703651428,True
ISIC_0032393,,data/processed/ham10000/images/HAM10000_images_part_2/ISIC_0032393.jpg,NV,NV,1,1,0.9989112615585327,True
ISIC_0026636,,data/processed/ham10000/images/HAM10000_images_part_1/ISIC_0026636.jpg,NV,NV,1,1,0.9940797090530396,True
ISIC_0030259,,data/processed/ham10000/images/HAM10000_images_part_2/ISIC_0030259.jpg,NV,NV,1,1,0.9971724152565002,True
ISIC_0030715,,data/processed/ham10000/images/HAM10000_images_part_2/ISIC_0030715.jpg,NV,NV,1,1,0.9869111776351929,True
ISIC_0031137,,data/processed/ham10000/images/HAM10000_images_part_2/ISIC_0031137.jpg,NV,NV,1,1,0.997736930847168,True
ISIC_0025995,,data/processed/ham10000/images/HAM10000_images_part_1/ISIC_0025995.jpg,NV,NV,1,1,0.9949350953102112,True
ISIC_0030720,,data/processed/ham10000/images/HAM10000_images_part_2/ISIC_0030720.jpg,NV,NV,1,1,0.9952492713928223,True
ISIC_0029716,,data/processed/ham10000/images/HAM10000_images_part_2/ISIC_0029716.jpg,NV,NV,1,1,0.9916666150093079,True
ISIC_0024444,,data/processed/ham10000/images/HAM10000_images_part_1/ISIC_0024444.jpg,NV,NV,1,1,0.9972245693206787,True
ISIC_0029707,,data/processed/ham10000/images/HAM10000_images_part_2/ISIC_0029707.jpg,NV,NV,1,1,0.9987806677818298,True
ISIC_0025602,,data/processed/ham10000/images/HAM10000_images_part_1/ISIC_0025602.jpg,NV,NV,1,1,0.9924132227897644,True
ISIC_0024385,,data/processed/ham10000/images/HAM10000_images_part_1/ISIC_0024385.jpg,NV,NV,1,1,0.9870720505714417,True
ISIC_0027096,,data/processed/ham10000/images/HAM10000_images_part_1/ISIC_0027096.jpg,NV,NV,1,1,0.9972867965698242,True
ISIC_0030949,,data/processed/ham10000/images/HAM10000_images_part_2/ISIC_0030949.jpg,NV,NV,1,1,0.9795912504196167,True
ISIC_0028296,,data/processed/ham10000/images/HAM10000_images_part_1/ISIC_0028296.jpg,NV,NV,1,1,0.964171826839447,True
ISIC_0026325,,data/processed/ham10000/images/HAM10000_images_part_1/ISIC_0026325.jpg,NV,NV,1,1,0.9896116256713867,True
ISIC_0032440,,data/processed/ham10000/images/HAM10000_images_part_2/ISIC_0032440.jpg,NV,NV,1,1,0.997843861579895,True
ISIC_0031054,,data/processed/ham10000/images/HAM10000_images_part_2/ISIC_0031054.jpg,NV,NV,1,1,0.9984872341156006,True
ISIC_0025217,,data/processed/ham10000/images/HAM10000_images_part_1/ISIC_0025217.jpg,NV,NV,1,1,0.9956087470054626,True
ISIC_0024606,,data/processed/ham10000/images/HAM10000_images_part_1/ISIC_0024606.jpg,NV,NV,1,1,0.9955958724021912,True
ISIC_0030946,,data/processed/ham10000/images/HAM10000_images_part_2/ISIC_0030946.jpg,NV,NV,1,1,0.9988124370574951,True
ISIC_0031722,,data/processed/ham10000/images/HAM10000_images_part_2/ISIC_0031722.jpg,NV,NV,1,1,0.9938099980354309,True
ISIC_0032432,,data/processed/ham10000/images/HAM10000_images_part_2/ISIC_0032432.jpg,NV,NV,1,1,0.9967926144599915,True
ISIC_0029376,,data/processed/ham10000/images/HAM10000_images_part_2/ISIC_0029376.jpg,NV,NV,1,1,0.9954017400741577,True
ISIC_0026161,,data/processed/ham10000/images/HAM10000_images_part_1/ISIC_0026161.jpg,NV,NV,1,1,0.9915116429328918,True
ISIC_0030515,,data/processed/ham10000/images/HAM10000_images_part_2/ISIC_0030515.jpg,NV,NV,1,1,0.9971557855606079,True
ISIC_0029939,,data/processed/ham10000/images/HAM10000_images_part_2/ISIC_0029939.jpg,NV,NV,1,1,0.9288963079452515,True
ISIC_0024565,,data/processed/ham10000/images/HAM10000_images_part_1/ISIC_0024565.jpg,NV,NV,1,1,0.9947991371154785,True
ISIC_0026005,,data/processed/ham10000/images/HAM10000_images_part_1/ISIC_0026005.jpg,NV,NV,1,1,0.9928600192070007,True
ISIC_0028575,,data/processed/ham10000/images/HAM10000_images_part_1/ISIC_0028575.jpg,NV,NV,1,1,0.9925442934036255,True
ISIC_0028089,,data/processed/ham10000/images/HAM10000_images_part_1/ISIC_0028089.jpg,NV,NV,1,1,0.9935467839241028,True
ISIC_0032458,,data/processed/ham10000/images/HAM10000_images_part_2/ISIC_0032458.jpg,NV,NV,1,1,0.9981088638305664,True
ISIC_0030195,,data/processed/ham10000/images/HAM10000_images_part_2/ISIC_0030195.jpg,NV,NV,1,1,0.9949958324432373,True
ISIC_0026924,,data/processed/ham10000/images/HAM10000_images_part_1/ISIC_0026924.jpg,NV,NV,1,1,0.9957214593887329,True
ISIC_0025801,,data/processed/ham10000/images/HAM10000_images_part_1/ISIC_0025801.jpg,NV,NV,1,1,0.9914342164993286,True
ISIC_0030735,,data/processed/ham10000/images/HAM10000_images_part_2/ISIC_0030735.jpg,NV,NV,1,1,0.9935317635536194,True
ISIC_0031083,,data/processed/ham10000/images/HAM10000_images_part_2/ISIC_0031083.jpg,NV,NV,1,1,0.9993220567703247,True
ISIC_0032381,,data/processed/ham10000/images/HAM10000_images_part_2/ISIC_0032381.jpg,NV,NV,1,1,0.9887866377830505,True
ISIC_0031441,,data/processed/ham10000/images/HAM10000_images_part_2/ISIC_0031441.jpg,NV,NV,1,1,0.950721263885498,True
ISIC_0030776,,data/processed/ham10000/images/HAM10000_images_part_2/ISIC_0030776.jpg,NV,NV,1,1,0.9883915781974792,True
ISIC_0032480,,data/processed/ham10000/images/HAM10000_images_part_2/ISIC_0032480.jpg,NV,NV,1,1,0.490567147731781,True
ISIC_0030724,,data/processed/ham10000/images/HAM10000_images_part_2/ISIC_0030724.jpg,NV,NV,1,1,0.9941644072532654,True
ISIC_0029529,,data/processed/ham10000/images/HAM10000_images_part_2/ISIC_0029529.jpg,NV,NV,1,1,0.9537057876586914,True
ISIC_0029185,,data/processed/ham10000/images/HAM10000_images_part_1/ISIC_0029185.jpg,NV,NV,1,1,0.9992621541023254,True
ISIC_0032394,,data/processed/ham10000/images/HAM10000_images_part_2/ISIC_0032394.jpg,NV,NV,1,1,0.9874277114868164,True
ISIC_0030958,,data/processed/ham10000/images/HAM10000_images_part_2/ISIC_0030958.jpg,NV,NV,1,1,0.9987488985061646,True
ISIC_0026342,,data/processed/ham10000/images/HAM10000_images_part_1/ISIC_0026342.jpg,NV,NV,1,1,0.9917667508125305,True
ISIC_0024401,,data/processed/ham10000/images/HAM10000_images_part_1/ISIC_0024401.jpg,NV,NV,1,1,0.9977594614028931,True
ISIC_0028191,,data/processed/ham10000/images/HAM10000_images_part_1/ISIC_0028191.jpg,NV,NV,1,1,0.9865373373031616,True
ISIC_0032131,,data/processed/ham10000/images/HAM10000_images_part_2/ISIC_0032131.jpg,NV,NV,1,1,0.9967381358146667,True
ISIC_0027196,,data/processed/ham10000/images/HAM10000_images_part_1/ISIC_0027196.jpg,NV,NV,1,1,0.9967098236083984,True
ISIC_0032101,,data/processed/ham10000/images/HAM10000_images_part_2/ISIC_0032101.jpg,NV,NV,1,1,0.9983599781990051,True
ISIC_0028047,,data/processed/ham10000/images/HAM10000_images_part_1/ISIC_0028047.jpg,NV,NV,1,1,0.9982913136482239,True
ISIC_0030298,,data/processed/ham10000/images/HAM10000_images_part_2/ISIC_0030298.jpg,NV,NV,1,1,0.9963002800941467,True
ISIC_0030048,,data/processed/ham10000/images/HAM10000_images_part_2/ISIC_0030048.jpg,NV,NV,1,1,0.9972000122070312,True
ISIC_0024754,,data/processed/ham10000/images/HAM10000_images_part_1/ISIC_0024754.jpg,NV,NV,1,1,0.7875138521194458,True
ISIC_0027168,,data/processed/ham10000/images/HAM10000_images_part_1/ISIC_0027168.jpg,NV,NV,1,1,0.9972869157791138,True
ISIC_0029797,,data/processed/ham10000/images/HAM10000_images_part_2/ISIC_0029797.jpg,NV,NV,1,1,0.9967341423034668,True
ISIC_0030628,,data/processed/ham10000/images/HAM10000_images_part_2/ISIC_0030628.jpg,NV,NV,1,1,0.9810882806777954,True
ISIC_0027207,,data/processed/ham10000/images/HAM10000_images_part_1/ISIC_0027207.jpg,NV,NV,1,1,0.987245500087738,True
ISIC_0027377,,data/processed/ham10000/images/HAM10000_images_part_1/ISIC_0027377.jpg,NV,NV,1,1,0.9982292056083679,True
ISIC_0025215,,data/processed/ham10000/images/HAM10000_images_part_1/ISIC_0025215.jpg,NV,NV,1,1,0.996077835559845,True
ISIC_0029700,,data/processed/ham10000/images/HAM10000_images_part_2/ISIC_0029700.jpg,NV,NV,1,1,0.9937292337417603,True
ISIC_0027870,,data/processed/ham10000/images/HAM10000_images_part_1/ISIC_0027870.jpg,NV,NV,1,1,0.9936785101890564,True
ISIC_0030651,,data/processed/ham10000/images/HAM10000_images_part_2/ISIC_0030651.jpg,NV,NV,1,1,0.9976266026496887,True
ISIC_0029908,,data/processed/ham10000/images/HAM10000_images_part_2/ISIC_0029908.jpg,NV,NV,1,1,0.9985125660896301,True
ISIC_0028664,,data/processed/ham10000/images/HAM10000_images_part_1/ISIC_0028664.jpg,NV,NV,1,1,0.9933832287788391,True
ISIC_0028532,,data/processed/ham10000/images/HAM10000_images_part_1/ISIC_0028532.jpg,NV,NV,1,1,0.9993709921836853,True
ISIC_0026353,,data/processed/ham10000/images/HAM10000_images_part_1/ISIC_0026353.jpg,NV,NV,1,1,0.9977638721466064,True
ISIC_0030676,,data/processed/ham10000/images/HAM10000_images_part_2/ISIC_0030676.jpg,NV,NV,1,1,0.9986554384231567,True
ISIC_0030548,,data/processed/ham10000/images/HAM10000_images_part_2/ISIC_0030548.jpg,NV,NV,1,1,0.9936376214027405,True
ISIC_0028629,,data/processed/ham10000/images/HAM10000_images_part_1/ISIC_0028629.jpg,NV,NV,1,1,0.9966505169868469,True
ISIC_0028351,,data/processed/ham10000/images/HAM10000_images_part_1/ISIC_0028351.jpg,NV,NV,1,1,0.983371376991272,True
ISIC_0031333,,data/processed/ham10000/images/HAM10000_images_part_2/ISIC_0031333.jpg,NV,NV,1,1,0.9975957274436951,True
ISIC_0030934,,data/processed/ham10000/images/HAM10000_images_part_2/ISIC_0030934.jpg,NV,NV,1,1,0.9923856258392334,True
ISIC_0027341,,data/processed/ham10000/images/HAM10000_images_part_1/ISIC_0027341.jpg,NV,NV,1,1,0.9988980293273926,True
ISIC_0028267,,data/processed/ham10000/images/HAM10000_images_part_1/ISIC_0028267.jpg,NV,NV,1,1,0.9862408638000488,True
ISIC_0032353,,data/processed/ham10000/images/HAM10000_images_part_2/ISIC_0032353.jpg,NV,NV,1,1,0.9983344674110413,True
ISIC_0028743,,data/processed/ham10000/images/HAM10000_images_part_1/ISIC_0028743.jpg,NV,NV,1,1,0.9987515211105347,True
ISIC_0031072,,data/processed/ham10000/images/HAM10000_images_part_2/ISIC_0031072.jpg,NV,NV,1,1,0.988341748714447,True
ISIC_0031432,,data/processed/ham10000/images/HAM10000_images_part_2/ISIC_0031432.jpg,NV,NV,1,1,0.9979285001754761,True
ISIC_0025523,,data/processed/ham10000/images/HAM10000_images_part_1/ISIC_0025523.jpg,NV,NV,1,1,0.9997768998146057,True
ISIC_0029096,,data/processed/ham10000/images/HAM10000_images_part_1/ISIC_0029096.jpg,NV,NV,1,1,0.9983857870101929,True
ISIC_0030969,,data/processed/ham10000/images/HAM10000_images_part_2/ISIC_0030969.jpg,NV,NV,1,1,0.982296884059906,True
ISIC_0031911,,data/processed/ham10000/images/HAM10000_images_part_2/ISIC_0031911.jpg,NV,NV,1,1,0.8627062439918518,True
ISIC_0030699,,data/processed/ham10000/images/HAM10000_images_part_2/ISIC_0030699.jpg,NV,NV,1,1,0.979505181312561,True
ISIC_0024610,,data/processed/ham10000/images/HAM10000_images_part_1/ISIC_0024610.jpg,NV,NV,1,1,0.9989054203033447,True
ISIC_0026134,,data/processed/ham10000/images/HAM10000_images_part_1/ISIC_0026134.jpg,NV,NV,1,1,0.9951404333114624,True
ISIC_0031242,,data/processed/ham10000/images/HAM10000_images_part_2/ISIC_0031242.jpg,NV,NV,1,1,0.995710015296936,True
ISIC_0027520,,data/processed/ham10000/images/HAM10000_images_part_1/ISIC_0027520.jpg,NV,NV,1,1,0.9921053647994995,True
ISIC_0030136,,data/processed/ham10000/images/HAM10000_images_part_2/ISIC_0030136.jpg,NV,NV,1,1,0.9961785078048706,True
ISIC_0030112,,data/processed/ham10000/images/HAM10000_images_part_2/ISIC_0030112.jpg,NV,NV,1,1,0.9916388392448425,True
ISIC_0025706,,data/processed/ham10000/images/HAM10000_images_part_1/ISIC_0025706.jpg,NV,NV,1,1,0.9944150447845459,True
ISIC_0031006,,data/processed/ham10000/images/HAM10000_images_part_2/ISIC_0031006.jpg,NV,NV,1,1,0.9978171586990356,True
ISIC_0028630,,data/processed/ham10000/images/HAM10000_images_part_1/ISIC_0028630.jpg,NV,NV,1,1,0.9990060925483704,True
ISIC_0024423,,data/processed/ham10000/images/HAM10000_images_part_1/ISIC_0024423.jpg,NV,NV,1,1,0.9959449172019958,True
ISIC_0027733,,data/processed/ham10000/images/HAM10000_images_part_1/ISIC_0027733.jpg,NV,NV,1,1,0.9916507601737976,True
ISIC_0030430,,data/processed/ham10000/images/HAM10000_images_part_2/ISIC_0030430.jpg,NV,NV,1,1,0.9996008276939392,True
ISIC_0027968,,data/processed/ham10000/images/HAM10000_images_part_1/ISIC_0027968.jpg,NV,NV,1,1,0.9984789490699768,True
ISIC_0028953,,data/processed/ham10000/images/HAM10000_images_part_1/ISIC_0028953.jpg,NV,NV,1,1,0.9828087687492371,True
ISIC_0024486,,data/processed/ham10000/images/HAM10000_images_part_1/ISIC_0024486.jpg,NV,NV,1,1,0.9956504702568054,True
ISIC_0030347,,data/processed/ham10000/images/HAM10000_images_part_2/ISIC_0030347.jpg,NV,NV,1,1,0.9948722720146179,True
ISIC_0030190,,data/processed/ham10000/images/HAM10000_images_part_2/ISIC_0030190.jpg,NV,NV,1,1,0.9966865181922913,True
ISIC_0024892,,data/processed/ham10000/images/HAM10000_images_part_1/ISIC_0024892.jpg,NV,NV,1,1,0.8242776989936829,True
ISIC_0024576,,data/processed/ham10000/images/HAM10000_images_part_1/ISIC_0024576.jpg,NV,NV,1,1,0.9822876453399658,True
ISIC_0026757,,data/processed/ham10000/images/HAM10000_images_part_1/ISIC_0026757.jpg,NV,NV,1,1,0.9968374967575073,True
ISIC_0025426,,data/processed/ham10000/images/HAM10000_images_part_1/ISIC_0025426.jpg,NV,NV,1,1,0.9977203011512756,True
ISIC_0028704,,data/processed/ham10000/images/HAM10000_images_part_1/ISIC_0028704.jpg,NV,NV,1,1,0.9600543975830078,True
ISIC_0029916,,data/processed/ham10000/images/HAM10000_images_part_2/ISIC_0029916.jpg,NV,NV,1,1,0.9921075701713562,True
ISIC_0025569,,data/processed/ham10000/images/HAM10000_images_part_1/ISIC_0025569.jpg,NV,NV,1,1,0.9960081577301025,True
ISIC_0030051,,data/processed/ham10000/images/HAM10000_images_part_2/ISIC_0030051.jpg,NV,NV,1,1,0.9629113078117371,True
ISIC_0029907,,data/processed/ham10000/images/HAM10000_images_part_2/ISIC_0029907.jpg,NV,NV,1,1,0.999427318572998,True
ISIC_0026982,,data/processed/ham10000/images/HAM10000_images_part_1/ISIC_0026982.jpg,NV,NV,1,1,0.9997207522392273,True
ISIC_0032465,,data/processed/ham10000/images/HAM10000_images_part_2/ISIC_0032465.jpg,NV,NV,1,1,0.9992154836654663,True
ISIC_0026756,,data/processed/ham10000/images/HAM10000_images_part_1/ISIC_0026756.jpg,NV,NV,1,1,0.9921405911445618,True
ISIC_0030739,,data/processed/ham10000/images/HAM10000_images_part_2/ISIC_0030739.jpg,NV,NV,1,1,0.993217408657074,True
ISIC_0025418,,data/processed/ham10000/images/HAM10000_images_part_1/ISIC_0025418.jpg,NV,NV,1,1,0.9958242177963257,True
ISIC_0025002,,data/processed/ham10000/images/HAM10000_images_part_1/ISIC_0025002.jpg,NV,NV,1,1,0.9945946335792542,True
ISIC_0025380,,data/processed/ham10000/images/HAM10000_images_part_1/ISIC_0025380.jpg,NV,NV,1,1,0.9995018243789673,True
ISIC_0027158,,data/processed/ham10000/images/HAM10000_images_part_1/ISIC_0027158.jpg,NV,NV,1,1,0.9988560676574707,True
ISIC_0030996,,data/processed/ham10000/images/HAM10000_images_part_2/ISIC_0030996.jpg,NV,NV,1,1,0.9879079461097717,True
ISIC_0027929,,data/processed/ham10000/images/HAM10000_images_part_1/ISIC_0027929.jpg,NV,NV,1,1,0.9915761351585388,True
ISIC_0030753,,data/processed/ham10000/images/HAM10000_images_part_2/ISIC_0030753.jpg,NV,NV,1,1,0.9923291802406311,True
ISIC_0027494,,data/processed/ham10000/images/HAM10000_images_part_1/ISIC_0027494.jpg,NV,NV,1,1,0.9936085939407349,True
ISIC_0025124,,data/processed/ham10000/images/HAM10000_images_part_1/ISIC_0025124.jpg,NV,NV,1,1,0.9964421391487122,True
ISIC_0028955,,data/processed/ham10000/images/HAM10000_images_part_1/ISIC_0028955.jpg,NV,NV,1,1,0.9996861219406128,True
ISIC_0024873,,data/processed/ham10000/images/HAM10000_images_part_1/ISIC_0024873.jpg,NV,NV,1,1,0.9993225336074829,True
ISIC_0025263,,data/processed/ham10000/images/HAM10000_images_part_1/ISIC_0025263.jpg,NV,NV,1,1,0.9952417612075806,True
ISIC_0025455,,data/processed/ham10000/images/HAM10000_images_part_1/ISIC_0025455.jpg,NV,NV,1,1,0.999459445476532,True
ISIC_0028129,,data/processed/ham10000/images/HAM10000_images_part_1/ISIC_0028129.jpg,NV,NV,1,1,0.9917140603065491,True
ISIC_0031507,,data/processed/ham10000/images/HAM10000_images_part_2/ISIC_0031507.jpg,NV,NV,1,1,0.908020555973053,True
ISIC_0030497,,data/processed/ham10000/images/HAM10000_images_part_2/ISIC_0030497.jpg,NV,NV,1,1,0.9926551580429077,True
ISIC_0024609,,data/processed/ham10000/images/HAM10000_images_part_1/ISIC_0024609.jpg,NV,NV,1,1,0.9980244636535645,True
ISIC_0032118,,data/processed/ham10000/images/HAM10000_images_part_2/ISIC_0032118.jpg,NV,NV,1,1,0.9974536299705505,True
ISIC_0028334,,data/processed/ham10000/images/HAM10000_images_part_1/ISIC_0028334.jpg,NV,NV,1,1,0.9990063309669495,True
ISIC_0031152,,data/processed/ham10000/images/HAM10000_images_part_2/ISIC_0031152.jpg,NV,NV,1,1,0.9943146109580994,True
ISIC_0027054,,data/processed/ham10000/images/HAM10000_images_part_1/ISIC_0027054.jpg,NV,NV,1,1,0.9829816222190857,True
ISIC_0030257,,data/processed/ham10000/images/HAM10000_images_part_2/ISIC_0030257.jpg,NV,NV,1,1,0.9979446530342102,True
ISIC_0028716,,data/processed/ham10000/images/HAM10000_images_part_1/ISIC_0028716.jpg,NV,NV,1,1,0.9946354031562805,True
ISIC_0032282,,data/processed/ham10000/images/HAM10000_images_part_2/ISIC_0032282.jpg,NV,NV,1,1,0.9925732612609863,True
ISIC_0025347,,data/processed/ham10000/images/HAM10000_images_part_1/ISIC_0025347.jpg,NV,NV,1,1,0.9992120265960693,True
ISIC_0024397,,data/processed/ham10000/images/HAM10000_images_part_1/ISIC_0024397.jpg,NV,NV,1,1,0.9967877864837646,True
ISIC_0026736,,data/processed/ham10000/images/HAM10000_images_part_1/ISIC_0026736.jpg,NV,NV,1,1,0.9875498414039612,True
ISIC_0027779,,data/processed/ham10000/images/HAM10000_images_part_1/ISIC_0027779.jpg,NV,NV,1,1,0.9952514171600342,True
ISIC_0026772,,data/processed/ham10000/images/HAM10000_images_part_1/ISIC_0026772.jpg,NV,NV,1,1,0.9962558746337891,True
ISIC_0029120,,data/processed/ham10000/images/HAM10000_images_part_1/ISIC_0029120.jpg,NV,NV,1,1,0.7581390142440796,True
ISIC_0026673,,data/processed/ham10000/images/HAM10000_images_part_1/ISIC_0026673.jpg,NV,NV,1,1,0.9773955941200256,True
ISIC_0032161,,data/processed/ham10000/images/HAM10000_images_part_2/ISIC_0032161.jpg,NV,NV,1,1,0.9941202998161316,True
ISIC_0031195,,data/processed/ham10000/images/HAM10000_images_part_2/ISIC_0031195.jpg,NV,NV,1,1,0.9972522854804993,True
ISIC_0027169,,data/processed/ham10000/images/HAM10000_images_part_1/ISIC_0027169.jpg,NV,NV,1,1,0.9930825233459473,True
ISIC_0025048,,data/processed/ham10000/images/HAM10000_images_part_1/ISIC_0025048.jpg,NV,NV,1,1,0.9952443242073059,True
ISIC_0025888,,data/processed/ham10000/images/HAM10000_images_part_1/ISIC_0025888.jpg,NV,NV,1,1,0.9986617565155029,True
ISIC_0028440,,data/processed/ham10000/images/HAM10000_images_part_1/ISIC_0028440.jpg,NV,NV,1,1,0.9860877394676208,True
ISIC_0026935,,data/processed/ham10000/images/HAM10000_images_part_1/ISIC_0026935.jpg,NV,NV,1,1,0.9989097118377686,True
ISIC_0030205,,data/processed/ham10000/images/HAM10000_images_part_2/ISIC_0030205.jpg,NV,NV,1,1,0.9911566972732544,True
ISIC_0028315,,data/processed/ham10000/images/HAM10000_images_part_1/ISIC_0028315.jpg,NV,NV,1,1,0.9952216744422913,True
ISIC_0030449,,data/processed/ham10000/images/HAM10000_images_part_2/ISIC_0030449.jpg,NV,NV,1,1,0.9818297624588013,True
ISIC_0030146,,data/processed/ham10000/images/HAM10000_images_part_2/ISIC_0030146.jpg,NV,NV,1,1,0.9955522418022156,True
ISIC_0031426,,data/processed/ham10000/images/HAM10000_images_part_2/ISIC_0031426.jpg,NV,NV,1,1,0.9982615113258362,True
ISIC_0026110,,data/processed/ham10000/images/HAM10000_images_part_1/ISIC_0026110.jpg,NV,NV,1,1,0.9995282888412476,True
ISIC_0026707,,data/processed/ham10000/images/HAM10000_images_part_1/ISIC_0026707.jpg,NV,NV,1,1,0.9957041144371033,True
ISIC_0031416,,data/processed/ham10000/images/HAM10000_images_part_2/ISIC_0031416.jpg,NV,NV,1,1,0.9931573271751404,True
ISIC_0030865,,data/processed/ham10000/images/HAM10000_images_part_2/ISIC_0030865.jpg,NV,NV,1,1,0.9981642365455627,True
ISIC_0025697,,data/processed/ham10000/images/HAM10000_images_part_1/ISIC_0025697.jpg,NV,NV,1,1,0.9805723428726196,True
ISIC_0025360,,data/processed/ham10000/images/HAM10000_images_part_1/ISIC_0025360.jpg,NV,NV,1,1,0.9958005547523499,True
ISIC_0028012,,data/processed/ham10000/images/HAM10000_images_part_1/ISIC_0028012.jpg,NV,NV,1,1,0.9940968751907349,True
ISIC_0030108,,data/processed/ham10000/images/HAM10000_images_part_2/ISIC_0030108.jpg,NV,NV,1,1,0.9946021437644958,True
ISIC_0027921,,data/processed/ham10000/images/HAM10000_images_part_1/ISIC_0027921.jpg,NV,NV,1,1,0.987322986125946,True
ISIC_0028253,,data/processed/ham10000/images/HAM10000_images_part_1/ISIC_0028253.jpg,NV,NV,1,1,0.997887909412384,True
ISIC_0025194,,data/processed/ham10000/images/HAM10000_images_part_1/ISIC_0025194.jpg,NV,NV,1,1,0.9971541166305542,True
ISIC_0031446,,data/processed/ham10000/images/HAM10000_images_part_2/ISIC_0031446.jpg,NV,NV,1,1,0.9995941519737244,True
ISIC_0024717,,data/processed/ham10000/images/HAM10000_images_part_1/ISIC_0024717.jpg,NV,NV,1,1,0.9992701411247253,True
ISIC_0028213,,data/processed/ham10000/images/HAM10000_images_part_1/ISIC_0028213.jpg,NV,NV,1,1,0.9341887831687927,True
ISIC_0028904,,data/processed/ham10000/images/HAM10000_images_part_1/ISIC_0028904.jpg,NV,NV,1,1,0.9967250227928162,True
ISIC_0024491,,data/processed/ham10000/images/HAM10000_images_part_1/ISIC_0024491.jpg,NV,NV,1,1,0.9481002688407898,True
ISIC_0031695,,data/processed/ham10000/images/HAM10000_images_part_2/ISIC_0031695.jpg,NV,NV,1,1,0.9915894865989685,True
ISIC_0030478,,data/processed/ham10000/images/HAM10000_images_part_2/ISIC_0030478.jpg,NV,NV,1,1,0.9838526248931885,True
ISIC_0028724,,data/processed/ham10000/images/HAM10000_images_part_1/ISIC_0028724.jpg,NV,NV,1,1,0.9482880234718323,True
ISIC_0030838,,data/processed/ham10000/images/HAM10000_images_part_2/ISIC_0030838.jpg,NV,NV,1,1,0.9929853081703186,True
ISIC_0026589,,data/processed/ham10000/images/HAM10000_images_part_1/ISIC_0026589.jpg,NV,NV,1,1,0.985049307346344,True
ISIC_0028423,,data/processed/ham10000/images/HAM10000_images_part_1/ISIC_0028423.jpg,NV,NV,1,1,0.7521604895591736,True
ISIC_0025621,,data/processed/ham10000/images/HAM10000_images_part_1/ISIC_0025621.jpg,NV,NV,1,1,0.6258588433265686,True
ISIC_0027898,,data/processed/ham10000/images/HAM10000_images_part_1/ISIC_0027898.jpg,NV,NV,1,1,0.9984214305877686,True
ISIC_0026726,,data/processed/ham10000/images/HAM10000_images_part_1/ISIC_0026726.jpg,NV,NV,1,1,0.9980518817901611,True
ISIC_0027305,,data/processed/ham10000/images/HAM10000_images_part_1/ISIC_0027305.jpg,NV,MEL,1,0,0.6471465826034546,False
ISIC_0027718,,data/processed/ham10000/images/HAM10000_images_part_1/ISIC_0027718.jpg,NV,MEL,1,0,0.5028213262557983,False
ISIC_0026012,,data/processed/ham10000/images/HAM10000_images_part_1/ISIC_0026012.jpg,NV,NV,1,1,0.7193770408630371,True
ISIC_0029752,,data/processed/ham10000/images/HAM10000_images_part_2/ISIC_0029752.jpg,NV,NV,1,1,0.9852456450462341,True
ISIC_0031404,,data/processed/ham10000/images/HAM10000_images_part_2/ISIC_0031404.jpg,NV,BCC,1,2,0.9852590560913086,False
ISIC_0026569,,data/processed/ham10000/images/HAM10000_images_part_1/ISIC_0026569.jpg,NV,BCC,1,2,0.9996497631072998,False
ISIC_0032985,,data/processed/ham10000/images/HAM10000_images_part_2/ISIC_0032985.jpg,MEL,MEL,0,0,0.8822721242904663,True
ISIC_0029735,,data/processed/ham10000/images/HAM10000_images_part_2/ISIC_0029735.jpg,NV,NV,1,1,0.511803388595581,True
ISIC_0028010,,data/processed/ham10000/images/HAM10000_images_part_1/ISIC_0028010.jpg,NV,MEL,1,0,0.5714303255081177,False
ISIC_0029719,,data/processed/ham10000/images/HAM10000_images_part_2/ISIC_0029719.jpg,NV,MEL,1,0,0.817013680934906,False
ISIC_0027684,,data/processed/ham10000/images/HAM10000_images_part_1/ISIC_0027684.jpg,NV,MEL,1,0,0.8056610226631165,False
ISIC_0025672,,data/processed/ham10000/images/HAM10000_images_part_1/ISIC_0025672.jpg,NV,NV,1,1,0.9974092841148376,True
ISIC_0030664,,data/processed/ham10000/images/HAM10000_images_part_2/ISIC_0030664.jpg,NV,NV,1,1,0.997121274471283,True
ISIC_0031733,,data/processed/ham10000/images/HAM10000_images_part_2/ISIC_0031733.jpg,NV,NV,1,1,0.7295902967453003,True
ISIC_0027240,,data/processed/ham10000/images/HAM10000_images_part_1/ISIC_0027240.jpg,NV,NV,1,1,0.7554779648780823,True
ISIC_0030858,,data/processed/ham10000/images/HAM10000_images_part_2/ISIC_0030858.jpg,NV,MEL,1,0,0.5064539313316345,False
ISIC_0030609,,data/processed/ham10000/images/HAM10000_images_part_2/ISIC_0030609.jpg,NV,MEL,1,0,0.40531134605407715,False
ISIC_0024314,,data/processed/ham10000/images/HAM10000_images_part_1/ISIC_0024314.jpg,NV,BKL,1,4,0.5077993869781494,False
ISIC_0026722,,data/processed/ham10000/images/HAM10000_images_part_1/ISIC_0026722.jpg,NV,BCC,1,2,0.5037441253662109,False
ISIC_0025943,,data/processed/ham10000/images/HAM10000_images_part_1/ISIC_0025943.jpg,NV,NV,1,1,0.998376727104187,True
ISIC_0025568,,data/processed/ham10000/images/HAM10000_images_part_1/ISIC_0025568.jpg,NV,NV,1,1,0.9824599027633667,True
ISIC_0026887,,data/processed/ham10000/images/HAM10000_images_part_1/ISIC_0026887.jpg,NV,NV,1,1,0.9288657307624817,True
ISIC_0029366,,data/processed/ham10000/images/HAM10000_images_part_2/ISIC_0029366.jpg,NV,MEL,1,0,0.5825243592262268,False
ISIC_0032378,,data/processed/ham10000/images/HAM10000_images_part_2/ISIC_0032378.jpg,NV,MEL,1,0,0.9596710205078125,False
ISIC_0030312,,data/processed/ham10000/images/HAM10000_images_part_2/ISIC_0030312.jpg,NV,NV,1,1,0.63275545835495,True
ISIC_0026080,,data/processed/ham10000/images/HAM10000_images_part_1/ISIC_0026080.jpg,NV,NV,1,1,0.7506065964698792,True
ISIC_0029430,,data/processed/ham10000/images/HAM10000_images_part_2/ISIC_0029430.jpg,NV,NV,1,1,0.5374797582626343,True
ISIC_0027312,,data/processed/ham10000/images/HAM10000_images_part_1/ISIC_0027312.jpg,NV,NV,1,1,0.5343653559684753,True
ISIC_0027427,,data/processed/ham10000/images/HAM10000_images_part_1/ISIC_0027427.jpg,NV,NV,1,1,0.9713786840438843,True
ISIC_0026389,,data/processed/ham10000/images/HAM10000_images_part_1/ISIC_0026389.jpg,NV,NV,1,1,0.9065455794334412,True
ISIC_0028385,,data/processed/ham10000/images/HAM10000_images_part_1/ISIC_0028385.jpg,NV,NV,1,1,0.9914358258247375,True
ISIC_0027403,,data/processed/ham10000/images/HAM10000_images_part_1/ISIC_0027403.jpg,NV,BKL,1,4,0.764733612537384,False
ISIC_0031646,,data/processed/ham10000/images/HAM10000_images_part_2/ISIC_0031646.jpg,NV,MEL,1,0,0.5236111879348755,False
ISIC_0031385,,data/processed/ham10000/images/HAM10000_images_part_2/ISIC_0031385.jpg,NV,BKL,1,4,0.4642099440097809,False
ISIC_0027878,,data/processed/ham10000/images/HAM10000_images_part_1/ISIC_0027878.jpg,NV,NV,1,1,0.8823274374008179,True
ISIC_0032055,,data/processed/ham10000/images/HAM10000_images_part_2/ISIC_0032055.jpg,NV,NV,1,1,0.8017648458480835,True
ISIC_0029986,,data/processed/ham10000/images/HAM10000_images_part_2/ISIC_0029986.jpg,NV,MEL,1,0,0.9463098049163818,False
ISIC_0027010,,data/processed/ham10000/images/HAM10000_images_part_1/ISIC_0027010.jpg,NV,NV,1,1,0.5400131940841675,True
ISIC_0025588,,data/processed/ham10000/images/HAM10000_images_part_1/ISIC_0025588.jpg,NV,MEL,1,0,0.529553234577179,False
ISIC_0027772,,data/processed/ham10000/images/HAM10000_images_part_1/ISIC_0027772.jpg,NV,MEL,1,0,0.978060781955719,False
ISIC_0031959,,data/processed/ham10000/images/HAM10000_images_part_2/ISIC_0031959.jpg,NV,NV,1,1,0.6236891746520996,True
ISIC_0032078,,data/processed/ham10000/images/HAM10000_images_part_2/ISIC_0032078.jpg,NV,MEL,1,0,0.717128336429596,False
ISIC_0025370,,data/processed/ham10000/images/HAM10000_images_part_1/ISIC_0025370.jpg,NV,NV,1,1,0.988742470741272,True
ISIC_0028527,,data/processed/ham10000/images/HAM10000_images_part_1/ISIC_0028527.jpg,NV,BKL,1,4,0.9136123657226562,False
ISIC_0027244,,data/processed/ham10000/images/HAM10000_images_part_1/ISIC_0027244.jpg,NV,BKL,1,4,0.926809549331665,False
ISIC_0030930,,data/processed/ham10000/images/HAM10000_images_part_2/ISIC_0030930.jpg,NV,NV,1,1,0.614618718624115,True
ISIC_0028488,,data/processed/ham10000/images/HAM10000_images_part_1/ISIC_0028488.jpg,NV,NV,1,1,0.8268636465072632,True
ISIC_0025863,,data/processed/ham10000/images/HAM10000_images_part_1/ISIC_0025863.jpg,NV,NV,1,1,0.8700675368309021,True
ISIC_0024387,,data/processed/ham10000/images/HAM10000_images_part_1/ISIC_0024387.jpg,NV,NV,1,1,0.730125904083252,True
ISIC_0029720,,data/processed/ham10000/images/HAM10000_images_part_2/ISIC_0029720.jpg,NV,NV,1,1,0.9651961922645569,True
ISIC_0032150,,data/processed/ham10000/images/HAM10000_images_part_2/ISIC_0032150.jpg,NV,NV,1,1,0.8942738771438599,True
ISIC_0028015,,data/processed/ham10000/images/HAM10000_images_part_1/ISIC_0028015.jpg,NV,NV,1,1,0.5512163639068604,True
ISIC_0026781,,data/processed/ham10000/images/HAM10000_images_part_1/ISIC_0026781.jpg,NV,BKL,1,4,0.46220284700393677,False
ISIC_0024340,,data/processed/ham10000/images/HAM10000_images_part_1/ISIC_0024340.jpg,NV,NV,1,1,0.9409108757972717,True
ISIC_0027361,,data/processed/ham10000/images/HAM10000_images_part_1/ISIC_0027361.jpg,NV,NV,1,1,0.6174514889717102,True
ISIC_0027709,,data/processed/ham10000/images/HAM10000_images_part_1/ISIC_0027709.jpg,NV,NV,1,1,0.7155983448028564,True
ISIC_0028961,,data/processed/ham10000/images/HAM10000_images_part_1/ISIC_0028961.jpg,NV,NV,1,1,0.9745975732803345,True
ISIC_0031080,,data/processed/ham10000/images/HAM10000_images_part_2/ISIC_0031080.jpg,NV,NV,1,1,0.859825849533081,True
ISIC_0025789,,data/processed/ham10000/images/HAM10000_images_part_1/ISIC_0025789.jpg,NV,NV,1,1,0.7773358225822449,True
ISIC_0028509,,data/processed/ham10000/images/HAM10000_images_part_1/ISIC_0028509.jpg,NV,NV,1,1,0.6403492093086243,True
ISIC_0028098,,data/processed/ham10000/images/HAM10000_images_part_1/ISIC_0028098.jpg,NV,BKL,1,4,0.9980776309967041,False
ISIC_0024831,,data/processed/ham10000/images/HAM10000_images_part_1/ISIC_0024831.jpg,NV,NV,1,1,0.8623242378234863,True
ISIC_0026869,,data/processed/ham10000/images/HAM10000_images_part_1/ISIC_0026869.jpg,NV,VASC,1,6,0.9319828748703003,False
ISIC_0025610,,data/processed/ham10000/images/HAM10000_images_part_1/ISIC_0025610.jpg,NV,NV,1,1,0.9439767599105835,True
ISIC_0024615,,data/processed/ham10000/images/HAM10000_images_part_1/ISIC_0024615.jpg,NV,NV,1,1,0.6998816132545471,True
ISIC_0028751,,data/processed/ham10000/images/HAM10000_images_part_1/ISIC_0028751.jpg,NV,NV,1,1,0.9930078983306885,True
ISIC_0027024,,data/processed/ham10000/images/HAM10000_images_part_1/ISIC_0027024.jpg,NV,NV,1,1,0.8825579881668091,True
ISIC_0030303,,data/processed/ham10000/images/HAM10000_images_part_2/ISIC_0030303.jpg,NV,BKL,1,4,0.5079803466796875,False
ISIC_0029826,,data/processed/ham10000/images/HAM10000_images_part_2/ISIC_0029826.jpg,NV,NV,1,1,0.7193077802658081,True
ISIC_0025352,,data/processed/ham10000/images/HAM10000_images_part_1/ISIC_0025352.jpg,NV,NV,1,1,0.7301275134086609,True
ISIC_0025641,,data/processed/ham10000/images/HAM10000_images_part_1/ISIC_0025641.jpg,NV,MEL,1,0,0.5532077550888062,False
ISIC_0026494,,data/processed/ham10000/images/HAM10000_images_part_1/ISIC_0026494.jpg,NV,NV,1,1,0.6952654719352722,True
ISIC_0025228,,data/processed/ham10000/images/HAM10000_images_part_1/ISIC_0025228.jpg,NV,NV,1,1,0.49425309896469116,True
ISIC_0031158,,data/processed/ham10000/images/HAM10000_images_part_2/ISIC_0031158.jpg,NV,MEL,1,0,0.5139616131782532,False
ISIC_0032181,,data/processed/ham10000/images/HAM10000_images_part_2/ISIC_0032181.jpg,NV,NV,1,1,0.6044101715087891,True
ISIC_0033686,,data/processed/ham10000/images/HAM10000_images_part_2/ISIC_0033686.jpg,NV,NV,1,1,0.6903172731399536,True
ISIC_0033852,,data/processed/ham10000/images/HAM10000_images_part_2/ISIC_0033852.jpg,NV,NV,1,1,0.9661279916763306,True
ISIC_0033775,,data/processed/ham10000/images/HAM10000_images_part_2/ISIC_0033775.jpg,NV,NV,1,1,0.9270855784416199,True
ISIC_0033561,,data/processed/ham10000/images/HAM10000_images_part_2/ISIC_0033561.jpg,NV,NV,1,1,0.5384332537651062,True
ISIC_0032739,,data/processed/ham10000/images/HAM10000_images_part_2/ISIC_0032739.jpg,NV,NV,1,1,0.5217337608337402,True
ISIC_0032874,,data/processed/ham10000/images/HAM10000_images_part_2/ISIC_0032874.jpg,NV,MEL,1,0,0.9696924686431885,False
ISIC_0032590,,data/processed/ham10000/images/HAM10000_images_part_2/ISIC_0032590.jpg,NV,NV,1,1,0.9918839931488037,True
ISIC_0033549,,data/processed/ham10000/images/HAM10000_images_part_2/ISIC_0033549.jpg,NV,NV,1,1,0.7215108871459961,True
ISIC_0033921,,data/processed/ham10000/images/HAM10000_images_part_2/ISIC_0033921.jpg,NV,NV,1,1,0.9481854438781738,True
ISIC_0034110,,data/processed/ham10000/images/HAM10000_images_part_2/ISIC_0034110.jpg,NV,NV,1,1,0.9426819682121277,True
ISIC_0025160,,data/processed/ham10000/images/HAM10000_images_part_1/ISIC_0025160.jpg,NV,VASC,1,6,0.8506954908370972,False
ISIC_0033389,,data/processed/ham10000/images/HAM10000_images_part_2/ISIC_0033389.jpg,NV,MEL,1,0,0.5292224884033203,False
ISIC_0034234,,data/processed/ham10000/images/HAM10000_images_part_2/ISIC_0034234.jpg,NV,MEL,1,0,0.5336551666259766,False
ISIC_0033308,,data/processed/ham10000/images/HAM10000_images_part_2/ISIC_0033308.jpg,NV,NV,1,1,0.7549301981925964,True
ISIC_0034274,,data/processed/ham10000/images/HAM10000_images_part_2/ISIC_0034274.jpg,NV,MEL,1,0,0.8502602577209473,False
ISIC_0033989,,data/processed/ham10000/images/HAM10000_images_part_2/ISIC_0033989.jpg,NV,NV,1,1,0.9629570841789246,True
ISIC_0032977,,data/processed/ham10000/images/HAM10000_images_part_2/ISIC_0032977.jpg,NV,MEL,1,0,0.5132654905319214,False
ISIC_0033664,,data/processed/ham10000/images/HAM10000_images_part_2/ISIC_0033664.jpg,NV,MEL,1,0,0.7495889663696289,False
ISIC_0026979,,data/processed/ham10000/images/HAM10000_images_part_1/ISIC_0026979.jpg,NV,NV,1,1,0.9990549683570862,True
ISIC_0025713,,data/processed/ham10000/images/HAM10000_images_part_1/ISIC_0025713.jpg,NV,NV,1,1,0.9575249552726746,True
ISIC_0025990,,data/processed/ham10000/images/HAM10000_images_part_1/ISIC_0025990.jpg,NV,BKL,1,4,0.9593719244003296,False
ISIC_0025778,,data/processed/ham10000/images/HAM10000_images_part_1/ISIC_0025778.jpg,NV,BKL,1,4,0.9941046833992004,False
ISIC_0027432,,data/processed/ham10000/images/HAM10000_images_part_1/ISIC_0027432.jpg,NV,NV,1,1,0.58076012134552,True
ISIC_0024907,,data/processed/ham10000/images/HAM10000_images_part_1/ISIC_0024907.jpg,NV,NV,1,1,0.5482826232910156,True
ISIC_0029656,,data/processed/ham10000/images/HAM10000_images_part_2/ISIC_0029656.jpg,NV,MEL,1,0,0.5420544743537903,False
ISIC_0025421,,data/processed/ham10000/images/HAM10000_images_part_1/ISIC_0025421.jpg,NV,MEL,1,0,0.6555938720703125,False
ISIC_0026502,,data/processed/ham10000/images/HAM10000_images_part_1/ISIC_0026502.jpg,NV,NV,1,1,0.8624662160873413,True
ISIC_0032082,,data/processed/ham10000/images/HAM10000_images_part_2/ISIC_0032082.jpg,NV,NV,1,1,0.6918528079986572,True
ISIC_0029636,,data/processed/ham10000/images/HAM10000_images_part_2/ISIC_0029636.jpg,NV,MEL,1,0,0.6920102834701538,False
ISIC_0027931,,data/processed/ham10000/images/HAM10000_images_part_1/ISIC_0027931.jpg,NV,NV,1,1,0.6374921202659607,True
ISIC_0030085,,data/processed/ham10000/images/HAM10000_images_part_2/ISIC_0030085.jpg,NV,NV,1,1,0.9254248738288879,True
ISIC_0029348,,data/processed/ham10000/images/HAM10000_images_part_2/ISIC_0029348.jpg,NV,NV,1,1,0.986182451248169,True
ISIC_0032767,,data/processed/ham10000/images/HAM10000_images_part_2/ISIC_0032767.jpg,NV,NV,1,1,0.818218469619751,True
ISIC_0033503,,data/processed/ham10000/images/HAM10000_images_part_2/ISIC_0033503.jpg,NV,MEL,1,0,0.8915648460388184,False
ISIC_0033795,,data/processed/ham10000/images/HAM10000_images_part_2/ISIC_0033795.jpg,NV,MEL,1,0,0.7222462296485901,False
ISIC_0032679,,data/processed/ham10000/images/HAM10000_images_part_2/ISIC_0032679.jpg,NV,NV,1,1,0.9947051405906677,True
ISIC_0032529,,data/processed/ham10000/images/HAM10000_images_part_2/ISIC_0032529.jpg,NV,NV,1,1,0.719505786895752,True
ISIC_0033119,,data/processed/ham10000/images/HAM10000_images_part_2/ISIC_0033119.jpg,NV,NV,1,1,0.8649806380271912,True
ISIC_0033292,,data/processed/ham10000/images/HAM10000_images_part_2/ISIC_0033292.jpg,NV,NV,1,1,0.6880058646202087,True
ISIC_0033610,,data/processed/ham10000/images/HAM10000_images_part_2/ISIC_0033610.jpg,NV,NV,1,1,0.8440397381782532,True
ISIC_0033100,,data/processed/ham10000/images/HAM10000_images_part_2/ISIC_0033100.jpg,NV,BKL,1,4,0.7172338366508484,False
ISIC_0033296,,data/processed/ham10000/images/HAM10000_images_part_2/ISIC_0033296.jpg,NV,NV,1,1,0.9512101411819458,True
ISIC_0033838,,data/processed/ham10000/images/HAM10000_images_part_2/ISIC_0033838.jpg,NV,NV,1,1,0.9728902578353882,True
ISIC_0033409,,data/processed/ham10000/images/HAM10000_images_part_2/ISIC_0033409.jpg,NV,NV,1,1,0.9906554818153381,True
ISIC_0032585,,data/processed/ham10000/images/HAM10000_images_part_2/ISIC_0032585.jpg,NV,NV,1,1,0.9774208664894104,True
ISIC_0032899,,data/processed/ham10000/images/HAM10000_images_part_2/ISIC_0032899.jpg,NV,NV,1,1,0.9862057566642761,True
ISIC_0034157,,data/processed/ham10000/images/HAM10000_images_part_2/ISIC_0034157.jpg,NV,NV,1,1,0.9515505433082581,True
ISIC_0033233,,data/processed/ham10000/images/HAM10000_images_part_2/ISIC_0033233.jpg,NV,NV,1,1,0.9191661477088928,True
ISIC_0032770,,data/processed/ham10000/images/HAM10000_images_part_2/ISIC_0032770.jpg,NV,NV,1,1,0.9620248079299927,True
ISIC_0034184,,data/processed/ham10000/images/HAM10000_images_part_2/ISIC_0034184.jpg,NV,NV,1,1,0.5907701849937439,True
ISIC_0032520,,data/processed/ham10000/images/HAM10000_images_part_2/ISIC_0032520.jpg,NV,NV,1,1,0.4653916358947754,True
ISIC_0032832,,data/processed/ham10000/images/HAM10000_images_part_2/ISIC_0032832.jpg,NV,BKL,1,4,0.9092195630073547,False
ISIC_0033917,,data/processed/ham10000/images/HAM10000_images_part_2/ISIC_0033917.jpg,NV,NV,1,1,0.7930687665939331,True
ISIC_0033475,,data/processed/ham10000/images/HAM10000_images_part_2/ISIC_0033475.jpg,NV,NV,1,1,0.8834481835365295,True
ISIC_0033210,,data/processed/ham10000/images/HAM10000_images_part_2/ISIC_0033210.jpg,NV,NV,1,1,0.6633395552635193,True
ISIC_0033219,,data/processed/ham10000/images/HAM10000_images_part_2/ISIC_0033219.jpg,NV,NV,1,1,0.500126838684082,True
ISIC_0032989,,data/processed/ham10000/images/HAM10000_images_part_2/ISIC_0032989.jpg,NV,MEL,1,0,0.926537275314331,False
ISIC_0033618,,data/processed/ham10000/images/HAM10000_images_part_2/ISIC_0033618.jpg,NV,MEL,1,0,0.6623616814613342,False
ISIC_0033016,,data/processed/ham10000/images/HAM10000_images_part_2/ISIC_0033016.jpg,NV,MEL,1,0,0.9491916298866272,False
ISIC_0033906,,data/processed/ham10000/images/HAM10000_images_part_2/ISIC_0033906.jpg,NV,NV,1,1,0.8274433016777039,True
ISIC_0033298,,data/processed/ham10000/images/HAM10000_images_part_2/ISIC_0033298.jpg,NV,MEL,1,0,0.5322058796882629,False
ISIC_0034210,,data/processed/ham10000/images/HAM10000_images_part_2/ISIC_0034210.jpg,NV,NV,1,1,0.7441597580909729,True
ISIC_0033832,,data/processed/ham10000/images/HAM10000_images_part_2/ISIC_0033832.jpg,NV,MEL,1,0,0.765901505947113,False
ISIC_0032893,,data/processed/ham10000/images/HAM10000_images_part_2/ISIC_0032893.jpg,NV,NV,1,1,0.7183206677436829,True
ISIC_0032683,,data/processed/ham10000/images/HAM10000_images_part_2/ISIC_0032683.jpg,NV,MEL,1,0,0.8342151641845703,False
ISIC_0034286,,data/processed/ham10000/images/HAM10000_images_part_2/ISIC_0034286.jpg,NV,NV,1,1,0.8944483399391174,True
ISIC_0033373,,data/processed/ham10000/images/HAM10000_images_part_2/ISIC_0033373.jpg,NV,BKL,1,4,0.7436115741729736,False
ISIC_0034300,,data/processed/ham10000/images/HAM10000_images_part_2/ISIC_0034300.jpg,NV,NV,1,1,0.982927143573761,True
ISIC_0033155,,data/processed/ham10000/images/HAM10000_images_part_2/ISIC_0033155.jpg,NV,NV,1,1,0.9525927305221558,True
ISIC_0032609,,data/processed/ham10000/images/HAM10000_images_part_2/ISIC_0032609.jpg,NV,NV,1,1,0.9580481052398682,True
ISIC_0032822,,data/processed/ham10000/images/HAM10000_images_part_2/ISIC_0032822.jpg,NV,MEL,1,0,0.916127622127533,False
ISIC_0033283,,data/processed/ham10000/images/HAM10000_images_part_2/ISIC_0033283.jpg,NV,NV,1,1,0.6399009823799133,True
ISIC_0033359,,data/processed/ham10000/images/HAM10000_images_part_2/ISIC_0033359.jpg,NV,MEL,1,0,0.8832612037658691,False
ISIC_0034314,,data/processed/ham10000/images/HAM10000_images_part_2/ISIC_0034314.jpg,NV,NV,1,1,0.869700014591217,True
ISIC_0034174,,data/processed/ham10000/images/HAM10000_images_part_2/ISIC_0034174.jpg,NV,NV,1,1,0.986661970615387,True
ISIC_0033983,,data/processed/ham10000/images/HAM10000_images_part_2/ISIC_0033983.jpg,NV,NV,1,1,0.946548581123352,True
ISIC_0034215,,data/processed/ham10000/images/HAM10000_images_part_2/ISIC_0034215.jpg,NV,NV,1,1,0.9139163494110107,True
ISIC_0033163,,data/processed/ham10000/images/HAM10000_images_part_2/ISIC_0033163.jpg,NV,NV,1,1,0.6313217282295227,True
ISIC_0033887,,data/processed/ham10000/images/HAM10000_images_part_2/ISIC_0033887.jpg,NV,NV,1,1,0.6978389620780945,True
ISIC_0033145,,data/processed/ham10000/images/HAM10000_images_part_2/ISIC_0033145.jpg,NV,NV,1,1,0.9781985282897949,True
ISIC_0033799,,data/processed/ham10000/images/HAM10000_images_part_2/ISIC_0033799.jpg,NV,NV,1,1,0.9329696297645569,True
ISIC_0032882,,data/processed/ham10000/images/HAM10000_images_part_2/ISIC_0032882.jpg,NV,NV,1,1,0.9445309638977051,True
ISIC_0034078,,data/processed/ham10000/images/HAM10000_images_part_2/ISIC_0034078.jpg,NV,NV,1,1,0.9551737308502197,True
ISIC_0032818,,data/processed/ham10000/images/HAM10000_images_part_2/ISIC_0032818.jpg,NV,NV,1,1,0.9298668503761292,True
ISIC_0034060,,data/processed/ham10000/images/HAM10000_images_part_2/ISIC_0034060.jpg,NV,NV,1,1,0.7546062469482422,True
ISIC_0033002,,data/processed/ham10000/images/HAM10000_images_part_2/ISIC_0033002.jpg,NV,NV,1,1,0.9532880783081055,True
ISIC_0033683,,data/processed/ham10000/images/HAM10000_images_part_2/ISIC_0033683.jpg,NV,NV,1,1,0.9355720281600952,True
ISIC_0033121,,data/processed/ham10000/images/HAM10000_images_part_2/ISIC_0033121.jpg,NV,MEL,1,0,0.6350900530815125,False
ISIC_0034158,,data/processed/ham10000/images/HAM10000_images_part_2/ISIC_0034158.jpg,NV,NV,1,1,0.9748571515083313,True
ISIC_0033213,,data/processed/ham10000/images/HAM10000_images_part_2/ISIC_0033213.jpg,NV,NV,1,1,0.671492874622345,True
ISIC_0033517,,data/processed/ham10000/images/HAM10000_images_part_2/ISIC_0033517.jpg,NV,NV,1,1,0.8983188271522522,True
ISIC_0033513,,data/processed/ham10000/images/HAM10000_images_part_2/ISIC_0033513.jpg,NV,NV,1,1,0.8013012409210205,True
ISIC_0033649,,data/processed/ham10000/images/HAM10000_images_part_2/ISIC_0033649.jpg,NV,NV,1,1,0.9474289417266846,True
ISIC_0033150,,data/processed/ham10000/images/HAM10000_images_part_2/ISIC_0033150.jpg,NV,NV,1,1,0.6697949171066284,True
ISIC_0033698,,data/processed/ham10000/images/HAM10000_images_part_2/ISIC_0033698.jpg,NV,NV,1,1,0.7687732577323914,True
ISIC_0034240,,data/processed/ham10000/images/HAM10000_images_part_2/ISIC_0034240.jpg,NV,NV,1,1,0.9886393547058105,True
ISIC_0032853,,data/processed/ham10000/images/HAM10000_images_part_2/ISIC_0032853.jpg,NV,NV,1,1,0.698647677898407,True
ISIC_0034148,,data/processed/ham10000/images/HAM10000_images_part_2/ISIC_0034148.jpg,NV,NV,1,1,0.9337574243545532,True
ISIC_0034241,,data/processed/ham10000/images/HAM10000_images_part_2/ISIC_0034241.jpg,NV,NV,1,1,0.9031192660331726,True
ISIC_0033665,,data/processed/ham10000/images/HAM10000_images_part_2/ISIC_0033665.jpg,NV,MEL,1,0,0.9382598400115967,False
ISIC_0032813,,data/processed/ham10000/images/HAM10000_images_part_2/ISIC_0032813.jpg,NV,NV,1,1,0.5511621236801147,True
ISIC_0034213,,data/processed/ham10000/images/HAM10000_images_part_2/ISIC_0034213.jpg,NV,NV,1,1,0.9216665625572205,True
ISIC_0032561,,data/processed/ham10000/images/HAM10000_images_part_2/ISIC_0032561.jpg,NV,NV,1,1,0.7223365306854248,True
ISIC_0033839,,data/processed/ham10000/images/HAM10000_images_part_2/ISIC_0033839.jpg,NV,NV,1,1,0.941055178642273,True
ISIC_0033940,,data/processed/ham10000/images/HAM10000_images_part_2/ISIC_0033940.jpg,NV,MEL,1,0,0.8836554884910583,False
ISIC_0033818,,data/processed/ham10000/images/HAM10000_images_part_2/ISIC_0033818.jpg,NV,NV,1,1,0.7500447034835815,True
ISIC_0034029,,data/processed/ham10000/images/HAM10000_images_part_2/ISIC_0034029.jpg,NV,MEL,1,0,0.7807848453521729,False
ISIC_0026429,,data/processed/ham10000/images/HAM10000_images_part_1/ISIC_0026429.jpg,NV,NV,1,1,0.5085436105728149,True
ISIC_0034237,,data/processed/ham10000/images/HAM10000_images_part_2/ISIC_0034237.jpg,NV,MEL,1,0,0.6933674216270447,False
ISIC_0034032,,data/processed/ham10000/images/HAM10000_images_part_2/ISIC_0034032.jpg,NV,NV,1,1,0.6123003959655762,True
ISIC_0033075,,data/processed/ham10000/images/HAM10000_images_part_2/ISIC_0033075.jpg,NV,NV,1,1,0.6253846287727356,True
ISIC_0033451,,data/processed/ham10000/images/HAM10000_images_part_2/ISIC_0033451.jpg,NV,MEL,1,0,0.8339930176734924,False
ISIC_0033552,,data/processed/ham10000/images/HAM10000_images_part_2/ISIC_0033552.jpg,NV,MEL,1,0,0.6371403336524963,False
ISIC_0034310,,data/processed/ham10000/images/HAM10000_images_part_2/ISIC_0034310.jpg,NV,BKL,1,4,0.6777023673057556,False
ISIC_0033083,,data/processed/ham10000/images/HAM10000_images_part_2/ISIC_0033083.jpg,NV,NV,1,1,0.9758264422416687,True
ISIC_0033133,,data/processed/ham10000/images/HAM10000_images_part_2/ISIC_0033133.jpg,NV,NV,1,1,0.997894823551178,True
ISIC_0033352,,data/processed/ham10000/images/HAM10000_images_part_2/ISIC_0033352.jpg,NV,NV,1,1,0.9895778894424438,True
ISIC_0032574,,data/processed/ham10000/images/HAM10000_images_part_2/ISIC_0032574.jpg,NV,NV,1,1,0.6310356259346008,True
ISIC_0033398,,data/processed/ham10000/images/HAM10000_images_part_2/ISIC_0033398.jpg,NV,BCC,1,2,0.9720191359519958,False
ISIC_0033244,,data/processed/ham10000/images/HAM10000_images_part_2/ISIC_0033244.jpg,NV,BCC,1,2,0.8961606025695801,False
ISIC_0033181,,data/processed/ham10000/images/HAM10000_images_part_2/ISIC_0033181.jpg,NV,NV,1,1,0.9953658580780029,True
ISIC_0033661,,data/processed/ham10000/images/HAM10000_images_part_2/ISIC_0033661.jpg,NV,NV,1,1,0.9840283989906311,True
ISIC_0034004,,data/processed/ham10000/images/HAM10000_images_part_2/ISIC_0034004.jpg,NV,NV,1,1,0.9859517812728882,True
ISIC_0033136,,data/processed/ham10000/images/HAM10000_images_part_2/ISIC_0033136.jpg,NV,NV,1,1,0.3585564196109772,True
ISIC_0033215,,data/processed/ham10000/images/HAM10000_images_part_2/ISIC_0033215.jpg,NV,NV,1,1,0.9059506058692932,True
ISIC_0033433,,data/processed/ham10000/images/HAM10000_images_part_2/ISIC_0033433.jpg,NV,BKL,1,4,0.8040392994880676,False
ISIC_0032934,,data/processed/ham10000/images/HAM10000_images_part_2/ISIC_0032934.jpg,NV,BKL,1,4,0.9866646528244019,False
ISIC_0034244,,data/processed/ham10000/images/HAM10000_images_part_2/ISIC_0034244.jpg,NV,NV,1,1,0.9449586868286133,True
ISIC_0032855,,data/processed/ham10000/images/HAM10000_images_part_2/ISIC_0032855.jpg,NV,NV,1,1,0.9084898233413696,True
ISIC_0032792,,data/processed/ham10000/images/HAM10000_images_part_2/ISIC_0032792.jpg,NV,MEL,1,0,0.5550534129142761,False
ISIC_0033062,,data/processed/ham10000/images/HAM10000_images_part_2/ISIC_0033062.jpg,NV,NV,1,1,0.9207245111465454,True
ISIC_0034261,,data/processed/ham10000/images/HAM10000_images_part_2/ISIC_0034261.jpg,NV,NV,1,1,0.745296061038971,True
ISIC_0033288,,data/processed/ham10000/images/HAM10000_images_part_2/ISIC_0033288.jpg,NV,NV,1,1,0.8819496035575867,True
ISIC_0033087,,data/processed/ham10000/images/HAM10000_images_part_2/ISIC_0033087.jpg,NV,NV,1,1,0.8412442803382874,True
ISIC_0031290,,data/processed/ham10000/images/HAM10000_images_part_2/ISIC_0031290.jpg,NV,NV,1,1,0.8099505305290222,True
ISIC_0032846,,data/processed/ham10000/images/HAM10000_images_part_2/ISIC_0032846.jpg,NV,BKL,1,4,0.4599052965641022,False
ISIC_0033816,,data/processed/ham10000/images/HAM10000_images_part_2/ISIC_0033816.jpg,NV,MEL,1,0,0.7272799015045166,False
ISIC_0033672,,data/processed/ham10000/images/HAM10000_images_part_2/ISIC_0033672.jpg,NV,MEL,1,0,0.49870583415031433,False
ISIC_0033960,,data/processed/ham10000/images/HAM10000_images_part_2/ISIC_0033960.jpg,NV,NV,1,1,0.9222830533981323,True
ISIC_0033259,,data/processed/ham10000/images/HAM10000_images_part_2/ISIC_0033259.jpg,NV,NV,1,1,0.9245654344558716,True
ISIC_0033403,,data/processed/ham10000/images/HAM10000_images_part_2/ISIC_0033403.jpg,NV,NV,1,1,0.9216893315315247,True
ISIC_0033954,,data/processed/ham10000/images/HAM10000_images_part_2/ISIC_0033954.jpg,NV,NV,1,1,0.9715914726257324,True
ISIC_0033771,,data/processed/ham10000/images/HAM10000_images_part_2/ISIC_0033771.jpg,NV,NV,1,1,0.8908120393753052,True
ISIC_0034035,,data/processed/ham10000/images/HAM10000_images_part_2/ISIC_0034035.jpg,NV,NV,1,1,0.9396542310714722,True
ISIC_0033724,,data/processed/ham10000/images/HAM10000_images_part_2/ISIC_0033724.jpg,NV,NV,1,1,0.9391244649887085,True
ISIC_0033786,,data/processed/ham10000/images/HAM10000_images_part_2/ISIC_0033786.jpg,NV,NV,1,1,0.9767636060714722,True
ISIC_0033564,,data/processed/ham10000/images/HAM10000_images_part_2/ISIC_0033564.jpg,NV,NV,1,1,0.903984010219574,True
ISIC_0032627,,data/processed/ham10000/images/HAM10000_images_part_2/ISIC_0032627.jpg,NV,NV,1,1,0.9894464612007141,True
ISIC_0033532,,data/processed/ham10000/images/HAM10000_images_part_2/ISIC_0033532.jpg,NV,NV,1,1,0.8234391212463379,True
ISIC_0032713,,data/processed/ham10000/images/HAM10000_images_part_2/ISIC_0032713.jpg,NV,NV,1,1,0.9743757247924805,True
ISIC_0034009,,data/processed/ham10000/images/HAM10000_images_part_2/ISIC_0034009.jpg,NV,MEL,1,0,0.5756905674934387,False
ISIC_0034305,,data/processed/ham10000/images/HAM10000_images_part_2/ISIC_0034305.jpg,NV,NV,1,1,0.3863387405872345,True
ISIC_0034097,,data/processed/ham10000/images/HAM10000_images_part_2/ISIC_0034097.jpg,NV,MEL,1,0,0.4201880693435669,False
ISIC_0033021,,data/processed/ham10000/images/HAM10000_images_part_2/ISIC_0033021.jpg,NV,NV,1,1,0.9723244905471802,True
ISIC_0033835,,data/processed/ham10000/images/HAM10000_images_part_2/ISIC_0033835.jpg,NV,NV,1,1,0.8978091478347778,True
ISIC_0034247,,data/processed/ham10000/images/HAM10000_images_part_2/ISIC_0034247.jpg,NV,NV,1,1,0.620683491230011,True
ISIC_0033455,,data/processed/ham10000/images/HAM10000_images_part_2/ISIC_0033455.jpg,NV,BKL,1,4,0.606873631477356,False
ISIC_0034056,,data/processed/ham10000/images/HAM10000_images_part_2/ISIC_0034056.jpg,NV,NV,1,1,0.44853052496910095,True
ISIC_0033875,,data/processed/ham10000/images/HAM10000_images_part_2/ISIC_0033875.jpg,NV,NV,1,1,0.6959995627403259,True
ISIC_0033329,,data/processed/ham10000/images/HAM10000_images_part_2/ISIC_0033329.jpg,NV,NV,1,1,0.972981333732605,True
ISIC_0034181,,data/processed/ham10000/images/HAM10000_images_part_2/ISIC_0034181.jpg,NV,NV,1,1,0.5891528725624084,True
ISIC_0033448,,data/processed/ham10000/images/HAM10000_images_part_2/ISIC_0033448.jpg,NV,NV,1,1,0.9457266926765442,True
ISIC_0034304,,data/processed/ham10000/images/HAM10000_images_part_2/ISIC_0034304.jpg,NV,NV,1,1,0.8563568592071533,True
ISIC_0033955,,data/processed/ham10000/images/HAM10000_images_part_2/ISIC_0033955.jpg,NV,NV,1,1,0.977103590965271,True
ISIC_0033822,,data/processed/ham10000/images/HAM10000_images_part_2/ISIC_0033822.jpg,NV,NV,1,1,0.9127945303916931,True
ISIC_0034217,,data/processed/ham10000/images/HAM10000_images_part_2/ISIC_0034217.jpg,NV,NV,1,1,0.8858698606491089,True
ISIC_0032952,,data/processed/ham10000/images/HAM10000_images_part_2/ISIC_0032952.jpg,NV,NV,1,1,0.9793477654457092,True
ISIC_0032946,,data/processed/ham10000/images/HAM10000_images_part_2/ISIC_0032946.jpg,NV,NV,1,1,0.998377799987793,True
ISIC_0033153,,data/processed/ham10000/images/HAM10000_images_part_2/ISIC_0033153.jpg,NV,NV,1,1,0.9978712797164917,True
ISIC_0033993,,data/processed/ham10000/images/HAM10000_images_part_2/ISIC_0033993.jpg,NV,NV,1,1,0.9978631138801575,True
ISIC_0032926,,data/processed/ham10000/images/HAM10000_images_part_2/ISIC_0032926.jpg,NV,NV,1,1,0.9996665716171265,True
ISIC_0033049,,data/processed/ham10000/images/HAM10000_images_part_2/ISIC_0033049.jpg,NV,NV,1,1,0.9997827410697937,True
ISIC_0033463,,data/processed/ham10000/images/HAM10000_images_part_2/ISIC_0033463.jpg,NV,NV,1,1,0.8473919034004211,True
ISIC_0033757,,data/processed/ham10000/images/HAM10000_images_part_2/ISIC_0033757.jpg,NV,NV,1,1,0.6043393611907959,True
ISIC_0033697,,data/processed/ham10000/images/HAM10000_images_part_2/ISIC_0033697.jpg,NV,NV,1,1,0.9601287245750427,True
ISIC_0033656,,data/processed/ham10000/images/HAM10000_images_part_2/ISIC_0033656.jpg,NV,NV,1,1,0.9774407744407654,True
ISIC_0030023,,data/processed/ham10000/images/HAM10000_images_part_2/ISIC_0030023.jpg,NV,NV,1,1,0.7696799039840698,True
ISIC_0030156,,data/processed/ham10000/images/HAM10000_images_part_2/ISIC_0030156.jpg,NV,NV,1,1,0.9325169324874878,True
ISIC_0024695,,data/processed/ham10000/images/HAM10000_images_part_1/ISIC_0024695.jpg,NV,NV,1,1,0.5059701800346375,True
ISIC_0025972,,data/processed/ham10000/images/HAM10000_images_part_1/ISIC_0025972.jpg,NV,NV,1,1,0.5368309020996094,True
ISIC_0024608,,data/processed/ham10000/images/HAM10000_images_part_1/ISIC_0024608.jpg,NV,MEL,1,0,0.6059699654579163,False
ISIC_0025267,,data/processed/ham10000/images/HAM10000_images_part_1/ISIC_0025267.jpg,NV,NV,1,1,0.9743579626083374,True
ISIC_0029581,,data/processed/ham10000/images/HAM10000_images_part_2/ISIC_0029581.jpg,NV,NV,1,1,0.8659641146659851,True
ISIC_0025887,,data/processed/ham10000/images/HAM10000_images_part_1/ISIC_0025887.jpg,NV,NV,1,1,0.4267338514328003,True
ISIC_0026049,,data/processed/ham10000/images/HAM10000_images_part_1/ISIC_0026049.jpg,NV,NV,1,1,0.7156206965446472,True
ISIC_0028734,,data/processed/ham10000/images/HAM10000_images_part_1/ISIC_0028734.jpg,NV,MEL,1,0,0.7417553067207336,False
ISIC_0026125,,data/processed/ham10000/images/HAM10000_images_part_1/ISIC_0026125.jpg,NV,NV,1,1,0.9154332280158997,True
ISIC_0029904,,data/processed/ham10000/images/HAM10000_images_part_2/ISIC_0029904.jpg,NV,NV,1,1,0.9666262865066528,True
ISIC_0026370,,data/processed/ham10000/images/HAM10000_images_part_1/ISIC_0026370.jpg,NV,NV,1,1,0.9786624312400818,True
ISIC_0030284,,data/processed/ham10000/images/HAM10000_images_part_2/ISIC_0030284.jpg,NV,NV,1,1,0.9760741591453552,True
ISIC_0025618,,data/processed/ham10000/images/HAM10000_images_part_1/ISIC_0025618.jpg,NV,NV,1,1,0.9449430108070374,True
ISIC_0024682,,data/processed/ham10000/images/HAM10000_images_part_1/ISIC_0024682.jpg,NV,MEL,1,0,0.5302605628967285,False
ISIC_0030841,,data/processed/ham10000/images/HAM10000_images_part_2/ISIC_0030841.jpg,NV,MEL,1,0,0.9223518967628479,False
ISIC_0031654,,data/processed/ham10000/images/HAM10000_images_part_2/ISIC_0031654.jpg,NV,NV,1,1,0.8977094292640686,True
ISIC_0025226,,data/processed/ham10000/images/HAM10000_images_part_1/ISIC_0025226.jpg,NV,NV,1,1,0.9897028803825378,True
ISIC_0026705,,data/processed/ham10000/images/HAM10000_images_part_1/ISIC_0026705.jpg,NV,NV,1,1,0.683424174785614,True
ISIC_0026913,,data/processed/ham10000/images/HAM10000_images_part_1/ISIC_0026913.jpg,NV,NV,1,1,0.49836409091949463,True
ISIC_0026424,,data/processed/ham10000/images/HAM10000_images_part_1/ISIC_0026424.jpg,NV,NV,1,1,0.9081795811653137,True
ISIC_0027670,,data/processed/ham10000/images/HAM10000_images_part_1/ISIC_0027670.jpg,NV,NV,1,1,0.8530759215354919,True
ISIC_0027097,,data/processed/ham10000/images/HAM10000_images_part_1/ISIC_0027097.jpg,NV,NV,1,1,0.9069019556045532,True
ISIC_0028581,,data/processed/ham10000/images/HAM10000_images_part_1/ISIC_0028581.jpg,NV,NV,1,1,0.9014412760734558,True
ISIC_0028868,,data/processed/ham10000/images/HAM10000_images_part_1/ISIC_0028868.jpg,NV,MEL,1,0,0.5102588534355164,False
ISIC_0032021,,data/processed/ham10000/images/HAM10000_images_part_2/ISIC_0032021.jpg,NV,NV,1,1,0.7742934823036194,True
ISIC_0029664,,data/processed/ham10000/images/HAM10000_images_part_2/ISIC_0029664.jpg,NV,NV,1,1,0.9827744364738464,True
ISIC_0024936,,data/processed/ham10000/images/HAM10000_images_part_1/ISIC_0024936.jpg,NV,NV,1,1,0.5371525287628174,True
ISIC_0030116,,data/processed/ham10000/images/HAM10000_images_part_2/ISIC_0030116.jpg,NV,NV,1,1,0.962895393371582,True
ISIC_0026270,,data/processed/ham10000/images/HAM10000_images_part_1/ISIC_0026270.jpg,NV,NV,1,1,0.5786514282226562,True
ISIC_0025096,,data/processed/ham10000/images/HAM10000_images_part_1/ISIC_0025096.jpg,NV,NV,1,1,0.97037672996521,True
ISIC_0029572,,data/processed/ham10000/images/HAM10000_images_part_2/ISIC_0029572.jpg,NV,NV,1,1,0.7697863578796387,True
ISIC_0030933,,data/processed/ham10000/images/HAM10000_images_part_2/ISIC_0030933.jpg,NV,NV,1,1,0.5449994802474976,True
ISIC_0025043,,data/processed/ham10000/images/HAM10000_images_part_1/ISIC_0025043.jpg,NV,AKIEC,1,3,0.481606125831604,False
ISIC_0030615,,data/processed/ham10000/images/HAM10000_images_part_2/ISIC_0030615.jpg,NV,BKL,1,4,0.4802608788013458,False
ISIC_0027925,,data/processed/ham10000/images/HAM10000_images_part_1/ISIC_0027925.jpg,NV,NV,1,1,0.6866171956062317,True
ISIC_0031917,,data/processed/ham10000/images/HAM10000_images_part_2/ISIC_0031917.jpg,NV,NV,1,1,0.6079961657524109,True
ISIC_0024975,,data/processed/ham10000/images/HAM10000_images_part_1/ISIC_0024975.jpg,NV,MEL,1,0,0.9925817251205444,False
ISIC_0025782,,data/processed/ham10000/images/HAM10000_images_part_1/ISIC_0025782.jpg,NV,MEL,1,0,0.9847116470336914,False
ISIC_0031079,,data/processed/ham10000/images/HAM10000_images_part_2/ISIC_0031079.jpg,NV,NV,1,1,0.9920033812522888,True
ISIC_0028524,,data/processed/ham10000/images/HAM10000_images_part_1/ISIC_0028524.jpg,NV,NV,1,1,0.9948018789291382,True
ISIC_0026804,,data/processed/ham10000/images/HAM10000_images_part_1/ISIC_0026804.jpg,NV,NV,1,1,0.9184538125991821,True
ISIC_0031194,,data/processed/ham10000/images/HAM10000_images_part_2/ISIC_0031194.jpg,NV,NV,1,1,0.966881275177002,True
ISIC_0024503,,data/processed/ham10000/images/HAM10000_images_part_1/ISIC_0024503.jpg,NV,NV,1,1,0.9867470264434814,True
ISIC_0029667,,data/processed/ham10000/images/HAM10000_images_part_2/ISIC_0029667.jpg,NV,NV,1,1,0.9879516959190369,True
ISIC_0029188,,data/processed/ham10000/images/HAM10000_images_part_1/ISIC_0029188.jpg,NV,NV,1,1,0.9485976099967957,True
ISIC_0027800,,data/processed/ham10000/images/HAM10000_images_part_1/ISIC_0027800.jpg,NV,NV,1,1,0.8319264650344849,True
ISIC_0031447,,data/processed/ham10000/images/HAM10000_images_part_2/ISIC_0031447.jpg,NV,NV,1,1,0.9749636650085449,True
ISIC_0024837,,data/processed/ham10000/images/HAM10000_images_part_1/ISIC_0024837.jpg,NV,NV,1,1,0.9826338887214661,True
ISIC_0031667,,data/processed/ham10000/images/HAM10000_images_part_2/ISIC_0031667.jpg,NV,NV,1,1,0.8869001865386963,True
ISIC_0026027,,data/processed/ham10000/images/HAM10000_images_part_1/ISIC_0026027.jpg,NV,NV,1,1,0.9685667157173157,True
ISIC_0030466,,data/processed/ham10000/images/HAM10000_images_part_2/ISIC_0030466.jpg,NV,NV,1,1,0.9948081374168396,True
ISIC_0024529,,data/processed/ham10000/images/HAM10000_images_part_1/ISIC_0024529.jpg,NV,NV,1,1,0.9766649007797241,True
ISIC_0029938,,data/processed/ham10000/images/HAM10000_images_part_2/ISIC_0029938.jpg,NV,BKL,1,4,0.6591572761535645,False
ISIC_0024777,,data/processed/ham10000/images/HAM10000_images_part_1/ISIC_0024777.jpg,NV,BKL,1,4,0.6591572761535645,False
ISIC_0029196,,data/processed/ham10000/images/HAM10000_images_part_1/ISIC_0029196.jpg,NV,NV,1,1,0.45314040780067444,True
ISIC_0030066,,data/processed/ham10000/images/HAM10000_images_part_2/ISIC_0030066.jpg,NV,NV,1,1,0.7650570273399353,True
ISIC_0028944,,data/processed/ham10000/images/HAM10000_images_part_1/ISIC_0028944.jpg,NV,NV,1,1,0.713649570941925,True
ISIC_0031631,,data/processed/ham10000/images/HAM10000_images_part_2/ISIC_0031631.jpg,NV,BKL,1,4,0.5700483918190002,False
ISIC_0027150,,data/processed/ham10000/images/HAM10000_images_part_1/ISIC_0027150.jpg,NV,BKL,1,4,0.48456090688705444,False
ISIC_0029640,,data/processed/ham10000/images/HAM10000_images_part_2/ISIC_0029640.jpg,NV,NV,1,1,0.5179800391197205,True
ISIC_0029724,,data/processed/ham10000/images/HAM10000_images_part_2/ISIC_0029724.jpg,NV,NV,1,1,0.588670015335083,True
ISIC_0027707,,data/processed/ham10000/images/HAM10000_images_part_1/ISIC_0027707.jpg,NV,MEL,1,0,0.624681293964386,False
ISIC_0031541,,data/processed/ham10000/images/HAM10000_images_part_2/ISIC_0031541.jpg,NV,NV,1,1,0.9999185800552368,True
ISIC_0027596,,data/processed/ham10000/images/HAM10000_images_part_1/ISIC_0027596.jpg,NV,NV,1,1,0.9999130964279175,True
ISIC_0028960,,data/processed/ham10000/images/HAM10000_images_part_1/ISIC_0028960.jpg,NV,NV,1,1,0.9999016523361206,True
ISIC_0027020,,data/processed/ham10000/images/HAM10000_images_part_1/ISIC_0027020.jpg,NV,NV,1,1,0.9689220190048218,True
ISIC_0028390,,data/processed/ham10000/images/HAM10000_images_part_1/ISIC_0028390.jpg,NV,NV,1,1,0.9886584877967834,True
ISIC_0029199,,data/processed/ham10000/images/HAM10000_images_part_1/ISIC_0029199.jpg,NV,NV,1,1,0.9875214695930481,True
ISIC_0025386,,data/processed/ham10000/images/HAM10000_images_part_1/ISIC_0025386.jpg,NV,NV,1,1,0.9544264674186707,True
ISIC_0028510,,data/processed/ham10000/images/HAM10000_images_part_1/ISIC_0028510.jpg,NV,NV,1,1,0.605914294719696,True
ISIC_0024870,,data/processed/ham10000/images/HAM10000_images_part_1/ISIC_0024870.jpg,NV,NV,1,1,0.9565343260765076,True
ISIC_0028999,,data/processed/ham10000/images/HAM10000_images_part_1/ISIC_0028999.jpg,NV,NV,1,1,0.5013009309768677,True
ISIC_0025039,,data/processed/ham10000/images/HAM10000_images_part_1/ISIC_0025039.jpg,NV,NV,1,1,0.5176723003387451,True
ISIC_0030127,,data/processed/ham10000/images/HAM10000_images_part_2/ISIC_0030127.jpg,NV,NV,1,1,0.9991362690925598,True
ISIC_0030397,,data/processed/ham10000/images/HAM10000_images_part_2/ISIC_0030397.jpg,NV,NV,1,1,0.9940040707588196,True
ISIC_0032355,,data/processed/ham10000/images/HAM10000_images_part_2/ISIC_0032355.jpg,NV,NV,1,1,0.9962265491485596,True
ISIC_0027897,,data/processed/ham10000/images/HAM10000_images_part_1/ISIC_0027897.jpg,NV,NV,1,1,0.9815279245376587,True
ISIC_0029339,,data/processed/ham10000/images/HAM10000_images_part_2/ISIC_0029339.jpg,NV,MEL,1,0,0.7109423875808716,False
ISIC_0029277,,data/processed/ham10000/images/HAM10000_images_part_1/ISIC_0029277.jpg,NV,NV,1,1,0.830482542514801,True
ISIC_0028757,,data/processed/ham10000/images/HAM10000_images_part_1/ISIC_0028757.jpg,NV,NV,1,1,0.7556993365287781,True
ISIC_0031483,,data/processed/ham10000/images/HAM10000_images_part_2/ISIC_0031483.jpg,NV,NV,1,1,0.9861660003662109,True
ISIC_0031603,,data/processed/ham10000/images/HAM10000_images_part_2/ISIC_0031603.jpg,NV,AKIEC,1,3,0.49777448177337646,False
ISIC_0029867,,data/processed/ham10000/images/HAM10000_images_part_2/ISIC_0029867.jpg,NV,NV,1,1,0.6330274939537048,True
ISIC_0027213,,data/processed/ham10000/images/HAM10000_images_part_1/ISIC_0027213.jpg,NV,NV,1,1,0.4987250864505768,True
ISIC_0032163,,data/processed/ham10000/images/HAM10000_images_part_2/ISIC_0032163.jpg,NV,MEL,1,0,0.684414803981781,False
ISIC_0030842,,data/processed/ham10000/images/HAM10000_images_part_2/ISIC_0030842.jpg,NV,NV,1,1,0.8364502191543579,True
ISIC_0025657,,data/processed/ham10000/images/HAM10000_images_part_1/ISIC_0025657.jpg,NV,NV,1,1,0.9633502960205078,True
ISIC_0031285,,data/processed/ham10000/images/HAM10000_images_part_2/ISIC_0031285.jpg,NV,MEL,1,0,0.764678418636322,False
ISIC_0030532,,data/processed/ham10000/images/HAM10000_images_part_2/ISIC_0030532.jpg,NV,MEL,1,0,0.945153534412384,False
ISIC_0026400,,data/processed/ham10000/images/HAM10000_images_part_1/ISIC_0026400.jpg,NV,NV,1,1,0.697053074836731,True
ISIC_0025410,,data/processed/ham10000/images/HAM10000_images_part_1/ISIC_0025410.jpg,NV,NV,1,1,0.9314114451408386,True
ISIC_0031932,,data/processed/ham10000/images/HAM10000_images_part_2/ISIC_0031932.jpg,NV,BKL,1,4,0.532110869884491,False
ISIC_0030525,,data/processed/ham10000/images/HAM10000_images_part_2/ISIC_0030525.jpg,NV,NV,1,1,0.9383319616317749,True
ISIC_0026901,,data/processed/ham10000/images/HAM10000_images_part_1/ISIC_0026901.jpg,NV,NV,1,1,0.9598321914672852,True
ISIC_0026739,,data/processed/ham10000/images/HAM10000_images_part_1/ISIC_0026739.jpg,NV,NV,1,1,0.9937078952789307,True
ISIC_0024899,,data/processed/ham10000/images/HAM10000_images_part_1/ISIC_0024899.jpg,NV,NV,1,1,0.9973854422569275,True
ISIC_0031126,,data/processed/ham10000/images/HAM10000_images_part_2/ISIC_0031126.jpg,NV,BCC,1,2,0.455483078956604,False
ISIC_0025013,,data/processed/ham10000/images/HAM10000_images_part_1/ISIC_0025013.jpg,NV,MEL,1,0,0.7275925278663635,False
ISIC_0027724,,data/processed/ham10000/images/HAM10000_images_part_1/ISIC_0027724.jpg,NV,MEL,1,0,0.6666134595870972,False
ISIC_0030790,,data/processed/ham10000/images/HAM10000_images_part_2/ISIC_0030790.jpg,NV,MEL,1,0,0.5820236206054688,False
ISIC_0029197,,data/processed/ham10000/images/HAM10000_images_part_1/ISIC_0029197.jpg,NV,NV,1,1,0.8537322878837585,True
ISIC_0026512,,data/processed/ham10000/images/HAM10000_images_part_1/ISIC_0026512.jpg,NV,NV,1,1,0.7931996583938599,True
ISIC_0032126,,data/processed/ham10000/images/HAM10000_images_part_2/ISIC_0032126.jpg,NV,BKL,1,4,0.8079854249954224,False
ISIC_0029298,,data/processed/ham10000/images/HAM10000_images_part_1/ISIC_0029298.jpg,NV,NV,1,1,0.8193264007568359,True
ISIC_0032489,,data/processed/ham10000/images/HAM10000_images_part_2/ISIC_0032489.jpg,NV,MEL,1,0,0.8254989385604858,False
ISIC_0027569,,data/processed/ham10000/images/HAM10000_images_part_1/ISIC_0027569.jpg,NV,NV,1,1,0.6734945774078369,True
ISIC_0030544,,data/processed/ham10000/images/HAM10000_images_part_2/ISIC_0030544.jpg,NV,NV,1,1,0.995010256767273,True
ISIC_0030962,,data/processed/ham10000/images/HAM10000_images_part_2/ISIC_0030962.jpg,NV,NV,1,1,0.99611496925354,True
ISIC_0025926,,data/processed/ham10000/images/HAM10000_images_part_1/ISIC_0025926.jpg,NV,NV,1,1,0.7702208757400513,True
ISIC_0031117,,data/processed/ham10000/images/HAM10000_images_part_2/ISIC_0031117.jpg,NV,NV,1,1,0.5086022019386292,True
ISIC_0029046,,data/processed/ham10000/images/HAM10000_images_part_1/ISIC_0029046.jpg,NV,MEL,1,0,0.8245571255683899,False
ISIC_0024425,,data/processed/ham10000/images/HAM10000_images_part_1/ISIC_0024425.jpg,NV,BKL,1,4,0.8523220419883728,False
ISIC_0029109,,data/processed/ham10000/images/HAM10000_images_part_1/ISIC_0029109.jpg,NV,NV,1,1,0.4969744086265564,True
ISIC_0029369,,data/processed/ham10000/images/HAM10000_images_part_2/ISIC_0029369.jpg,NV,NV,1,1,0.7982348799705505,True
ISIC_0028297,,data/processed/ham10000/images/HAM10000_images_part_1/ISIC_0028297.jpg,NV,MEL,1,0,0.7972440123558044,False
ISIC_0026226,,data/processed/ham10000/images/HAM10000_images_part_1/ISIC_0026226.jpg,NV,BCC,1,2,0.9972584247589111,False
ISIC_0028174,,data/processed/ham10000/images/HAM10000_images_part_1/ISIC_0028174.jpg,NV,BCC,1,2,0.5412170886993408,False
ISIC_0024566,,data/processed/ham10000/images/HAM10000_images_part_1/ISIC_0024566.jpg,NV,BCC,1,2,0.9114519357681274,False
ISIC_0025112,,data/processed/ham10000/images/HAM10000_images_part_1/ISIC_0025112.jpg,NV,BCC,1,2,0.9848862290382385,False
ISIC_0029203,,data/processed/ham10000/images/HAM10000_images_part_1/ISIC_0029203.jpg,NV,NV,1,1,0.7357636094093323,True
ISIC_0032444,,data/processed/ham10000/images/HAM10000_images_part_2/ISIC_0032444.jpg,NV,MEL,1,0,0.8124526143074036,False
ISIC_0028305,,data/processed/ham10000/images/HAM10000_images_part_1/ISIC_0028305.jpg,NV,NV,1,1,0.8312904238700867,True
ISIC_0028186,,data/processed/ham10000/images/HAM10000_images_part_1/ISIC_0028186.jpg,NV,NV,1,1,0.6187265515327454,True
ISIC_0026099,,data/processed/ham10000/images/HAM10000_images_part_1/ISIC_0026099.jpg,NV,MEL,1,0,0.5199190974235535,False
ISIC_0024836,,data/processed/ham10000/images/HAM10000_images_part_1/ISIC_0024836.jpg,NV,NV,1,1,0.9083978533744812,True
ISIC_0031451,,data/processed/ham10000/images/HAM10000_images_part_2/ISIC_0031451.jpg,NV,NV,1,1,0.998288094997406,True
ISIC_0029544,,data/processed/ham10000/images/HAM10000_images_part_2/ISIC_0029544.jpg,NV,NV,1,1,0.5216996669769287,True
ISIC_0028364,,data/processed/ham10000/images/HAM10000_images_part_1/ISIC_0028364.jpg,NV,MEL,1,0,0.8641912937164307,False
ISIC_0025784,,data/processed/ham10000/images/HAM10000_images_part_1/ISIC_0025784.jpg,NV,NV,1,1,0.5542584657669067,True
ISIC_0032112,,data/processed/ham10000/images/HAM10000_images_part_2/ISIC_0032112.jpg,NV,MEL,1,0,0.5741663575172424,False
ISIC_0028631,,data/processed/ham10000/images/HAM10000_images_part_1/ISIC_0028631.jpg,NV,NV,1,1,0.8684571981430054,True
ISIC_0026053,,data/processed/ham10000/images/HAM10000_images_part_1/ISIC_0026053.jpg,NV,MEL,1,0,0.9669938683509827,False
ISIC_0030006,,data/processed/ham10000/images/HAM10000_images_part_2/ISIC_0030006.jpg,NV,MEL,1,0,0.4281219244003296,False
ISIC_0028599,,data/processed/ham10000/images/HAM10000_images_part_1/ISIC_0028599.jpg,NV,BKL,1,4,0.41564199328422546,False
ISIC_0026097,,data/processed/ham10000/images/HAM10000_images_part_1/ISIC_0026097.jpg,NV,MEL,1,0,0.9896085858345032,False
ISIC_0028767,,data/processed/ham10000/images/HAM10000_images_part_1/ISIC_0028767.jpg,NV,MEL,1,0,0.943008542060852,False
ISIC_0030079,,data/processed/ham10000/images/HAM10000_images_part_2/ISIC_0030079.jpg,NV,MEL,1,0,0.5577278733253479,False
ISIC_0024908,,data/processed/ham10000/images/HAM10000_images_part_1/ISIC_0024908.jpg,NV,MEL,1,0,0.6019038558006287,False
ISIC_0031596,,data/processed/ham10000/images/HAM10000_images_part_2/ISIC_0031596.jpg,NV,MEL,1,0,0.895766019821167,False
ISIC_0029160,,data/processed/ham10000/images/HAM10000_images_part_1/ISIC_0029160.jpg,NV,NV,1,1,0.6185721755027771,True
ISIC_0026559,,data/processed/ham10000/images/HAM10000_images_part_1/ISIC_0026559.jpg,NV,NV,1,1,0.504539430141449,True
ISIC_0026560,,data/processed/ham10000/images/HAM10000_images_part_1/ISIC_0026560.jpg,NV,NV,1,1,0.9053887724876404,True
ISIC_0025051,,data/processed/ham10000/images/HAM10000_images_part_1/ISIC_0025051.jpg,NV,NV,1,1,0.8399021029472351,True
ISIC_0028951,,data/processed/ham10000/images/HAM10000_images_part_1/ISIC_0028951.jpg,NV,MEL,1,0,0.7003960013389587,False
ISIC_0028400,,data/processed/ham10000/images/HAM10000_images_part_1/ISIC_0028400.jpg,NV,BCC,1,2,0.7169647812843323,False
ISIC_0026329,,data/processed/ham10000/images/HAM10000_images_part_1/ISIC_0026329.jpg,NV,NV,1,1,0.6636462211608887,True
ISIC_0029054,,data/processed/ham10000/images/HAM10000_images_part_1/ISIC_0029054.jpg,NV,MEL,1,0,0.8327423334121704,False
ISIC_0032327,,data/processed/ham10000/images/HAM10000_images_part_2/ISIC_0032327.jpg,NV,BKL,1,4,0.9932025671005249,False
ISIC_0030873,,data/processed/ham10000/images/HAM10000_images_part_2/ISIC_0030873.jpg,NV,BKL,1,4,0.4552009105682373,False
ISIC_0024363,,data/processed/ham10000/images/HAM10000_images_part_1/ISIC_0024363.jpg,NV,NV,1,1,0.929041862487793,True
ISIC_0032936,,data/processed/ham10000/images/HAM10000_images_part_2/ISIC_0032936.jpg,MEL,NV,0,1,0.8281137943267822,False
ISIC_0030313,,data/processed/ham10000/images/HAM10000_images_part_2/ISIC_0030313.jpg,NV,NV,1,1,0.7557170391082764,True
ISIC_0033232,,data/processed/ham10000/images/HAM10000_images_part_2/ISIC_0033232.jpg,MEL,MEL,0,0,0.9594779014587402,True
ISIC_0025579,,data/processed/ham10000/images/HAM10000_images_part_1/ISIC_0025579.jpg,NV,NV,1,1,0.9572882652282715,True
ISIC_0031031,,data/processed/ham10000/images/HAM10000_images_part_2/ISIC_0031031.jpg,NV,BKL,1,4,0.7781326770782471,False
ISIC_0031113,,data/processed/ham10000/images/HAM10000_images_part_2/ISIC_0031113.jpg,NV,NV,1,1,0.47190627455711365,True
ISIC_0031476,,data/processed/ham10000/images/HAM10000_images_part_2/ISIC_0031476.jpg,NV,NV,1,1,0.6563684344291687,True
ISIC_0028166,,data/processed/ham10000/images/HAM10000_images_part_1/ISIC_0028166.jpg,NV,BCC,1,2,0.6075354814529419,False
ISIC_0026406,,data/processed/ham10000/images/HAM10000_images_part_1/ISIC_0026406.jpg,NV,BKL,1,4,0.915197491645813,False
ISIC_0031754,,data/processed/ham10000/images/HAM10000_images_part_2/ISIC_0031754.jpg,NV,NV,1,1,0.9761589169502258,True
ISIC_0029803,,data/processed/ham10000/images/HAM10000_images_part_2/ISIC_0029803.jpg,NV,NV,1,1,0.9709464907646179,True
ISIC_0026805,,data/processed/ham10000/images/HAM10000_images_part_1/ISIC_0026805.jpg,NV,NV,1,1,0.9429858922958374,True
ISIC_0024680,,data/processed/ham10000/images/HAM10000_images_part_1/ISIC_0024680.jpg,NV,NV,1,1,0.9802148342132568,True
ISIC_0029465,,data/processed/ham10000/images/HAM10000_images_part_2/ISIC_0029465.jpg,NV,NV,1,1,0.8915165066719055,True
ISIC_0031894,,data/processed/ham10000/images/HAM10000_images_part_2/ISIC_0031894.jpg,NV,NV,1,1,0.8543003797531128,True
ISIC_0031594,,data/processed/ham10000/images/HAM10000_images_part_2/ISIC_0031594.jpg,NV,BCC,1,2,0.8410589694976807,False
ISIC_0025967,,data/processed/ham10000/images/HAM10000_images_part_1/ISIC_0025967.jpg,NV,BKL,1,4,0.4584820568561554,False
ISIC_0031960,,data/processed/ham10000/images/HAM10000_images_part_2/ISIC_0031960.jpg,NV,NV,1,1,0.9462946653366089,True
ISIC_0024578,,data/processed/ham10000/images/HAM10000_images_part_1/ISIC_0024578.jpg,NV,NV,1,1,0.978111743927002,True
ISIC_0025759,,data/processed/ham10000/images/HAM10000_images_part_1/ISIC_0025759.jpg,NV,NV,1,1,0.5315665602684021,True
ISIC_0031366,,data/processed/ham10000/images/HAM10000_images_part_2/ISIC_0031366.jpg,NV,NV,1,1,0.6114233732223511,True
ISIC_0025640,,data/processed/ham10000/images/HAM10000_images_part_1/ISIC_0025640.jpg,NV,NV,1,1,0.6483579277992249,True
ISIC_0030625,,data/processed/ham10000/images/HAM10000_images_part_2/ISIC_0030625.jpg,NV,NV,1,1,0.4688984453678131,True
ISIC_0029026,,data/processed/ham10000/images/HAM10000_images_part_1/ISIC_0029026.jpg,NV,BKL,1,4,0.5622273683547974,False
ISIC_0032233,,data/processed/ham10000/images/HAM10000_images_part_2/ISIC_0032233.jpg,NV,NV,1,1,0.9726467132568359,True
ISIC_0028116,,data/processed/ham10000/images/HAM10000_images_part_1/ISIC_0028116.jpg,NV,MEL,1,0,0.4587327539920807,False
ISIC_0030251,,data/processed/ham10000/images/HAM10000_images_part_2/ISIC_0030251.jpg,NV,NV,1,1,0.9985015392303467,True
ISIC_0026111,,data/processed/ham10000/images/HAM10000_images_part_1/ISIC_0026111.jpg,NV,BCC,1,2,0.8360511064529419,False
ISIC_0027255,,data/processed/ham10000/images/HAM10000_images_part_1/ISIC_0027255.jpg,NV,NV,1,1,0.6657242774963379,True
ISIC_0026581,,data/processed/ham10000/images/HAM10000_images_part_1/ISIC_0026581.jpg,NV,NV,1,1,0.9546026587486267,True
ISIC_0025936,,data/processed/ham10000/images/HAM10000_images_part_1/ISIC_0025936.jpg,NV,NV,1,1,0.9607083201408386,True
ISIC_0025179,,data/processed/ham10000/images/HAM10000_images_part_1/ISIC_0025179.jpg,NV,BKL,1,4,0.6832218766212463,False
ISIC_0026216,,data/processed/ham10000/images/HAM10000_images_part_1/ISIC_0026216.jpg,NV,NV,1,1,0.7812575101852417,True
ISIC_0030580,,data/processed/ham10000/images/HAM10000_images_part_2/ISIC_0030580.jpg,NV,BKL,1,4,0.9414010047912598,False
ISIC_0028874,,data/processed/ham10000/images/HAM10000_images_part_1/ISIC_0028874.jpg,NV,NV,1,1,0.9529313445091248,True
ISIC_0028592,,data/processed/ham10000/images/HAM10000_images_part_1/ISIC_0028592.jpg,NV,MEL,1,0,0.6069633364677429,False
ISIC_0028358,,data/processed/ham10000/images/HAM10000_images_part_1/ISIC_0028358.jpg,NV,NV,1,1,0.849449872970581,True
ISIC_0030920,,data/processed/ham10000/images/HAM10000_images_part_2/ISIC_0030920.jpg,NV,NV,1,1,0.9871408939361572,True
ISIC_0026401,,data/processed/ham10000/images/HAM10000_images_part_1/ISIC_0026401.jpg,NV,MEL,1,0,0.7387054562568665,False
ISIC_0030370,,data/processed/ham10000/images/HAM10000_images_part_2/ISIC_0030370.jpg,NV,MEL,1,0,0.5784298777580261,False
ISIC_0026577,,data/processed/ham10000/images/HAM10000_images_part_1/ISIC_0026577.jpg,NV,BKL,1,4,0.4675361216068268,False
ISIC_0031121,,data/processed/ham10000/images/HAM10000_images_part_2/ISIC_0031121.jpg,NV,BKL,1,4,0.4357766807079315,False
ISIC_0032034,,data/processed/ham10000/images/HAM10000_images_part_2/ISIC_0032034.jpg,NV,NV,1,1,0.9238671064376831,True
ISIC_0030833,,data/processed/ham10000/images/HAM10000_images_part_2/ISIC_0030833.jpg,NV,BKL,1,4,0.8058758974075317,False
ISIC_0031982,,data/processed/ham10000/images/HAM10000_images_part_2/ISIC_0031982.jpg,NV,NV,1,1,0.7364351749420166,True
ISIC_0028736,,data/processed/ham10000/images/HAM10000_images_part_1/ISIC_0028736.jpg,NV,NV,1,1,0.5321795344352722,True
ISIC_0028472,,data/processed/ham10000/images/HAM10000_images_part_1/ISIC_0028472.jpg,NV,MEL,1,0,0.6630405783653259,False
ISIC_0030922,,data/processed/ham10000/images/HAM10000_images_part_2/ISIC_0030922.jpg,NV,MEL,1,0,0.666075587272644,False
ISIC_0031192,,data/processed/ham10000/images/HAM10000_images_part_2/ISIC_0031192.jpg,NV,MEL,1,0,0.7202486991882324,False
ISIC_0028128,,data/processed/ham10000/images/HAM10000_images_part_1/ISIC_0028128.jpg,NV,BKL,1,4,0.7893487215042114,False
ISIC_0026554,,data/processed/ham10000/images/HAM10000_images_part_1/ISIC_0026554.jpg,NV,MEL,1,0,0.5196630358695984,False
ISIC_0031085,,data/processed/ham10000/images/HAM10000_images_part_2/ISIC_0031085.jpg,NV,MEL,1,0,0.9204930663108826,False
ISIC_0027922,,data/processed/ham10000/images/HAM10000_images_part_1/ISIC_0027922.jpg,NV,NV,1,1,0.830260157585144,True
ISIC_0025184,,data/processed/ham10000/images/HAM10000_images_part_1/ISIC_0025184.jpg,NV,NV,1,1,0.9054775238037109,True
ISIC_0024561,,data/processed/ham10000/images/HAM10000_images_part_1/ISIC_0024561.jpg,NV,NV,1,1,0.9254483580589294,True
ISIC_0032186,,data/processed/ham10000/images/HAM10000_images_part_2/ISIC_0032186.jpg,NV,MEL,1,0,0.8211618661880493,False
ISIC_0028447,,data/processed/ham10000/images/HAM10000_images_part_1/ISIC_0028447.jpg,NV,BKL,1,4,0.8520234823226929,False
ISIC_0029079,,data/processed/ham10000/images/HAM10000_images_part_1/ISIC_0029079.jpg,NV,NV,1,1,0.8669959306716919,True
ISIC_0025571,,data/processed/ham10000/images/HAM10000_images_part_1/ISIC_0025571.jpg,NV,NV,1,1,0.9768949747085571,True
ISIC_0032035,,data/processed/ham10000/images/HAM10000_images_part_2/ISIC_0032035.jpg,NV,MEL,1,0,0.8553739786148071,False
ISIC_0029671,,data/processed/ham10000/images/HAM10000_images_part_2/ISIC_0029671.jpg,NV,NV,1,1,0.9018988609313965,True
ISIC_0030061,,data/processed/ham10000/images/HAM10000_images_part_2/ISIC_0030061.jpg,NV,NV,1,1,0.9186245799064636,True
ISIC_0030960,,data/processed/ham10000/images/HAM10000_images_part_2/ISIC_0030960.jpg,NV,MEL,1,0,0.79421466588974,False
ISIC_0030311,,data/processed/ham10000/images/HAM10000_images_part_2/ISIC_0030311.jpg,NV,MEL,1,0,0.63979572057724,False
ISIC_0025505,,data/processed/ham10000/images/HAM10000_images_part_1/ISIC_0025505.jpg,NV,NV,1,1,0.9730162024497986,True
ISIC_0024784,,data/processed/ham10000/images/HAM10000_images_part_1/ISIC_0024784.jpg,NV,NV,1,1,0.7467569708824158,True
ISIC_0027127,,data/processed/ham10000/images/HAM10000_images_part_1/ISIC_0027127.jpg,NV,NV,1,1,0.9165754914283752,True
ISIC_0028849,,data/processed/ham10000/images/HAM10000_images_part_1/ISIC_0028849.jpg,NV,NV,1,1,0.944057822227478,True
ISIC_0027756,,data/processed/ham10000/images/HAM10000_images_part_1/ISIC_0027756.jpg,NV,NV,1,1,0.8032472133636475,True
ISIC_0032125,,data/processed/ham10000/images/HAM10000_images_part_2/ISIC_0032125.jpg,NV,BCC,1,2,0.8501346111297607,False
ISIC_0025172,,data/processed/ham10000/images/HAM10000_images_part_1/ISIC_0025172.jpg,NV,NV,1,1,0.9100190997123718,True
ISIC_0025477,,data/processed/ham10000/images/HAM10000_images_part_1/ISIC_0025477.jpg,NV,NV,1,1,0.7287574410438538,True
ISIC_0026297,,data/processed/ham10000/images/HAM10000_images_part_1/ISIC_0026297.jpg,NV,BKL,1,4,0.47247570753097534,False
ISIC_0031064,,data/processed/ham10000/images/HAM10000_images_part_2/ISIC_0031064.jpg,NV,NV,1,1,0.6188709735870361,True
ISIC_0027538,,data/processed/ham10000/images/HAM10000_images_part_1/ISIC_0027538.jpg,NV,MEL,1,0,0.6695391535758972,False
ISIC_0026751,,data/processed/ham10000/images/HAM10000_images_part_1/ISIC_0026751.jpg,NV,NV,1,1,0.4447818100452423,True
ISIC_0029332,,data/processed/ham10000/images/HAM10000_images_part_2/ISIC_0029332.jpg,NV,NV,1,1,0.4978177845478058,True
ISIC_0030856,,data/processed/ham10000/images/HAM10000_images_part_2/ISIC_0030856.jpg,NV,NV,1,1,0.5291441082954407,True
ISIC_0030456,,data/processed/ham10000/images/HAM10000_images_part_2/ISIC_0030456.jpg,NV,NV,1,1,0.59378582239151,True
ISIC_0030942,,data/processed/ham10000/images/HAM10000_images_part_2/ISIC_0030942.jpg,NV,NV,1,1,0.927343487739563,True
ISIC_0031913,,data/processed/ham10000/images/HAM10000_images_part_2/ISIC_0031913.jpg,NV,MEL,1,0,0.5621989369392395,False
ISIC_0031880,,data/processed/ham10000/images/HAM10000_images_part_2/ISIC_0031880.jpg,NV,BKL,1,4,0.9624666571617126,False
ISIC_0028865,,data/processed/ham10000/images/HAM10000_images_part_1/ISIC_0028865.jpg,NV,NV,1,1,0.6688644886016846,True
ISIC_0028464,,data/processed/ham10000/images/HAM10000_images_part_1/ISIC_0028464.jpg,NV,NV,1,1,0.9075071811676025,True
ISIC_0029145,,data/processed/ham10000/images/HAM10000_images_part_1/ISIC_0029145.jpg,NV,BCC,1,2,0.8795689344406128,False
ISIC_0029441,,data/processed/ham10000/images/HAM10000_images_part_2/ISIC_0029441.jpg,NV,BCC,1,2,0.9598694443702698,False
ISIC_0028673,,data/processed/ham10000/images/HAM10000_images_part_1/ISIC_0028673.jpg,NV,NV,1,1,0.33724889159202576,True
ISIC_0028608,,data/processed/ham10000/images/HAM10000_images_part_1/ISIC_0028608.jpg,NV,MEL,1,0,0.48490387201309204,False
ISIC_0028649,,data/processed/ham10000/images/HAM10000_images_part_1/ISIC_0028649.jpg,NV,NV,1,1,0.9796087145805359,True
ISIC_0026166,,data/processed/ham10000/images/HAM10000_images_part_1/ISIC_0026166.jpg,NV,MEL,1,0,0.9698890447616577,False
ISIC_0028504,,data/processed/ham10000/images/HAM10000_images_part_1/ISIC_0028504.jpg,NV,NV,1,1,0.9331070184707642,True
ISIC_0029862,,data/processed/ham10000/images/HAM10000_images_part_2/ISIC_0029862.jpg,NV,NV,1,1,0.9170875549316406,True
ISIC_0027959,,data/processed/ham10000/images/HAM10000_images_part_1/ISIC_0027959.jpg,NV,NV,1,1,0.5903936624526978,True
ISIC_0026157,,data/processed/ham10000/images/HAM10000_images_part_1/ISIC_0026157.jpg,NV,MEL,1,0,0.5738310813903809,False
ISIC_0028947,,data/processed/ham10000/images/HAM10000_images_part_1/ISIC_0028947.jpg,NV,NV,1,1,0.9376790523529053,True
ISIC_0024716,,data/processed/ham10000/images/HAM10000_images_part_1/ISIC_0024716.jpg,NV,NV,1,1,0.8694881796836853,True
ISIC_0030847,,data/processed/ham10000/images/HAM10000_images_part_2/ISIC_0030847.jpg,NV,NV,1,1,0.6888211965560913,True
ISIC_0026580,,data/processed/ham10000/images/HAM10000_images_part_1/ISIC_0026580.jpg,NV,NV,1,1,0.6253790259361267,True
ISIC_0030919,,data/processed/ham10000/images/HAM10000_images_part_2/ISIC_0030919.jpg,NV,MEL,1,0,0.6251378655433655,False
ISIC_0030210,,data/processed/ham10000/images/HAM10000_images_part_2/ISIC_0030210.jpg,NV,NV,1,1,0.9901884198188782,True
ISIC_0024995,,data/processed/ham10000/images/HAM10000_images_part_1/ISIC_0024995.jpg,NV,NV,1,1,0.6932333707809448,True
ISIC_0030263,,data/processed/ham10000/images/HAM10000_images_part_2/ISIC_0030263.jpg,NV,NV,1,1,0.9682973623275757,True
ISIC_0029208,,data/processed/ham10000/images/HAM10000_images_part_1/ISIC_0029208.jpg,NV,NV,1,1,0.7335363626480103,True
ISIC_0028009,,data/processed/ham10000/images/HAM10000_images_part_1/ISIC_0028009.jpg,NV,NV,1,1,0.6974282264709473,True
ISIC_0028596,,data/processed/ham10000/images/HAM10000_images_part_1/ISIC_0028596.jpg,NV,BKL,1,4,0.8632304668426514,False
ISIC_0024902,,data/processed/ham10000/images/HAM10000_images_part_1/ISIC_0024902.jpg,NV,NV,1,1,0.9788934588432312,True
ISIC_0027415,,data/processed/ham10000/images/HAM10000_images_part_1/ISIC_0027415.jpg,NV,NV,1,1,0.9683719277381897,True
ISIC_0024519,,data/processed/ham10000/images/HAM10000_images_part_1/ISIC_0024519.jpg,NV,MEL,1,0,0.7650928497314453,False
ISIC_0026676,,data/processed/ham10000/images/HAM10000_images_part_1/ISIC_0026676.jpg,NV,MEL,1,0,0.7640264630317688,False
ISIC_0026218,,data/processed/ham10000/images/HAM10000_images_part_1/ISIC_0026218.jpg,NV,NV,1,1,0.8902049660682678,True
ISIC_0028766,,data/processed/ham10000/images/HAM10000_images_part_1/ISIC_0028766.jpg,NV,MEL,1,0,0.5455061197280884,False
ISIC_0029498,,data/processed/ham10000/images/HAM10000_images_part_2/ISIC_0029498.jpg,NV,NV,1,1,0.8429900407791138,True
ISIC_0026333,,data/processed/ham10000/images/HAM10000_images_part_1/ISIC_0026333.jpg,NV,NV,1,1,0.7649338245391846,True
ISIC_0026295,,data/processed/ham10000/images/HAM10000_images_part_1/ISIC_0026295.jpg,NV,MEL,1,0,0.7876796722412109,False
ISIC_0030019,,data/processed/ham10000/images/HAM10000_images_part_2/ISIC_0030019.jpg,NV,NV,1,1,0.5070589780807495,True
ISIC_0028042,,data/processed/ham10000/images/HAM10000_images_part_1/ISIC_0028042.jpg,NV,NV,1,1,0.9896798729896545,True
ISIC_0030229,,data/processed/ham10000/images/HAM10000_images_part_2/ISIC_0030229.jpg,NV,NV,1,1,0.84807288646698,True
ISIC_0031071,,data/processed/ham10000/images/HAM10000_images_part_2/ISIC_0031071.jpg,NV,BKL,1,4,0.9776639342308044,False
ISIC_0031475,,data/processed/ham10000/images/HAM10000_images_part_2/ISIC_0031475.jpg,NV,BKL,1,4,0.5139323472976685,False
ISIC_0031127,,data/processed/ham10000/images/HAM10000_images_part_2/ISIC_0031127.jpg,NV,MEL,1,0,0.8892759680747986,False
ISIC_0027558,,data/processed/ham10000/images/HAM10000_images_part_1/ISIC_0027558.jpg,NV,MEL,1,0,0.7931547164916992,False
ISIC_0030589,,data/processed/ham10000/images/HAM10000_images_part_2/ISIC_0030589.jpg,NV,BKL,1,4,0.5975404977798462,False
ISIC_0030091,,data/processed/ham10000/images/HAM10000_images_part_2/ISIC_0030091.jpg,NV,BKL,1,4,0.974877655506134,False
ISIC_0026742,,data/processed/ham10000/images/HAM10000_images_part_1/ISIC_0026742.jpg,NV,NV,1,1,0.8123384118080139,True
ISIC_0028665,,data/processed/ham10000/images/HAM10000_images_part_1/ISIC_0028665.jpg,NV,BKL,1,4,0.652747392654419,False
ISIC_0027714,,data/processed/ham10000/images/HAM10000_images_part_1/ISIC_0027714.jpg,NV,MEL,1,0,0.6811619400978088,False
ISIC_0030585,,data/processed/ham10000/images/HAM10000_images_part_2/ISIC_0030585.jpg,NV,MEL,1,0,0.5527674555778503,False
ISIC_0029786,,data/processed/ham10000/images/HAM10000_images_part_2/ISIC_0029786.jpg,NV,MEL,1,0,0.6534654498100281,False
ISIC_0027642,,data/processed/ham10000/images/HAM10000_images_part_1/ISIC_0027642.jpg,NV,NV,1,1,0.6124626398086548,True
ISIC_0030358,,data/processed/ham10000/images/HAM10000_images_part_2/ISIC_0030358.jpg,NV,AKIEC,1,3,0.3782332241535187,False
ISIC_0028632,,data/processed/ham10000/images/HAM10000_images_part_1/ISIC_0028632.jpg,NV,MEL,1,0,0.4795496165752411,False
ISIC_0030479,,data/processed/ham10000/images/HAM10000_images_part_2/ISIC_0030479.jpg,NV,MEL,1,0,0.515315055847168,False
ISIC_0028834,,data/processed/ham10000/images/HAM10000_images_part_1/ISIC_0028834.jpg,NV,MEL,1,0,0.9316574335098267,False
ISIC_0030086,,data/processed/ham10000/images/HAM10000_images_part_2/ISIC_0030086.jpg,NV,NV,1,1,0.7558609843254089,True
ISIC_0034265,,data/processed/ham10000/images/HAM10000_images_part_2/ISIC_0034265.jpg,NV,NV,1,1,0.8181876540184021,True
ISIC_0032697,,data/processed/ham10000/images/HAM10000_images_part_2/ISIC_0032697.jpg,NV,NV,1,1,0.5685017108917236,True
ISIC_0033234,,data/processed/ham10000/images/HAM10000_images_part_2/ISIC_0033234.jpg,NV,NV,1,1,0.5905027985572815,True
ISIC_0033765,,data/processed/ham10000/images/HAM10000_images_part_2/ISIC_0033765.jpg,NV,MEL,1,0,0.5242148637771606,False
ISIC_0033682,,data/processed/ham10000/images/HAM10000_images_part_2/ISIC_0033682.jpg,NV,NV,1,1,0.6694599986076355,True
ISIC_0033890,,data/processed/ham10000/images/HAM10000_images_part_2/ISIC_0033890.jpg,NV,MEL,1,0,0.8594957590103149,False
ISIC_0034270,,data/processed/ham10000/images/HAM10000_images_part_2/ISIC_0034270.jpg,NV,NV,1,1,0.5621598958969116,True
ISIC_0024507,,data/processed/ham10000/images/HAM10000_images_part_1/ISIC_0024507.jpg,NV,NV,1,1,0.836433470249176,True
ISIC_0033589,,data/processed/ham10000/images/HAM10000_images_part_2/ISIC_0033589.jpg,NV,NV,1,1,0.5538095235824585,True
ISIC_0033888,,data/processed/ham10000/images/HAM10000_images_part_2/ISIC_0033888.jpg,NV,MEL,1,0,0.5566667914390564,False
ISIC_0033338,,data/processed/ham10000/images/HAM10000_images_part_2/ISIC_0033338.jpg,NV,MEL,1,0,0.7900389432907104,False
ISIC_0032880,,data/processed/ham10000/images/HAM10000_images_part_2/ISIC_0032880.jpg,NV,NV,1,1,0.6023416519165039,True
ISIC_0032600,,data/processed/ham10000/images/HAM10000_images_part_2/ISIC_0032600.jpg,NV,NV,1,1,0.6343470811843872,True
ISIC_0032791,,data/processed/ham10000/images/HAM10000_images_part_2/ISIC_0032791.jpg,NV,MEL,1,0,0.7527931928634644,False
ISIC_0032837,,data/processed/ham10000/images/HAM10000_images_part_2/ISIC_0032837.jpg,NV,BKL,1,4,0.4846165180206299,False
ISIC_0032682,,data/processed/ham10000/images/HAM10000_images_part_2/ISIC_0032682.jpg,NV,NV,1,1,0.8818994164466858,True
ISIC_0033364,,data/processed/ham10000/images/HAM10000_images_part_2/ISIC_0033364.jpg,NV,MEL,1,0,0.5450837016105652,False
ISIC_0034018,,data/processed/ham10000/images/HAM10000_images_part_2/ISIC_0034018.jpg,NV,NV,1,1,0.8751127123832703,True
ISIC_0034260,,data/processed/ham10000/images/HAM10000_images_part_2/ISIC_0034260.jpg,NV,NV,1,1,0.8529847860336304,True
ISIC_0032580,,data/processed/ham10000/images/HAM10000_images_part_2/ISIC_0032580.jpg,NV,MEL,1,0,0.8008705973625183,False
ISIC_0033692,,data/processed/ham10000/images/HAM10000_images_part_2/ISIC_0033692.jpg,NV,MEL,1,0,0.7075685262680054,False
ISIC_0032828,,data/processed/ham10000/images/HAM10000_images_part_2/ISIC_0032828.jpg,NV,NV,1,1,0.8557106256484985,True
ISIC_0033970,,data/processed/ham10000/images/HAM10000_images_part_2/ISIC_0033970.jpg,NV,NV,1,1,0.5583685040473938,True
ISIC_0033896,,data/processed/ham10000/images/HAM10000_images_part_2/ISIC_0033896.jpg,NV,NV,1,1,0.9877449870109558,True
ISIC_0034193,,data/processed/ham10000/images/HAM10000_images_part_2/ISIC_0034193.jpg,NV,NV,1,1,0.9894484281539917,True
ISIC_0033290,,data/processed/ham10000/images/HAM10000_images_part_2/ISIC_0033290.jpg,NV,NV,1,1,0.9728615880012512,True
ISIC_0033741,,data/processed/ham10000/images/HAM10000_images_part_2/ISIC_0033741.jpg,NV,NV,1,1,0.9971543550491333,True
ISIC_0033043,,data/processed/ham10000/images/HAM10000_images_part_2/ISIC_0033043.jpg,NV,NV,1,1,0.8050563335418701,True
ISIC_0032632,,data/processed/ham10000/images/HAM10000_images_part_2/ISIC_0032632.jpg,NV,NV,1,1,0.9833715558052063,True
ISIC_0034248,,data/processed/ham10000/images/HAM10000_images_part_2/ISIC_0034248.jpg,NV,NV,1,1,0.9842532277107239,True
ISIC_0033467,,data/processed/ham10000/images/HAM10000_images_part_2/ISIC_0033467.jpg,NV,NV,1,1,0.9913734793663025,True
ISIC_0033772,,data/processed/ham10000/images/HAM10000_images_part_2/ISIC_0033772.jpg,NV,MEL,1,0,0.874179482460022,False
ISIC_0033039,,data/processed/ham10000/images/HAM10000_images_part_2/ISIC_0033039.jpg,NV,NV,1,1,0.9892922639846802,True
ISIC_0033892,,data/processed/ham10000/images/HAM10000_images_part_2/ISIC_0033892.jpg,NV,NV,1,1,0.9981489181518555,True
ISIC_0032571,,data/processed/ham10000/images/HAM10000_images_part_2/ISIC_0032571.jpg,NV,NV,1,1,0.9015447497367859,True
ISIC_0032606,,data/processed/ham10000/images/HAM10000_images_part_2/ISIC_0032606.jpg,NV,NV,1,1,0.9255200028419495,True
ISIC_0034081,,data/processed/ham10000/images/HAM10000_images_part_2/ISIC_0034081.jpg,NV,NV,1,1,0.9722003936767578,True
ISIC_0034312,,data/processed/ham10000/images/HAM10000_images_part_2/ISIC_0034312.jpg,NV,NV,1,1,0.9897013902664185,True
ISIC_0033025,,data/processed/ham10000/images/HAM10000_images_part_2/ISIC_0033025.jpg,NV,NV,1,1,0.9980243444442749,True
ISIC_0033053,,data/processed/ham10000/images/HAM10000_images_part_2/ISIC_0033053.jpg,NV,NV,1,1,0.9938732385635376,True
ISIC_0033375,,data/processed/ham10000/images/HAM10000_images_part_2/ISIC_0033375.jpg,NV,NV,1,1,0.9532226324081421,True
ISIC_0032738,,data/processed/ham10000/images/HAM10000_images_part_2/ISIC_0032738.jpg,NV,NV,1,1,0.9718379974365234,True
ISIC_0032789,,data/processed/ham10000/images/HAM10000_images_part_2/ISIC_0032789.jpg,NV,BKL,1,4,0.4497392177581787,False
ISIC_0033417,,data/processed/ham10000/images/HAM10000_images_part_2/ISIC_0033417.jpg,NV,NV,1,1,0.9961903095245361,True
ISIC_0034045,,data/processed/ham10000/images/HAM10000_images_part_2/ISIC_0034045.jpg,NV,NV,1,1,0.9969035983085632,True
ISIC_0033515,,data/processed/ham10000/images/HAM10000_images_part_2/ISIC_0033515.jpg,NV,NV,1,1,0.6194331049919128,True
ISIC_0034040,,data/processed/ham10000/images/HAM10000_images_part_2/ISIC_0034040.jpg,BKL,BKL,4,4,0.7340521216392517,True
ISIC_0025653,,data/processed/ham10000/images/HAM10000_images_part_1/ISIC_0025653.jpg,NV,NV,1,1,0.64568692445755,True
ISIC_0027265,,data/processed/ham10000/images/HAM10000_images_part_1/ISIC_0027265.jpg,NV,NV,1,1,0.7653774619102478,True
ISIC_0027418,,data/processed/ham10000/images/HAM10000_images_part_1/ISIC_0027418.jpg,NV,NV,1,1,0.481400728225708,True
ISIC_0029030,,data/processed/ham10000/images/HAM10000_images_part_1/ISIC_0029030.jpg,NV,MEL,1,0,0.6274600028991699,False
ISIC_0029143,,data/processed/ham10000/images/HAM10000_images_part_1/ISIC_0029143.jpg,NV,NV,1,1,0.9888224601745605,True
ISIC_0028585,,data/processed/ham10000/images/HAM10000_images_part_1/ISIC_0028585.jpg,NV,NV,1,1,0.7912960648536682,True
ISIC_0026326,,data/processed/ham10000/images/HAM10000_images_part_1/ISIC_0026326.jpg,NV,BCC,1,2,0.9884576201438904,False
ISIC_0032102,,data/processed/ham10000/images/HAM10000_images_part_2/ISIC_0032102.jpg,NV,NV,1,1,0.7898556590080261,True
ISIC_0032273,,data/processed/ham10000/images/HAM10000_images_part_2/ISIC_0032273.jpg,NV,NV,1,1,0.9742806553840637,True
ISIC_0024830,,data/processed/ham10000/images/HAM10000_images_part_1/ISIC_0024830.jpg,NV,NV,1,1,0.6918414235115051,True
ISIC_0027924,,data/processed/ham10000/images/HAM10000_images_part_1/ISIC_0027924.jpg,NV,NV,1,1,0.9527037739753723,True
ISIC_0030693,,data/processed/ham10000/images/HAM10000_images_part_2/ISIC_0030693.jpg,NV,BKL,1,4,0.9969106316566467,False
ISIC_0031649,,data/processed/ham10000/images/HAM10000_images_part_2/ISIC_0031649.jpg,NV,BKL,1,4,0.9193552136421204,False
ISIC_0029659,,data/processed/ham10000/images/HAM10000_images_part_2/ISIC_0029659.jpg,AKIEC,AKIEC,3,3,0.8228168487548828,True
ISIC_0025178,,data/processed/ham10000/images/HAM10000_images_part_1/ISIC_0025178.jpg,AKIEC,AKIEC,3,3,0.9148527979850769,True
ISIC_0028730,,data/processed/ham10000/images/HAM10000_images_part_1/ISIC_0028730.jpg,AKIEC,DF,3,5,0.399090975522995,False
ISIC_0029041,,data/processed/ham10000/images/HAM10000_images_part_1/ISIC_0029041.jpg,AKIEC,BKL,3,4,0.9971599578857422,False
ISIC_0031040,,data/processed/ham10000/images/HAM10000_images_part_2/ISIC_0031040.jpg,AKIEC,BCC,3,2,0.9877275228500366,False
ISIC_0032173,,data/processed/ham10000/images/HAM10000_images_part_2/ISIC_0032173.jpg,AKIEC,AKIEC,3,3,0.9411540031433105,True
ISIC_0027795,,data/processed/ham10000/images/HAM10000_images_part_1/ISIC_0027795.jpg,AKIEC,AKIEC,3,3,0.8419656157493591,True
ISIC_0032329,,data/processed/ham10000/images/HAM10000_images_part_2/ISIC_0032329.jpg,AKIEC,AKIEC,3,3,0.9970058798789978,True
ISIC_0031198,,data/processed/ham10000/images/HAM10000_images_part_2/ISIC_0031198.jpg,AKIEC,AKIEC,3,3,0.9931406378746033,True
ISIC_0030242,,data/processed/ham10000/images/HAM10000_images_part_2/ISIC_0030242.jpg,AKIEC,AKIEC,3,3,0.7960056066513062,True
ISIC_0030297,,data/processed/ham10000/images/HAM10000_images_part_2/ISIC_0030297.jpg,AKIEC,AKIEC,3,3,0.959354817867279,True
ISIC_0027084,,data/processed/ham10000/images/HAM10000_images_part_1/ISIC_0027084.jpg,AKIEC,DF,3,5,0.3150891959667206,False
ISIC_0032437,,data/processed/ham10000/images/HAM10000_images_part_2/ISIC_0032437.jpg,AKIEC,AKIEC,3,3,0.9893864393234253,True
ISIC_0032349,,data/processed/ham10000/images/HAM10000_images_part_2/ISIC_0032349.jpg,AKIEC,BKL,3,4,0.5371263027191162,False
ISIC_0027958,,data/processed/ham10000/images/HAM10000_images_part_1/ISIC_0027958.jpg,AKIEC,AKIEC,3,3,0.9220080375671387,True
ISIC_0027896,,data/processed/ham10000/images/HAM10000_images_part_1/ISIC_0027896.jpg,AKIEC,AKIEC,3,3,0.4633522033691406,True
ISIC_0026729,,data/processed/ham10000/images/HAM10000_images_part_1/ISIC_0026729.jpg,AKIEC,AKIEC,3,3,0.9999955892562866,True
ISIC_0026625,,data/processed/ham10000/images/HAM10000_images_part_1/ISIC_0026625.jpg,AKIEC,AKIEC,3,3,0.956095814704895,True
ISIC_0031044,,data/processed/ham10000/images/HAM10000_images_part_2/ISIC_0031044.jpg,AKIEC,AKIEC,3,3,0.9999841451644897,True
ISIC_0025358,,data/processed/ham10000/images/HAM10000_images_part_1/ISIC_0025358.jpg,AKIEC,AKIEC,3,3,0.9997335076332092,True
ISIC_0026992,,data/processed/ham10000/images/HAM10000_images_part_1/ISIC_0026992.jpg,AKIEC,AKIEC,3,3,0.9960130453109741,True
ISIC_0029563,,data/processed/ham10000/images/HAM10000_images_part_2/ISIC_0029563.jpg,AKIEC,AKIEC,3,3,0.9128493666648865,True
ISIC_0030491,,data/processed/ham10000/images/HAM10000_images_part_2/ISIC_0030491.jpg,AKIEC,AKIEC,3,3,0.999599277973175,True
ISIC_0029860,,data/processed/ham10000/images/HAM10000_images_part_2/ISIC_0029860.jpg,AKIEC,BKL,3,4,0.4251430332660675,False
ISIC_0025808,,data/processed/ham10000/images/HAM10000_images_part_1/ISIC_0025808.jpg,AKIEC,AKIEC,3,3,0.9281231164932251,True
ISIC_0026138,,data/processed/ham10000/images/HAM10000_images_part_1/ISIC_0026138.jpg,AKIEC,AKIEC,3,3,0.9965260624885559,True
ISIC_0030953,,data/processed/ham10000/images/HAM10000_images_part_2/ISIC_0030953.jpg,AKIEC,AKIEC,3,3,0.9963661432266235,True
ISIC_0025196,,data/processed/ham10000/images/HAM10000_images_part_1/ISIC_0025196.jpg,AKIEC,AKIEC,3,3,0.995728075504303,True
ISIC_0029059,,data/processed/ham10000/images/HAM10000_images_part_1/ISIC_0029059.jpg,AKIEC,BCC,3,2,0.9998841285705566,False
ISIC_0025182,,data/processed/ham10000/images/HAM10000_images_part_1/ISIC_0025182.jpg,AKIEC,BCC,3,2,0.9699237942695618,False
ISIC_0026212,,data/processed/ham10000/images/HAM10000_images_part_1/ISIC_0026212.jpg,AKIEC,AKIEC,3,3,0.9733626842498779,True
ISIC_0027047,,data/processed/ham10000/images/HAM10000_images_part_1/ISIC_0027047.jpg,AKIEC,BCC,3,2,0.9469420313835144,False
ISIC_0031381,,data/processed/ham10000/images/HAM10000_images_part_2/ISIC_0031381.jpg,AKIEC,AKIEC,3,3,0.8602568507194519,True
ISIC_0025350,,data/processed/ham10000/images/HAM10000_images_part_1/ISIC_0025350.jpg,AKIEC,BCC,3,2,0.8578650951385498,False
ISIC_0031672,,data/processed/ham10000/images/HAM10000_images_part_2/ISIC_0031672.jpg,AKIEC,AKIEC,3,3,0.9093931317329407,True
ISIC_0030986,,data/processed/ham10000/images/HAM10000_images_part_2/ISIC_0030986.jpg,AKIEC,AKIEC,3,3,0.9991757273674011,True
ISIC_0031431,,data/processed/ham10000/images/HAM10000_images_part_2/ISIC_0031431.jpg,AKIEC,AKIEC,3,3,0.9951379895210266,True
ISIC_0026319,,data/processed/ham10000/images/HAM10000_images_part_1/ISIC_0026319.jpg,AKIEC,AKIEC,3,3,0.8459546566009521,True
ISIC_0025319,,data/processed/ham10000/images/HAM10000_images_part_1/ISIC_0025319.jpg,AKIEC,AKIEC,3,3,0.9888779520988464,True
ISIC_0027447,,data/processed/ham10000/images/HAM10000_images_part_1/ISIC_0027447.jpg,AKIEC,AKIEC,3,3,0.8091551065444946,True
ISIC_0027536,,data/processed/ham10000/images/HAM10000_images_part_1/ISIC_0027536.jpg,AKIEC,AKIEC,3,3,0.9973505735397339,True
ISIC_0026626,,data/processed/ham10000/images/HAM10000_images_part_1/ISIC_0026626.jpg,AKIEC,AKIEC,3,3,0.9246382117271423,True
ISIC_0026981,,data/processed/ham10000/images/HAM10000_images_part_1/ISIC_0026981.jpg,AKIEC,AKIEC,3,3,0.9859458804130554,True
ISIC_0031286,,data/processed/ham10000/images/HAM10000_images_part_2/ISIC_0031286.jpg,AKIEC,NV,3,1,0.6787011623382568,False
ISIC_0029900,,data/processed/ham10000/images/HAM10000_images_part_2/ISIC_0029900.jpg,AKIEC,AKIEC,3,3,0.9460653066635132,True
ISIC_0026905,,data/processed/ham10000/images/HAM10000_images_part_1/ISIC_0026905.jpg,AKIEC,BKL,3,4,0.9783881306648254,False
ISIC_0024470,,data/processed/ham10000/images/HAM10000_images_part_1/ISIC_0024470.jpg,AKIEC,AKIEC,3,3,0.9069072008132935,True
ISIC_0031228,,data/processed/ham10000/images/HAM10000_images_part_2/ISIC_0031228.jpg,AKIEC,AKIEC,3,3,0.9989104270935059,True
ISIC_0024763,,data/processed/ham10000/images/HAM10000_images_part_1/ISIC_0024763.jpg,AKIEC,AKIEC,3,3,0.9747070670127869,True
ISIC_0025471,,data/processed/ham10000/images/HAM10000_images_part_1/ISIC_0025471.jpg,AKIEC,BCC,3,2,0.9766349792480469,False
ISIC_0028063,,data/processed/ham10000/images/HAM10000_images_part_1/ISIC_0028063.jpg,AKIEC,AKIEC,3,3,0.955348014831543,True
ISIC_0027802,,data/processed/ham10000/images/HAM10000_images_part_1/ISIC_0027802.jpg,AKIEC,AKIEC,3,3,0.9999659061431885,True
ISIC_0032404,,data/processed/ham10000/images/HAM10000_images_part_2/ISIC_0032404.jpg,AKIEC,AKIEC,3,3,0.992355227470398,True
ISIC_0031927,,data/processed/ham10000/images/HAM10000_images_part_2/ISIC_0031927.jpg,AKIEC,BKL,3,4,0.6407479643821716,False
ISIC_0024800,,data/processed/ham10000/images/HAM10000_images_part_1/ISIC_0024800.jpg,AKIEC,AKIEC,3,3,0.5572126507759094,True
ISIC_0026848,,data/processed/ham10000/images/HAM10000_images_part_1/ISIC_0026848.jpg,AKIEC,AKIEC,3,3,0.9940624833106995,True
ISIC_0029133,,data/processed/ham10000/images/HAM10000_images_part_1/ISIC_0029133.jpg,AKIEC,AKIEC,3,3,0.9812415838241577,True
ISIC_0025780,,data/processed/ham10000/images/HAM10000_images_part_1/ISIC_0025780.jpg,AKIEC,AKIEC,3,3,0.9999291896820068,True
ISIC_0027829,,data/processed/ham10000/images/HAM10000_images_part_1/ISIC_0027829.jpg,AKIEC,AKIEC,3,3,0.7616429924964905,True
ISIC_0027254,,data/processed/ham10000/images/HAM10000_images_part_1/ISIC_0027254.jpg,AKIEC,BKL,3,4,0.8232295513153076,False
ISIC_0024511,,data/processed/ham10000/images/HAM10000_images_part_1/ISIC_0024511.jpg,AKIEC,BCC,3,2,0.43691158294677734,False
ISIC_0028517,,data/processed/ham10000/images/HAM10000_images_part_1/ISIC_0028517.jpg,AKIEC,AKIEC,3,3,0.8177407383918762,True
ISIC_0027615,,data/processed/ham10000/images/HAM10000_images_part_1/ISIC_0027615.jpg,AKIEC,BKL,3,4,0.9155047535896301,False
ISIC_0028990,,data/processed/ham10000/images/HAM10000_images_part_1/ISIC_0028990.jpg,AKIEC,BKL,3,4,0.7153249382972717,False
ISIC_0031922,,data/processed/ham10000/images/HAM10000_images_part_2/ISIC_0031922.jpg,AKIEC,AKIEC,3,3,0.705879271030426,True
ISIC_0024948,,data/processed/ham10000/images/HAM10000_images_part_1/ISIC_0024948.jpg,AKIEC,AKIEC,3,3,0.684705376625061,True
ISIC_0033705,,data/processed/ham10000/images/HAM10000_images_part_2/ISIC_0033705.jpg,AKIEC,AKIEC,3,3,0.9999983310699463,True
ISIC_0033084,,data/processed/ham10000/images/HAM10000_images_part_2/ISIC_0033084.jpg,AKIEC,BKL,3,4,0.34984713792800903,False
ISIC_0033550,,data/processed/ham10000/images/HAM10000_images_part_2/ISIC_0033550.jpg,AKIEC,NV,3,1,0.8050546050071716,False
ISIC_0033536,,data/processed/ham10000/images/HAM10000_images_part_2/ISIC_0033536.jpg,AKIEC,AKIEC,3,3,0.5227737426757812,True
