image_id,dataset,image_path,true_label,pred_label,true_index,pred_index,confidence,correct
ISIC_0034524,vidir_molemax,data/processed/testset/images/ISIC_0034524.jpg,NV,NV,1,1,0.9999439716339111,True
ISIC_0034525,rosendahl,data/processed/testset/images/ISIC_0034525.jpg,NV,NV,1,1,0.9892459511756897,True
ISIC_0034526,rosendahl,data/processed/testset/images/ISIC_0034526.jpg,BKL,BKL,4,4,0.5064418315887451,True
ISIC_0034527,vienna_dias,data/processed/testset/images/ISIC_0034527.jpg,NV,NV,1,1,0.9954527616500854,True
ISIC_0034528,vidir_molemax,data/processed/testset/images/ISIC_0034528.jpg,NV,NV,1,1,0.9897472858428955,True
ISIC_0034529,external,data/processed/testset/images/ISIC_0034529.jpg,MEL,MEL,0,0,0.9807235598564148,True
ISIC_0034530,vidir_molemax,data/processed/testset/images/ISIC_0034530.jpg,NV,NV,1,1,0.9998886585235596,True
ISIC_0034531,rosendahl,data/processed/testset/images/ISIC_0034531.jpg,BKL,BKL,4,4,0.9777766466140747,True
ISIC_0034532,vidir_molemax,data/processed/testset/images/ISIC_0034532.jpg,NV,NV,1,1,0.9999512434005737,True
ISIC_0034533,vidir_molemax,data/processed/testset/images/ISIC_0034533.jpg,NV,NV,1,1,0.9997829794883728,True
ISIC_0034534,vidir_molemax,data/processed/testset/images/ISIC_0034534.jpg,NV,NV,1,1,0.9999809265136719,True
ISIC_0034535,external,data/processed/testset/images/ISIC_0034535.jpg,BKL,BKL,4,4,0.9983028173446655,True
ISIC_0034536,rosendahl,data/processed/testset/images/ISIC_0034536.jpg,AKIEC,AKIEC,3,3,0.9998563528060913,True
ISIC_0034537,vidir_modern,data/processed/testset/images/ISIC_0034537.jpg,NV,NV,1,1,0.9994818568229675,True
ISIC_0034538,rosendahl,data/processed/testset/images/ISIC_0034538.jpg,AKIEC,AKIEC,3,3,0.9991024732589722,True
ISIC_0034539,vidir_modern,data/processed/testset/images/ISIC_0034539.jpg,BKL,MEL,4,0,0.7698574066162109,False
ISIC_0034540,external,data/processed/testset/images/ISIC_0034540.jpg,NV,NV,1,1,0.9999768733978271,True
ISIC_0034541,vidir_molemax,data/processed/testset/images/ISIC_0034541.jpg,NV,NV,1,1,0.9999791383743286,True
ISIC_0034542,external,data/processed/testset/images/ISIC_0034542.jpg,BKL,BKL,4,4,0.9981023669242859,True
ISIC_0034543,vidir_molemax,data/processed/testset/images/ISIC_0034543.jpg,NV,NV,1,1,0.9999759197235107,True
ISIC_0034544,vidir_modern,data/processed/testset/images/ISIC_0034544.jpg,NV,NV,1,1,0.9710176587104797,True
ISIC_0034545,vidir_modern,data/processed/testset/images/ISIC_0034545.jpg,BCC,BCC,2,2,0.9996498823165894,True
ISIC_0034546,vidir_molemax,data/processed/testset/images/ISIC_0034546.jpg,BKL,BKL,4,4,0.9997485280036926,True
ISIC_0034547,rosendahl,data/processed/testset/images/ISIC_0034547.jpg,BKL,BKL,4,4,0.7707856893539429,True
ISIC_0034548,rosendahl,data/processed/testset/images/ISIC_0034548.jpg,MEL,AKIEC,0,3,0.9614471197128296,False
ISIC_0034549,external,data/processed/testset/images/ISIC_0034549.jpg,VASC,NV,6,1,0.6257016658782959,False
ISIC_0034551,vidir_molemax,data/processed/testset/images/ISIC_0034551.jpg,NV,NV,1,1,0.999701201915741,True
ISIC_0034552,vidir_modern,data/processed/testset/images/ISIC_0034552.jpg,NV,NV,1,1,0.9791200160980225,True
ISIC_0034553,vidir_molemax,data/processed/testset/images/ISIC_0034553.jpg,NV,NV,1,1,0.8940160274505615,True
ISIC_0034554,vidir_modern,data/processed/testset/images/ISIC_0034554.jpg,BCC,BCC,2,2,0.9999606609344482,True
ISIC_0034555,vidir_molemax,data/processed/testset/images/ISIC_0034555.jpg,VASC,VASC,6,6,0.9999662637710571,True
ISIC_0034556,vidir_molemax,data/processed/testset/images/ISIC_0034556.jpg,NV,NV,1,1,0.9999620914459229,True
ISIC_0034557,vidir_molemax,data/processed/testset/images/ISIC_0034557.jpg,NV,NV,1,1,0.9999809265136719,True
ISIC_0034558,rosendahl,data/processed/testset/images/ISIC_0034558.jpg,NV,NV,1,1,0.5853749513626099,True
ISIC_0034559,vidir_molemax,data/processed/testset/images/ISIC_0034559.jpg,NV,NV,1,1,0.9999722242355347,True
ISIC_0034560,vidir_molemax,data/processed/testset/images/ISIC_0034560.jpg,NV,NV,1,1,0.9999814033508301,True
ISIC_0034561,vidir_modern,data/processed/testset/images/ISIC_0034561.jpg,BKL,BKL,4,4,0.9999538660049438,True
ISIC_0034562,vidir_molemax,data/processed/testset/images/ISIC_0034562.jpg,NV,NV,1,1,0.9999879598617554,True
ISIC_0034563,vidir_molemax,data/processed/testset/images/ISIC_0034563.jpg,NV,NV,1,1,0.9999407529830933,True
ISIC_0034564,vidir_molemax,data/processed/testset/images/ISIC_0034564.jpg,NV,NV,1,1,0.9998517036437988,True
ISIC_0034565,rosendahl,data/processed/testset/images/ISIC_0034565.jpg,BCC,MEL,2,0,0.34846311807632446,False
ISIC_0034566,vidir_molemax,data/processed/testset/images/ISIC_0034566.jpg,NV,NV,1,1,0.9999635219573975,True
ISIC_0034567,vidir_molemax,data/processed/testset/images/ISIC_0034567.jpg,NV,NV,1,1,0.9999616146087646,True
ISIC_0034568,vidir_molemax,data/processed/testset/images/ISIC_0034568.jpg,NV,NV,1,1,0.9999812841415405,True
ISIC_0034569,external,data/processed/testset/images/ISIC_0034569.jpg,NV,BKL,1,4,0.9017781019210815,False
ISIC_0034570,rosendahl,data/processed/testset/images/ISIC_0034570.jpg,BKL,BKL,4,4,0.9982359409332275,True
ISIC_0034571,external,data/processed/testset/images/ISIC_0034571.jpg,BKL,BKL,4,4,0.9997698664665222,True
ISIC_0034572,vidir_modern,data/processed/testset/images/ISIC_0034572.jpg,MEL,MEL,0,0,0.9975683093070984,True
ISIC_0034573,external,data/processed/testset/images/ISIC_0034573.jpg,MEL,NV,0,1,0.7436575889587402,False
ISIC_0034574,rosendahl,data/processed/testset/images/ISIC_0034574.jpg,BKL,BKL,4,4,0.800937831401825,True
ISIC_0034575,external,data/processed/testset/images/ISIC_0034575.jpg,BKL,NV,4,1,0.8479371070861816,False
ISIC_0034576,vidir_molemax,data/processed/testset/images/ISIC_0034576.jpg,NV,NV,1,1,0.999948263168335,True
ISIC_0034577,vidir_molemax,data/processed/testset/images/ISIC_0034577.jpg,NV,NV,1,1,0.9999672174453735,True
ISIC_0034578,rosendahl,data/processed/testset/images/ISIC_0034578.jpg,BKL,BKL,4,4,0.9976232647895813,True
ISIC_0034579,rosendahl,data/processed/testset/images/ISIC_0034579.jpg,AKIEC,AKIEC,3,3,0.9788954257965088,True
ISIC_0034580,external,data/processed/testset/images/ISIC_0034580.jpg,NV,NV,1,1,0.9995527863502502,True
ISIC_0034581,vidir_molemax,data/processed/testset/images/ISIC_0034581.jpg,NV,NV,1,1,0.999460756778717,True
ISIC_0034582,vidir_molemax,data/processed/testset/images/ISIC_0034582.jpg,NV,NV,1,1,0.9904464483261108,True
ISIC_0034583,vidir_modern,data/processed/testset/images/ISIC_0034583.jpg,NV,NV,1,1,0.9960301518440247,True
ISIC_0034584,vidir_molemax,data/processed/testset/images/ISIC_0034584.jpg,MEL,NV,0,1,0.9998670816421509,False
ISIC_0034585,rosendahl,data/processed/testset/images/ISIC_0034585.jpg,AKIEC,AKIEC,3,3,0.9608293175697327,True
ISIC_0034586,rosendahl,data/processed/testset/images/ISIC_0034586.jpg,NV,NV,1,1,0.9989622831344604,True
ISIC_0034587,vidir_molemax,data/processed/testset/images/ISIC_0034587.jpg,NV,NV,1,1,0.9999822378158569,True
ISIC_0034588,rosendahl,data/processed/testset/images/ISIC_0034588.jpg,BCC,BCC,2,2,0.9725181460380554,True
ISIC_0034589,vidir_molemax,data/processed/testset/images/ISIC_0034589.jpg,NV,NV,1,1,0.9999589920043945,True
ISIC_0034590,rosendahl,data/processed/testset/images/ISIC_0034590.jpg,NV,NV,1,1,0.5234010815620422,True
ISIC_0034591,rosendahl,data/processed/testset/images/ISIC_0034591.jpg,BKL,BKL,4,4,0.8696006536483765,True
ISIC_0034592,vidir_molemax,data/processed/testset/images/ISIC_0034592.jpg,NV,NV,1,1,0.9933164119720459,True
ISIC_0034593,vidir_molemax,data/processed/testset/images/ISIC_0034593.jpg,NV,NV,1,1,0.999971866607666,True
ISIC_0034594,vidir_molemax,data/processed/testset/images/ISIC_0034594.jpg,NV,NV,1,1,0.9999635219573975,True
ISIC_0034595,rosendahl,data/processed/testset/images/ISIC_0034595.jpg,MEL,AKIEC,0,3,0.4648730456829071,False
ISIC_0034596,vidir_modern,data/processed/testset/images/ISIC_0034596.jpg,BKL,NV,4,1,0.8368719816207886,False
ISIC_0034597,rosendahl,data/processed/testset/images/ISIC_0034597.jpg,DF,AKIEC,5,3,0.9976500868797302,False
ISIC_0034598,rosendahl,data/processed/testset/images/ISIC_0034598.jpg,BCC,BCC,2,2,0.9984090924263,True
ISIC_0034599,vidir_modern,data/processed/testset/images/ISIC_0034599.jpg,NV,BKL,1,4,0.8581677079200745,False
ISIC_0034600,vidir_molemax,data/processed/testset/images/ISIC_0034600.jpg,NV,NV,1,1,0.9998481273651123,True
ISIC_0034601,vidir_molemax,data/processed/testset/images/ISIC_0034601.jpg,NV,NV,1,1,0.9999790191650391,True
ISIC_0034602,vidir_molemax,data/processed/testset/images/ISIC_0034602.jpg,NV,NV,1,1,0.9999206066131592,True
ISIC_0034603,rosendahl,data/processed/testset/images/ISIC_0034603.jpg,NV,MEL,1,0,0.5878075361251831,False
ISIC_0034604,vidir_molemax,data/processed/testset/images/ISIC_0034604.jpg,NV,NV,1,1,0.9943471550941467,True
ISIC_0034605,vidir_modern,data/processed/testset/images/ISIC_0034605.jpg,MEL,NV,0,1,0.8105329871177673,False
ISIC_0034606,external,data/processed/testset/images/ISIC_0034606.jpg,BCC,BCC,2,2,0.9997711777687073,True
ISIC_0034607,vidir_molemax,data/processed/testset/images/ISIC_0034607.jpg,NV,NV,1,1,0.9999744892120361,True
ISIC_0034608,vidir_molemax,data/processed/testset/images/ISIC_0034608.jpg,VASC,VASC,6,6,0.5242978930473328,True
ISIC_0034609,vidir_molemax,data/processed/testset/images/ISIC_0034609.jpg,NV,NV,1,1,0.9996604919433594,True
ISIC_0034610,vidir_molemax,data/processed/testset/images/ISIC_0034610.jpg,NV,NV,1,1,0.9999674558639526,True
ISIC_0034611,vidir_molemax,data/processed/testset/images/ISIC_0034611.jpg,NV,NV,1,1,0.9999809265136719,True
ISIC_0034612,vidir_modern,data/processed/testset/images/ISIC_0034612.jpg,BCC,BCC,2,2,0.9921647310256958,True
ISIC_0034613,external,data/processed/testset/images/ISIC_0034613.jpg,NV,NV,1,1,0.9869654178619385,True
ISIC_0034614,vidir_molemax,data/processed/testset/images/ISIC_0034614.jpg,BKL,NV,4,1,0.9914525747299194,False
ISIC_0034615,rosendahl,data/processed/testset/images/ISIC_0034615.jpg,BKL,BKL,4,4,0.9991909861564636,True
ISIC_0034616,vidir_molemax,data/processed/testset/images/ISIC_0034616.jpg,NV,NV,1,1,0.9999790191650391,True
ISIC_0034617,vidir_modern,data/processed/testset/images/ISIC_0034617.jpg,NV,NV,1,1,0.9816276431083679,True
ISIC_0034618,rosendahl,data/processed/testset/images/ISIC_0034618.jpg,BKL,BKL,4,4,0.9826318025588989,True
ISIC_0034619,vidir_molemax,data/processed/testset/images/ISIC_0034619.jpg,NV,NV,1,1,0.9999727010726929,True
ISIC_0034620,vidir_molemax,data/processed/testset/images/ISIC_0034620.jpg,NV,NV,1,1,0.9999722242355347,True
ISIC_0034621,rosendahl,data/processed/testset/images/ISIC_0034621.jpg,NV,NV,1,1,0.8075764775276184,True
ISIC_0034622,external,data/processed/testset/images/ISIC_0034622.jpg,BKL,BKL,4,4,0.9999591112136841,True
ISIC_0034623,vidir_molemax,data/processed/testset/images/ISIC_0034623.jpg,NV,NV,1,1,0.9999672174453735,True
ISIC_0034624,vidir_molemax,data/processed/testset/images/ISIC_0034624.jpg,NV,NV,1,1,0.9999759197235107,True
ISIC_0034625,vidir_molemax,data/processed/testset/images/ISIC_0034625.jpg,NV,NV,1,1,0.9999759197235107,True
ISIC_0034626,vidir_molemax,data/processed/testset/images/ISIC_0034626.jpg,NV,NV,1,1,0.9999161958694458,True
ISIC_0034627,vidir_modern,data/processed/testset/images/ISIC_0034627.jpg,NV,NV,1,1,0.9812337160110474,True
ISIC_0034628,vienna_dias,data/processed/testset/images/ISIC_0034628.jpg,MEL,MEL,0,0,0.9972922205924988,True
ISIC_0034629,vidir_modern,data/processed/testset/images/ISIC_0034629.jpg,NV,NV,1,1,0.8979172706604004,True
ISIC_0034630,vidir_modern,data/processed/testset/images/ISIC_0034630.jpg,MEL,MEL,0,0,0.982564389705658,True
ISIC_0034631,external,data/processed/testset/images/ISIC_0034631.jpg,BKL,BKL,4,4,0.999980092048645,True
ISIC_0034632,rosendahl,data/processed/testset/images/ISIC_0034632.jpg,NV,NV,1,1,0.9309675693511963,True
ISIC_0034633,rosendahl,data/processed/testset/images/ISIC_0034633.jpg,MEL,MEL,0,0,0.7888220548629761,True
ISIC_0034634,vidir_molemax,data/processed/testset/images/ISIC_0034634.jpg,NV,NV,1,1,0.999919056892395,True
ISIC_0034635,rosendahl,data/processed/testset/images/ISIC_0034635.jpg,NV,BKL,1,4,0.9855453372001648,False
ISIC_0034636,vidir_molemax,data/processed/testset/images/ISIC_0034636.jpg,NV,NV,1,1,0.9999778270721436,True
ISIC_0034637,rosendahl,data/processed/testset/images/ISIC_0034637.jpg,NV,BCC,1,2,0.9638241529464722,False
ISIC_0034638,vienna_dias,data/processed/testset/images/ISIC_0034638.jpg,MEL,MEL,0,0,0.973702073097229,True
ISIC_0034639,vidir_molemax,data/processed/testset/images/ISIC_0034639.jpg,NV,NV,1,1,0.9999769926071167,True
ISIC_0034640,vidir_molemax,data/processed/testset/images/ISIC_0034640.jpg,NV,NV,1,1,0.9999774694442749,True
ISIC_0034641,vidir_molemax,data/processed/testset/images/ISIC_0034641.jpg,NV,NV,1,1,0.999945878982544,True
ISIC_0034642,external,data/processed/testset/images/ISIC_0034642.jpg,DF,NV,5,1,0.8955078721046448,False
ISIC_0034643,vidir_molemax,data/processed/testset/images/ISIC_0034643.jpg,NV,NV,1,1,0.999976634979248,True
ISIC_0034644,rosendahl,data/processed/testset/images/ISIC_0034644.jpg,MEL,NV,0,1,0.8737967610359192,False
ISIC_0034645,vidir_molemax,data/processed/testset/images/ISIC_0034645.jpg,NV,NV,1,1,0.9999672174453735,True
ISIC_0034646,external,data/processed/testset/images/ISIC_0034646.jpg,BKL,BKL,4,4,0.9999850988388062,True
ISIC_0034648,vidir_molemax,data/processed/testset/images/ISIC_0034648.jpg,NV,NV,1,1,0.999962568283081,True
ISIC_0034649,vidir_molemax,data/processed/testset/images/ISIC_0034649.jpg,NV,NV,1,1,0.9999804496765137,True
ISIC_0034650,external,data/processed/testset/images/ISIC_0034650.jpg,MEL,MEL,0,0,0.9999345541000366,True
ISIC_0034651,external,data/processed/testset/images/ISIC_0034651.jpg,BKL,BKL,4,4,0.934518575668335,True
ISIC_0034652,external,data/processed/testset/images/ISIC_0034652.jpg,BKL,BKL,4,4,0.9852205514907837,True
ISIC_0034653,vidir_molemax,data/processed/testset/images/ISIC_0034653.jpg,NV,NV,1,1,0.9999244213104248,True
ISIC_0034654,vidir_molemax,data/processed/testset/images/ISIC_0034654.jpg,NV,NV,1,1,0.9999345541000366,True
ISIC_0034655,rosendahl,data/processed/testset/images/ISIC_0034655.jpg,MEL,MEL,0,0,0.9065390229225159,True
ISIC_0034656,rosendahl,data/processed/testset/images/ISIC_0034656.jpg,BKL,BKL,4,4,0.995805025100708,True
ISIC_0034657,vidir_modern,data/processed/testset/images/ISIC_0034657.jpg,MEL,NV,0,1,0.9992349147796631,False
ISIC_0034658,vidir_molemax,data/processed/testset/images/ISIC_0034658.jpg,NV,NV,1,1,0.9999407529830933,True
ISIC_0034659,vidir_molemax,data/processed/testset/images/ISIC_0034659.jpg,NV,NV,1,1,0.9997610449790955,True
ISIC_0034660,vidir_molemax,data/processed/testset/images/ISIC_0034660.jpg,NV,NV,1,1,0.9999692440032959,True
ISIC_0034661,vidir_modern,data/processed/testset/images/ISIC_0034661.jpg,NV,NV,1,1,0.997802197933197,True
ISIC_0034662,vidir_molemax,data/processed/testset/images/ISIC_0034662.jpg,NV,NV,1,1,0.9998505115509033,True
ISIC_0034663,external,data/processed/testset/images/ISIC_0034663.jpg,BKL,BKL,4,4,0.9165177941322327,True
ISIC_0034664,vidir_molemax,data/processed/testset/images/ISIC_0034664.jpg,NV,NV,1,1,0.9999567270278931,True
ISIC_0034665,vidir_molemax,data/processed/testset/images/ISIC_0034665.jpg,NV,NV,1,1,0.9994699358940125,True
ISIC_0034666,vidir_modern,data/processed/testset/images/ISIC_0034666.jpg,DF,BCC,5,2,0.7586509585380554,False
ISIC_0034667,vidir_molemax,data/processed/testset/images/ISIC_0034667.jpg,NV,NV,1,1,0.9999663829803467,True
ISIC_0034668,vidir_molemax,data/processed/testset/images/ISIC_0034668.jpg,NV,NV,1,1,0.9998983144760132,True
ISIC_0034669,rosendahl,data/processed/testset/images/ISIC_0034669.jpg,AKIEC,AKIEC,3,3,0.5134531855583191,True
ISIC_0034670,vidir_modern,data/processed/testset/images/ISIC_0034670.jpg,NV,NV,1,1,0.9931313395500183,True
ISIC_0034671,vidir_molemax,data/processed/testset/images/ISIC_0034671.jpg,NV,NV,1,1,0.9999622106552124,True
ISIC_0034672,rosendahl,data/processed/testset/images/ISIC_0034672.jpg,NV,NV,1,1,0.9987157583236694,True
ISIC_0034674,external,data/processed/testset/images/ISIC_0034674.jpg,NV,NV,1,1,0.9994913339614868,True
ISIC_0034675,vidir_modern,data/processed/testset/images/ISIC_0034675.jpg,BKL,MEL,4,0,0.9370139241218567,False
ISIC_0034676,vidir_molemax,data/processed/testset/images/ISIC_0034676.jpg,NV,NV,1,1,0.9999477863311768,True
ISIC_0034677,vidir_molemax,data/processed/testset/images/ISIC_0034677.jpg,NV,NV,1,1,0.9999023675918579,True
ISIC_0034678,vidir_molemax,data/processed/testset/images/ISIC_0034678.jpg,NV,NV,1,1,0.9999711513519287,True
ISIC_0034679,rosendahl,data/processed/testset/images/ISIC_0034679.jpg,BCC,BCC,2,2,0.9999207258224487,True
ISIC_0034680,vienna_dias,data/processed/testset/images/ISIC_0034680.jpg,NV,NV,1,1,0.9995138645172119,True
ISIC_0034681,vidir_molemax,data/processed/testset/images/ISIC_0034681.jpg,NV,NV,1,1,0.9999679327011108,True
ISIC_0034682,rosendahl,data/processed/testset/images/ISIC_0034682.jpg,BCC,BCC,2,2,0.9927760362625122,True
ISIC_0034683,vidir_molemax,data/processed/testset/images/ISIC_0034683.jpg,NV,NV,1,1,0.9999665021896362,True
ISIC_0034684,vidir_molemax,data/processed/testset/images/ISIC_0034684.jpg,BKL,BKL,4,4,0.999872088432312,True
ISIC_0034685,rosendahl,data/processed/testset/images/ISIC_0034685.jpg,BKL,MEL,4,0,0.885379433631897,False
ISIC_0034686,vidir_molemax,data/processed/testset/images/ISIC_0034686.jpg,BKL,BKL,4,4,0.998166024684906,True
ISIC_0034687,rosendahl,data/processed/testset/images/ISIC_0034687.jpg,MEL,MEL,0,0,0.9204156994819641,True
ISIC_0034688,vidir_molemax,data/processed/testset/images/ISIC_0034688.jpg,NV,NV,1,1,0.9993492960929871,True
ISIC_0034689,vidir_molemax,data/processed/testset/images/ISIC_0034689.jpg,NV,NV,1,1,0.9999761581420898,True
ISIC_0034690,vidir_modern,data/processed/testset/images/ISIC_0034690.jpg,NV,NV,1,1,0.9998577833175659,True
ISIC_0034691,vidir_molemax,data/processed/testset/images/ISIC_0034691.jpg,BKL,BKL,4,4,0.9579796195030212,True
ISIC_0034692,rosendahl,data/processed/testset/images/ISIC_0034692.jpg,BKL,DF,4,5,0.3661779463291168,False
ISIC_0034693,external,data/processed/testset/images/ISIC_0034693.jpg,BKL,BKL,4,4,0.999902606010437,True
ISIC_0034694,external,data/processed/testset/images/ISIC_0034694.jpg,BKL,BKL,4,4,0.9938443899154663,True
ISIC_0034695,rosendahl,data/processed/testset/images/ISIC_0034695.jpg,BCC,BCC,2,2,0.8970943093299866,True
ISIC_0034696,vidir_molemax,data/processed/testset/images/ISIC_0034696.jpg,NV,NV,1,1,0.9998408555984497,True
ISIC_0034697,vienna_dias,data/processed/testset/images/ISIC_0034697.jpg,NV,NV,1,1,0.9983456134796143,True
ISIC_0034698,vidir_molemax,data/processed/testset/images/ISIC_0034698.jpg,NV,NV,1,1,0.9998542070388794,True
ISIC_0034699,rosendahl,data/processed/testset/images/ISIC_0034699.jpg,BCC,BCC,2,2,0.9966980218887329,True
ISIC_0034700,vidir_molemax,data/processed/testset/images/ISIC_0034700.jpg,NV,NV,1,1,0.9999661445617676,True
ISIC_0034701,rosendahl,data/processed/testset/images/ISIC_0034701.jpg,NV,NV,1,1,0.9997435212135315,True
ISIC_0034702,vidir_molemax,data/processed/testset/images/ISIC_0034702.jpg,NV,NV,1,1,0.9999043941497803,True
ISIC_0034703,vidir_molemax,data/processed/testset/images/ISIC_0034703.jpg,NV,NV,1,1,0.9999607801437378,True
ISIC_0034704,vidir_molemax,data/processed/testset/images/ISIC_0034704.jpg,NV,NV,1,1,0.9998869895935059,True
ISIC_0034705,external,data/processed/testset/images/ISIC_0034705.jpg,NV,NV,1,1,0.919693112373352,True
ISIC_0034706,vidir_molemax,data/processed/testset/images/ISIC_0034706.jpg,BKL,BKL,4,4,0.9999667406082153,True
ISIC_0034707,vidir_molemax,data/processed/testset/images/ISIC_0034707.jpg,NV,NV,1,1,0.999976634979248,True
ISIC_0034708,vidir_molemax,data/processed/testset/images/ISIC_0034708.jpg,NV,NV,1,1,0.9999196529388428,True
ISIC_0034709,vidir_molemax,data/processed/testset/images/ISIC_0034709.jpg,NV,NV,1,1,0.9999665021896362,True
ISIC_0034710,rosendahl,data/processed/testset/images/ISIC_0034710.jpg,BKL,BKL,4,4,0.8486496210098267,True
ISIC_0034711,rosendahl,data/processed/testset/images/ISIC_0034711.jpg,BKL,BKL,4,4,0.9999094009399414,True
ISIC_0034712,rosendahl,data/processed/testset/images/ISIC_0034712.jpg,BCC,BCC,2,2,0.9998315572738647,True
ISIC_0034713,vidir_modern,data/processed/testset/images/ISIC_0034713.jpg,MEL,MEL,0,0,0.9993126392364502,True
ISIC_0034714,rosendahl,data/processed/testset/images/ISIC_0034714.jpg,MEL,NV,0,1,0.9490206241607666,False
ISIC_0034715,vidir_molemax,data/processed/testset/images/ISIC_0034715.jpg,NV,NV,1,1,0.99997878074646,True
ISIC_0034716,vidir_molemax,data/processed/testset/images/ISIC_0034716.jpg,NV,NV,1,1,0.9997984766960144,True
ISIC_0034717,vidir_modern,data/processed/testset/images/ISIC_0034717.jpg,NV,NV,1,1,0.9996569156646729,True
ISIC_0034718,rosendahl,data/processed/testset/images/ISIC_0034718.jpg,NV,NV,1,1,0.9780259728431702,True
ISIC_0034719,vidir_modern,data/processed/testset/images/ISIC_0034719.jpg,DF,DF,5,5,0.6146021485328674,True
ISIC_0034720,rosendahl,data/processed/testset/images/ISIC_0034720.jpg,BKL,BKL,4,4,0.41968104243278503,True
ISIC_0034721,vidir_molemax,data/processed/testset/images/ISIC_0034721.jpg,NV,NV,1,1,0.99308842420578,True
ISIC_0034722,vidir_molemax,data/processed/testset/images/ISIC_0034722.jpg,NV,NV,1,1,0.9999754428863525,True
ISIC_0034723,rosendahl,data/processed/testset/images/ISIC_0034723.jpg,BKL,BKL,4,4,0.9998584985733032,True
ISIC_0034724,vidir_modern,data/processed/testset/images/ISIC_0034724.jpg,BKL,BKL,4,4,0.9955955147743225,True
ISIC_0034725,vidir_modern,data/processed/testset/images/ISIC_0034725.jpg,NV,NV,1,1,0.8804776072502136,True
ISIC_0034726,vidir_molemax,data/processed/testset/images/ISIC_0034726.jpg,NV,NV,1,1,0.9999780654907227,True
ISIC_0034727,rosendahl,data/processed/testset/images/ISIC_0034727.jpg,NV,NV,1,1,0.7829866409301758,True
ISIC_0034728,vidir_molemax,data/processed/testset/images/ISIC_0034728.jpg,NV,NV,1,1,0.9999688863754272,True
ISIC_0034729,vidir_molemax,data/processed/testset/images/ISIC_0034729.jpg,NV,NV,1,1,0.9999655485153198,True
ISIC_0034730,rosendahl,data/processed/testset/images/ISIC_0034730.jpg,NV,NV,1,1,0.9961723685264587,True
ISIC_0034731,vidir_modern,data/processed/testset/images/ISIC_0034731.jpg,NV,AKIEC,1,3,0.6860054135322571,False
ISIC_0034732,vidir_modern,data/processed/testset/images/ISIC_0034732.jpg,NV,NV,1,1,0.9642907381057739,True
ISIC_0034733,rosendahl,data/processed/testset/images/ISIC_0034733.jpg,AKIEC,AKIEC,3,3,0.9954272508621216,True
ISIC_0034734,external,data/processed/testset/images/ISIC_0034734.jpg,VASC,NV,6,1,0.986626923084259,False
ISIC_0034735,vidir_molemax,data/processed/testset/images/ISIC_0034735.jpg,NV,NV,1,1,0.9999665021896362,True
ISIC_0034736,vidir_modern,data/processed/testset/images/ISIC_0034736.jpg,NV,NV,1,1,0.9985571503639221,True
ISIC_0034737,rosendahl,data/processed/testset/images/ISIC_0034737.jpg,MEL,MEL,0,0,0.9361998438835144,True
ISIC_0034738,vidir_molemax,data/processed/testset/images/ISIC_0034738.jpg,NV,NV,1,1,0.9999723434448242,True
ISIC_0034739,vidir_molemax,data/processed/testset/images/ISIC_0034739.jpg,VASC,VASC,6,6,0.9999692440032959,True
ISIC_0034740,vidir_molemax,data/processed/testset/images/ISIC_0034740.jpg,NV,NV,1,1,0.9999669790267944,True
ISIC_0034741,vidir_molemax,data/processed/testset/images/ISIC_0034741.jpg,NV,NV,1,1,0.9996367692947388,True
ISIC_0034742,vidir_molemax,data/processed/testset/images/ISIC_0034742.jpg,NV,NV,1,1,0.9995545744895935,True
ISIC_0034743,vidir_molemax,data/processed/testset/images/ISIC_0034743.jpg,NV,NV,1,1,0.9998998641967773,True
ISIC_0034744,vidir_molemax,data/processed/testset/images/ISIC_0034744.jpg,NV,NV,1,1,0.9999779462814331,True
ISIC_0034745,vidir_molemax,data/processed/testset/images/ISIC_0034745.jpg,NV,NV,1,1,0.9970707893371582,True
ISIC_0034746,rosendahl,data/processed/testset/images/ISIC_0034746.jpg,BKL,DF,4,5,0.5573132038116455,False
ISIC_0034747,vidir_molemax,data/processed/testset/images/ISIC_0034747.jpg,NV,NV,1,1,0.9999576807022095,True
ISIC_0034748,rosendahl,data/processed/testset/images/ISIC_0034748.jpg,AKIEC,BCC,3,2,0.9974742531776428,False
ISIC_0034749,rosendahl,data/processed/testset/images/ISIC_0034749.jpg,NV,NV,1,1,0.8934953808784485,True
ISIC_0034750,vidir_modern,data/processed/testset/images/ISIC_0034750.jpg,BKL,BKL,4,4,0.6786025762557983,True
ISIC_0034751,vidir_modern,data/processed/testset/images/ISIC_0034751.jpg,BKL,BKL,4,4,0.9679983854293823,True
ISIC_0034752,vidir_molemax,data/processed/testset/images/ISIC_0034752.jpg,NV,NV,1,1,0.999919056892395,True
ISIC_0034753,rosendahl,data/processed/testset/images/ISIC_0034753.jpg,AKIEC,AKIEC,3,3,0.9998574256896973,True
ISIC_0034754,vidir_modern,data/processed/testset/images/ISIC_0034754.jpg,NV,NV,1,1,0.6454902291297913,True
ISIC_0034755,vidir_modern,data/processed/testset/images/ISIC_0034755.jpg,BKL,NV,4,1,0.919897735118866,False
ISIC_0034756,vidir_modern,data/processed/testset/images/ISIC_0034756.jpg,NV,NV,1,1,0.9997673630714417,True
ISIC_0034757,vidir_molemax,data/processed/testset/images/ISIC_0034757.jpg,NV,NV,1,1,0.9997078776359558,True
ISIC_0034758,vidir_modern,data/processed/testset/images/ISIC_0034758.jpg,BKL,BKL,4,4,0.877698540687561,True
ISIC_0034759,rosendahl,data/processed/testset/images/ISIC_0034759.jpg,BCC,BCC,2,2,0.6568801999092102,True
ISIC_0034760,vidir_modern,data/processed/testset/images/ISIC_0034760.jpg,BCC,NV,2,1,0.466140478849411,False
ISIC_0034761,vidir_molemax,data/processed/testset/images/ISIC_0034761.jpg,NV,NV,1,1,0.9999517202377319,True
ISIC_0034762,vidir_molemax,data/processed/testset/images/ISIC_0034762.jpg,NV,NV,1,1,0.9999518394470215,True
ISIC_0034763,vidir_molemax,data/processed/testset/images/ISIC_0034763.jpg,NV,NV,1,1,0.9999783039093018,True
ISIC_0034764,rosendahl,data/processed/testset/images/ISIC_0034764.jpg,MEL,NV,0,1,0.6728186011314392,False
ISIC_0034765,external,data/processed/testset/images/ISIC_0034765.jpg,NV,NV,1,1,0.8972184658050537,True
ISIC_0034766,external,data/processed/testset/images/ISIC_0034766.jpg,DF,DF,5,5,0.9999130964279175,True
ISIC_0034767,rosendahl,data/processed/testset/images/ISIC_0034767.jpg,NV,NV,1,1,0.9947806000709534,True
ISIC_0034768,vidir_molemax,data/processed/testset/images/ISIC_0034768.jpg,NV,NV,1,1,0.9999679327011108,True
ISIC_0034769,vidir_molemax,data/processed/testset/images/ISIC_0034769.jpg,NV,NV,1,1,0.9999290704727173,True
ISIC_0034770,vidir_modern,data/processed/testset/images/ISIC_0034770.jpg,BKL,BKL,4,4,0.9980912804603577,True
ISIC_0034771,rosendahl,data/processed/testset/images/ISIC_0034771.jpg,MEL,MEL,0,0,0.5912744402885437,True
ISIC_0034772,vidir_molemax,data/processed/testset/images/ISIC_0034772.jpg,NV,NV,1,1,0.9999791383743286,True
ISIC_0034773,rosendahl,data/processed/testset/images/ISIC_0034773.jpg,NV,NV,1,1,0.9524346590042114,True
ISIC_0034774,vidir_molemax,data/processed/testset/images/ISIC_0034774.jpg,NV,NV,1,1,0.999972939491272,True
ISIC_0034776,vidir_molemax,data/processed/testset/images/ISIC_0034776.jpg,NV,NV,1,1,0.9999382495880127,True
ISIC_0034777,vidir_molemax,data/processed/testset/images/ISIC_0034777.jpg,NV,NV,1,1,0.9998302459716797,True
ISIC_0034778,vienna_dias,data/processed/testset/images/ISIC_0034778.jpg,NV,NV,1,1,0.9999557733535767,True
ISIC_0034779,vidir_molemax,data/processed/testset/images/ISIC_0034779.jpg,NV,NV,1,1,0.9999698400497437,True
ISIC_0034780,vidir_molemax,data/processed/testset/images/ISIC_0034780.jpg,NV,NV,1,1,0.999900221824646,True
ISIC_0034781,vidir_modern,data/processed/testset/images/ISIC_0034781.jpg,NV,NV,1,1,0.9970023036003113,True
ISIC_0034782,rosendahl,data/processed/testset/images/ISIC_0034782.jpg,BKL,BKL,4,4,0.9371913075447083,True
ISIC_0034783,external,data/processed/testset/images/ISIC_0034783.jpg,NV,NV,1,1,0.9997132420539856,True
ISIC_0034784,rosendahl,data/processed/testset/images/ISIC_0034784.jpg,MEL,NV,0,1,0.8956076502799988,False
ISIC_0034785,vidir_modern,data/processed/testset/images/ISIC_0034785.jpg,BKL,BKL,4,4,0.9999091625213623,True
ISIC_0034786,vidir_modern,data/processed/testset/images/ISIC_0034786.jpg,NV,NV,1,1,0.981663703918457,True
ISIC_0034787,vidir_molemax,data/processed/testset/images/ISIC_0034787.jpg,NV,NV,1,1,0.999977707862854,True
ISIC_0034788,vidir_molemax,data/processed/testset/images/ISIC_0034788.jpg,NV,NV,1,1,0.9999728202819824,True
ISIC_0034789,vidir_modern,data/processed/testset/images/ISIC_0034789.jpg,NV,NV,1,1,0.6520684957504272,True
ISIC_0034790,vidir_molemax,data/processed/testset/images/ISIC_0034790.jpg,NV,NV,1,1,0.9999343156814575,True
ISIC_0034791,rosendahl,data/processed/testset/images/ISIC_0034791.jpg,NV,AKIEC,1,3,0.9975207448005676,False
ISIC_0034792,vidir_modern,data/processed/testset/images/ISIC_0034792.jpg,NV,MEL,1,0,0.8232439160346985,False
ISIC_0034793,rosendahl,data/processed/testset/images/ISIC_0034793.jpg,NV,DF,1,5,0.9989846348762512,False
ISIC_0034794,vidir_molemax,data/processed/testset/images/ISIC_0034794.jpg,BKL,BKL,4,4,0.999789297580719,True
ISIC_0034795,vidir_molemax,data/processed/testset/images/ISIC_0034795.jpg,NV,NV,1,1,0.9996021389961243,True
ISIC_0034797,rosendahl,data/processed/testset/images/ISIC_0034797.jpg,NV,MEL,1,0,0.9547151923179626,False
ISIC_0034798,vidir_molemax,data/processed/testset/images/ISIC_0034798.jpg,NV,NV,1,1,0.9999698400497437,True
ISIC_0034800,vidir_molemax,data/processed/testset/images/ISIC_0034800.jpg,NV,NV,1,1,0.9999728202819824,True
ISIC_0034801,vidir_molemax,data/processed/testset/images/ISIC_0034801.jpg,NV,NV,1,1,0.9999523162841797,True
ISIC_0034802,rosendahl,data/processed/testset/images/ISIC_0034802.jpg,BKL,BKL,4,4,0.6126301288604736,True
ISIC_0034803,rosendahl,data/processed/testset/images/ISIC_0034803.jpg,NV,NV,1,1,0.7957528829574585,True
ISIC_0034804,vidir_modern,data/processed/testset/images/ISIC_0034804.jpg,MEL,NV,0,1,0.9312855005264282,False
ISIC_0034805,external,data/processed/testset/images/ISIC_0034805.jpg,VASC,VASC,6,6,0.9998719692230225,True
ISIC_0034806,rosendahl,data/processed/testset/images/ISIC_0034806.jpg,NV,NV,1,1,0.9962473511695862,True
ISIC_0034807,vidir_molemax,data/processed/testset/images/ISIC_0034807.jpg,NV,NV,1,1,0.9999716281890869,True
ISIC_0034808,vidir_molemax,data/processed/testset/images/ISIC_0034808.jpg,NV,NV,1,1,0.9999212026596069,True
ISIC_0034809,vidir_molemax,data/processed/testset/images/ISIC_0034809.jpg,NV,NV,1,1,0.9999423027038574,True
ISIC_0034810,vidir_molemax,data/processed/testset/images/ISIC_0034810.jpg,NV,NV,1,1,0.9999659061431885,True
ISIC_0034811,vidir_molemax,data/processed/testset/images/ISIC_0034811.jpg,NV,NV,1,1,0.9996147155761719,True
ISIC_0034812,vidir_molemax,data/processed/testset/images/ISIC_0034812.jpg,BKL,NV,4,1,0.980828583240509,False
ISIC_0034813,vidir_modern,data/processed/testset/images/ISIC_0034813.jpg,NV,NV,1,1,0.7892175912857056,True
ISIC_0034814,external,data/processed/testset/images/ISIC_0034814.jpg,VASC,VASC,6,6,0.9987710118293762,True
ISIC_0034815,vidir_modern,data/processed/testset/images/ISIC_0034815.jpg,NV,NV,1,1,0.9997257590293884,True
ISIC_0034816,vidir_modern,data/processed/testset/images/ISIC_0034816.jpg,NV,NV,1,1,0.993175208568573,True
ISIC_0034817,external,data/processed/testset/images/ISIC_0034817.jpg,MEL,NV,0,1,0.9990928173065186,False
ISIC_0034818,rosendahl,data/processed/testset/images/ISIC_0034818.jpg,NV,NV,1,1,0.7821902632713318,True
ISIC_0034819,external,data/processed/testset/images/ISIC_0034819.jpg,MEL,BKL,0,4,0.9943232536315918,False
ISIC_0034820,external,data/processed/testset/images/ISIC_0034820.jpg,DF,DF,5,5,0.8550875186920166,True
ISIC_0034821,vidir_molemax,data/processed/testset/images/ISIC_0034821.jpg,NV,NV,1,1,0.9970669150352478,True
ISIC_0034822,vidir_modern,data/processed/testset/images/ISIC_0034822.jpg,VASC,VASC,6,6,0.9999587535858154,True
ISIC_0034823,vidir_molemax,data/processed/testset/images/ISIC_0034823.jpg,NV,NV,1,1,0.9999725818634033,True
ISIC_0034824,vidir_molemax,data/processed/testset/images/ISIC_0034824.jpg,NV,NV,1,1,0.9999605417251587,True
ISIC_0034825,vidir_modern,data/processed/testset/images/ISIC_0034825.jpg,BKL,NV,4,1,0.9560001492500305,False
ISIC_0034826,vidir_molemax,data/processed/testset/images/ISIC_0034826.jpg,BKL,BKL,4,4,0.81607586145401,True
ISIC_0034827,vidir_molemax,data/processed/testset/images/ISIC_0034827.jpg,NV,NV,1,1,0.9999699592590332,True
ISIC_0034828,vidir_molemax,data/processed/testset/images/ISIC_0034828.jpg,NV,NV,1,1,0.9999628067016602,True
ISIC_0034829,vidir_molemax,data/processed/testset/images/ISIC_0034829.jpg,NV,NV,1,1,0.9999700784683228,True
ISIC_0034830,vidir_molemax,data/processed/testset/images/ISIC_0034830.jpg,NV,NV,1,1,0.9999678134918213,True
ISIC_0034831,vidir_molemax,data/processed/testset/images/ISIC_0034831.jpg,NV,NV,1,1,0.999955415725708,True
ISIC_0034832,vidir_modern,data/processed/testset/images/ISIC_0034832.jpg,NV,NV,1,1,0.9724215269088745,True
ISIC_0034833,vidir_modern,data/processed/testset/images/ISIC_0034833.jpg,BCC,BCC,2,2,0.9970371723175049,True
ISIC_0034834,vidir_molemax,data/processed/testset/images/ISIC_0034834.jpg,NV,NV,1,1,0.9998711347579956,True
ISIC_0034835,vidir_molemax,data/processed/testset/images/ISIC_0034835.jpg,NV,NV,1,1,0.9999504089355469,True
ISIC_0034836,vidir_modern,data/processed/testset/images/ISIC_0034836.jpg,NV,NV,1,1,0.7238359451293945,True
ISIC_0034837,vidir_molemax,data/processed/testset/images/ISIC_0034837.jpg,NV,NV,1,1,0.999962568283081,True
ISIC_0034838,vidir_molemax,data/processed/testset/images/ISIC_0034838.jpg,NV,NV,1,1,0.9997305274009705,True
ISIC_0034839,external,data/processed/testset/images/ISIC_0034839.jpg,NV,NV,1,1,0.9924902319908142,True
ISIC_0034840,rosendahl,data/processed/testset/images/ISIC_0034840.jpg,BKL,AKIEC,4,3,0.760869562625885,False
ISIC_0034841,external,data/processed/testset/images/ISIC_0034841.jpg,NV,NV,1,1,0.999636173248291,True
ISIC_0034842,rosendahl,data/processed/testset/images/ISIC_0034842.jpg,BKL,BKL,4,4,0.9870337247848511,True
ISIC_0034843,rosendahl,data/processed/testset/images/ISIC_0034843.jpg,NV,NV,1,1,0.9979602098464966,True
ISIC_0034844,vidir_molemax,data/processed/testset/images/ISIC_0034844.jpg,NV,NV,1,1,0.9999676942825317,True
ISIC_0034845,vidir_molemax,data/processed/testset/images/ISIC_0034845.jpg,NV,NV,1,1,0.9999653100967407,True
ISIC_0034846,vienna_dias,data/processed/testset/images/ISIC_0034846.jpg,NV,NV,1,1,0.999873161315918,True
ISIC_0034847,vidir_molemax,data/processed/testset/images/ISIC_0034847.jpg,NV,NV,1,1,0.9999606609344482,True
ISIC_0034848,vidir_molemax,data/processed/testset/images/ISIC_0034848.jpg,NV,NV,1,1,0.9999781847000122,True
ISIC_0034849,rosendahl,data/processed/testset/images/ISIC_0034849.jpg,BKL,BKL,4,4,0.9997994303703308,True
ISIC_0034850,external,data/processed/testset/images/ISIC_0034850.jpg,BKL,BKL,4,4,0.9947885274887085,True
ISIC_0034851,vidir_molemax,data/processed/testset/images/ISIC_0034851.jpg,NV,NV,1,1,0.9998478889465332,True
ISIC_0034852,vidir_modern,data/processed/testset/images/ISIC_0034852.jpg,NV,NV,1,1,0.5556466579437256,True
ISIC_0034853,vidir_molemax,data/processed/testset/images/ISIC_0034853.jpg,NV,NV,1,1,0.9987342953681946,True
ISIC_0034854,vidir_molemax,data/processed/testset/images/ISIC_0034854.jpg,NV,NV,1,1,0.9997535347938538,True
ISIC_0034855,vidir_molemax,data/processed/testset/images/ISIC_0034855.jpg,NV,NV,1,1,0.9999831914901733,True
ISIC_0034856,vidir_modern,data/processed/testset/images/ISIC_0034856.jpg,NV,BKL,1,4,0.9939046502113342,False
ISIC_0034857,vidir_molemax,data/processed/testset/images/ISIC_0034857.jpg,NV,NV,1,1,0.9999538660049438,True
ISIC_0034858,external,data/processed/testset/images/ISIC_0034858.jpg,VASC,BCC,6,2,0.6166881322860718,False
ISIC_0034859,rosendahl,data/processed/testset/images/ISIC_0034859.jpg,MEL,MEL,0,0,0.9993734955787659,True
ISIC_0034860,vidir_molemax,data/processed/testset/images/ISIC_0034860.jpg,NV,NV,1,1,0.9994420409202576,True
ISIC_0034861,vidir_modern,data/processed/testset/images/ISIC_0034861.jpg,NV,NV,1,1,0.9999434947967529,True
ISIC_0034862,vidir_molemax,data/processed/testset/images/ISIC_0034862.jpg,NV,NV,1,1,0.9985159039497375,True
ISIC_0034863,rosendahl,data/processed/testset/images/ISIC_0034863.jpg,MEL,MEL,0,0,0.5682399272918701,True
ISIC_0034864,vidir_modern,data/processed/testset/images/ISIC_0034864.jpg,NV,NV,1,1,0.9896408915519714,True
ISIC_0034865,vidir_molemax,data/processed/testset/images/ISIC_0034865.jpg,NV,NV,1,1,0.999955415725708,True
ISIC_0034866,vidir_molemax,data/processed/testset/images/ISIC_0034866.jpg,NV,NV,1,1,0.9998822212219238,True
ISIC_0034867,vidir_molemax,data/processed/testset/images/ISIC_0034867.jpg,NV,NV,1,1,0.9999610185623169,True
ISIC_0034868,vidir_molemax,data/processed/testset/images/ISIC_0034868.jpg,NV,NV,1,1,0.999923586845398,True
ISIC_0034869,vidir_molemax,data/processed/testset/images/ISIC_0034869.jpg,NV,NV,1,1,0.9999809265136719,True
ISIC_0034870,rosendahl,data/processed/testset/images/ISIC_0034870.jpg,AKIEC,BKL,3,4,0.6113712787628174,False
ISIC_0034871,rosendahl,data/processed/testset/images/ISIC_0034871.jpg,MEL,NV,0,1,0.42970484495162964,False
ISIC_0034872,vidir_molemax,data/processed/testset/images/ISIC_0034872.jpg,NV,NV,1,1,0.9999709129333496,True
ISIC_0034873,rosendahl,data/processed/testset/images/ISIC_0034873.jpg,MEL,AKIEC,0,3,0.7203041315078735,False
ISIC_0034874,rosendahl,data/processed/testset/images/ISIC_0034874.jpg,MEL,MEL,0,0,0.9990034699440002,True
ISIC_0034875,rosendahl,data/processed/testset/images/ISIC_0034875.jpg,MEL,AKIEC,0,3,0.9746696949005127,False
ISIC_0034876,external,data/processed/testset/images/ISIC_0034876.jpg,DF,DF,5,5,0.9949014186859131,True
ISIC_0034877,vidir_molemax,data/processed/testset/images/ISIC_0034877.jpg,NV,NV,1,1,0.9999701976776123,True
ISIC_0034878,vidir_molemax,data/processed/testset/images/ISIC_0034878.jpg,NV,NV,1,1,0.9999589920043945,True
ISIC_0034879,vidir_modern,data/processed/testset/images/ISIC_0034879.jpg,BCC,BCC,2,2,0.9999266862869263,True
ISIC_0034880,vidir_molemax,data/processed/testset/images/ISIC_0034880.jpg,NV,NV,1,1,0.9999306201934814,True
ISIC_0034881,vidir_molemax,data/processed/testset/images/ISIC_0034881.jpg,NV,NV,1,1,0.9999657869338989,True
ISIC_0034882,rosendahl,data/processed/testset/images/ISIC_0034882.jpg,MEL,MEL,0,0,0.9960795044898987,True
ISIC_0034883,vidir_molemax,data/processed/testset/images/ISIC_0034883.jpg,NV,NV,1,1,0.9997572302818298,True
ISIC_0034884,vidir_modern,data/processed/testset/images/ISIC_0034884.jpg,NV,NV,1,1,0.9556388258934021,True
ISIC_0034885,vidir_modern,data/processed/testset/images/ISIC_0034885.jpg,NV,NV,1,1,0.5833585858345032,True
ISIC_0034886,vidir_molemax,data/processed/testset/images/ISIC_0034886.jpg,NV,NV,1,1,0.9992478489875793,True
ISIC_0034887,vidir_modern,data/processed/testset/images/ISIC_0034887.jpg,VASC,VASC,6,6,0.999947190284729,True
ISIC_0034888,rosendahl,data/processed/testset/images/ISIC_0034888.jpg,BCC,BCC,2,2,0.9994934797286987,True
ISIC_0034889,vidir_modern,data/processed/testset/images/ISIC_0034889.jpg,NV,NV,1,1,0.9876503348350525,True
ISIC_0034890,vidir_molemax,data/processed/testset/images/ISIC_0034890.jpg,NV,NV,1,1,0.9999771118164062,True
ISIC_0034891,rosendahl,data/processed/testset/images/ISIC_0034891.jpg,BCC,AKIEC,2,3,0.9824241995811462,False
ISIC_0034892,vidir_molemax,data/processed/testset/images/ISIC_0034892.jpg,NV,NV,1,1,0.9786151647567749,True
ISIC_0034893,vidir_molemax,data/processed/testset/images/ISIC_0034893.jpg,NV,NV,1,1,0.9998277425765991,True
ISIC_0034894,vidir_molemax,data/processed/testset/images/ISIC_0034894.jpg,NV,NV,1,1,0.9994596838951111,True
ISIC_0034895,rosendahl,data/processed/testset/images/ISIC_0034895.jpg,MEL,MEL,0,0,0.9884843230247498,True
ISIC_0034896,external,data/processed/testset/images/ISIC_0034896.jpg,VASC,VASC,6,6,0.992113471031189,True
ISIC_0034897,vidir_molemax,data/processed/testset/images/ISIC_0034897.jpg,NV,NV,1,1,0.9987743496894836,True
ISIC_0034898,rosendahl,data/processed/testset/images/ISIC_0034898.jpg,AKIEC,BCC,3,2,0.8919174671173096,False
ISIC_0034899,external,data/processed/testset/images/ISIC_0034899.jpg,BCC,BCC,2,2,0.9976041913032532,True
ISIC_0034900,vidir_molemax,data/processed/testset/images/ISIC_0034900.jpg,NV,NV,1,1,0.9999439716339111,True
ISIC_0034901,vidir_modern,data/processed/testset/images/ISIC_0034901.jpg,NV,NV,1,1,0.9467223882675171,True
ISIC_0034902,vidir_molemax,data/processed/testset/images/ISIC_0034902.jpg,NV,NV,1,1,0.9999672174453735,True
ISIC_0034903,vidir_molemax,data/processed/testset/images/ISIC_0034903.jpg,NV,NV,1,1,0.9999749660491943,True
ISIC_0034904,rosendahl,data/processed/testset/images/ISIC_0034904.jpg,MEL,MEL,0,0,0.5786165595054626,True
ISIC_0034905,external,data/processed/testset/images/ISIC_0034905.jpg,VASC,BCC,6,2,0.47416818141937256,False
ISIC_0034906,rosendahl,data/processed/testset/images/ISIC_0034906.jpg,AKIEC,AKIEC,3,3,0.8219603896141052,True
ISIC_0034907,vidir_modern,data/processed/testset/images/ISIC_0034907.jpg,NV,MEL,1,0,0.9471834301948547,False
ISIC_0034908,vidir_molemax,data/processed/testset/images/ISIC_0034908.jpg,NV,NV,1,1,0.9999724626541138,True
ISIC_0034909,rosendahl,data/processed/testset/images/ISIC_0034909.jpg,NV,NV,1,1,0.9985955357551575,True
ISIC_0034910,external,data/processed/testset/images/ISIC_0034910.jpg,BCC,BCC,2,2,0.5143435001373291,True
ISIC_0034911,vidir_molemax,data/processed/testset/images/ISIC_0034911.jpg,VASC,VASC,6,6,0.9999738931655884,True
ISIC_0034912,vidir_molemax,data/processed/testset/images/ISIC_0034912.jpg,NV,NV,1,1,0.9999402761459351,True
ISIC_0034913,vidir_molemax,data/processed/testset/images/ISIC_0034913.jpg,NV,NV,1,1,0.9999691247940063,True
ISIC_0034914,vidir_modern,data/processed/testset/images/ISIC_0034914.jpg,BKL,NV,4,1,0.9998760223388672,False
ISIC_0034915,rosendahl,data/processed/testset/images/ISIC_0034915.jpg,BKL,BKL,4,4,0.9994750618934631,True
ISIC_0034916,vidir_molemax,data/processed/testset/images/ISIC_0034916.jpg,NV,NV,1,1,0.9985972046852112,True
ISIC_0034917,vidir_molemax,data/processed/testset/images/ISIC_0034917.jpg,NV,NV,1,1,0.9998631477355957,True
ISIC_0034918,vidir_modern,data/processed/testset/images/ISIC_0034918.jpg,MEL,NV,0,1,0.9998606443405151,False
ISIC_0034919,vidir_molemax,data/processed/testset/images/ISIC_0034919.jpg,NV,NV,1,1,0.9999552965164185,True
ISIC_0034920,rosendahl,data/processed/testset/images/ISIC_0034920.jpg,NV,NV,1,1,0.9266998767852783,True
ISIC_0034921,rosendahl,data/processed/testset/images/ISIC_0034921.jpg,NV,NV,1,1,0.9695642590522766,True
ISIC_0034922,external,data/processed/testset/images/ISIC_0034922.jpg,NV,NV,1,1,0.9999256134033203,True
ISIC_0034923,vidir_molemax,data/processed/testset/images/ISIC_0034923.jpg,NV,NV,1,1,0.9999326467514038,True
ISIC_0034924,vidir_molemax,data/processed/testset/images/ISIC_0034924.jpg,NV,NV,1,1,0.9999244213104248,True
ISIC_0034925,rosendahl,data/processed/testset/images/ISIC_0034925.jpg,NV,NV,1,1,0.9994578957557678,True
ISIC_0034926,vidir_modern,data/processed/testset/images/ISIC_0034926.jpg,MEL,MEL,0,0,0.4585086703300476,True
ISIC_0034927,rosendahl,data/processed/testset/images/ISIC_0034927.jpg,NV,MEL,1,0,0.9972910284996033,False
ISIC_0034928,vidir_molemax,data/processed/testset/images/ISIC_0034928.jpg,NV,NV,1,1,0.9999711513519287,True
ISIC_0034930,external,data/processed/testset/images/ISIC_0034930.jpg,BKL,DF,4,5,0.876751720905304,False
ISIC_0034931,rosendahl,data/processed/testset/images/ISIC_0034931.jpg,BKL,BKL,4,4,0.9998100399971008,True
ISIC_0034932,external,data/processed/testset/images/ISIC_0034932.jpg,NV,NV,1,1,0.9999556541442871,True
ISIC_0034933,vidir_molemax,data/processed/testset/images/ISIC_0034933.jpg,NV,NV,1,1,0.9999692440032959,True
ISIC_0034934,vidir_modern,data/processed/testset/images/ISIC_0034934.jpg,MEL,MEL,0,0,0.8441048860549927,True
ISIC_0034935,rosendahl,data/processed/testset/images/ISIC_0034935.jpg,NV,NV,1,1,0.9344019889831543,True
ISIC_0034936,rosendahl,data/processed/testset/images/ISIC_0034936.jpg,BCC,BCC,2,2,0.9995419979095459,True
ISIC_0034937,vidir_molemax,data/processed/testset/images/ISIC_0034937.jpg,VASC,VASC,6,6,0.9998904466629028,True
ISIC_0034938,vidir_molemax,data/processed/testset/images/ISIC_0034938.jpg,NV,NV,1,1,0.9999781847000122,True
ISIC_0034939,rosendahl,data/processed/testset/images/ISIC_0034939.jpg,BKL,AKIEC,4,3,0.6388469934463501,False
ISIC_0034940,vidir_molemax,data/processed/testset/images/ISIC_0034940.jpg,NV,NV,1,1,0.9999830722808838,True
ISIC_0034941,rosendahl,data/processed/testset/images/ISIC_0034941.jpg,NV,NV,1,1,0.7032824158668518,True
ISIC_0034942,vidir_molemax,data/processed/testset/images/ISIC_0034942.jpg,NV,NV,1,1,0.9999771118164062,True
ISIC_0034943,vidir_molemax,data/processed/testset/images/ISIC_0034943.jpg,NV,NV,1,1,0.9995818734169006,True
ISIC_0034944,rosendahl,data/processed/testset/images/ISIC_0034944.jpg,NV,BCC,1,2,0.9142810106277466,False
ISIC_0034945,vidir_molemax,data/processed/testset/images/ISIC_0034945.jpg,NV,NV,1,1,0.9999183416366577,True
ISIC_0034946,rosendahl,data/processed/testset/images/ISIC_0034946.jpg,BCC,BCC,2,2,0.9999674558639526,True
ISIC_0034947,vidir_molemax,data/processed/testset/images/ISIC_0034947.jpg,NV,NV,1,1,0.9999527931213379,True
ISIC_0034948,rosendahl,data/processed/testset/images/ISIC_0034948.jpg,BKL,BKL,4,4,0.9936350584030151,True
ISIC_0034949,external,data/processed/testset/images/ISIC_0034949.jpg,MEL,MEL,0,0,0.9998719692230225,True
ISIC_0034950,vidir_molemax,data/processed/testset/images/ISIC_0034950.jpg,NV,NV,1,1,0.9999784231185913,True
ISIC_0034951,external,data/processed/testset/images/ISIC_0034951.jpg,VASC,BCC,6,2,0.46487101912498474,False
ISIC_0034952,rosendahl,data/processed/testset/images/ISIC_0034952.jpg,BCC,BCC,2,2,0.856541097164154,True
ISIC_0034953,external,data/processed/testset/images/ISIC_0034953.jpg,BKL,BKL,4,4,0.9987572431564331,True
ISIC_0034954,vidir_molemax,data/processed/testset/images/ISIC_0034954.jpg,VASC,VASC,6,6,0.9999681711196899,True
ISIC_0034955,external,data/processed/testset/images/ISIC_0034955.jpg,NV,NV,1,1,0.9948917627334595,True
ISIC_0034956,vidir_molemax,data/processed/testset/images/ISIC_0034956.jpg,NV,NV,1,1,0.9999616146087646,True
ISIC_0034957,rosendahl,data/processed/testset/images/ISIC_0034957.jpg,MEL,MEL,0,0,0.9962632060050964,True
ISIC_0034958,rosendahl,data/processed/testset/images/ISIC_0034958.jpg,MEL,MEL,0,0,0.868911862373352,True
ISIC_0034959,external,data/processed/testset/images/ISIC_0034959.jpg,MEL,MEL,0,0,0.9998959302902222,True
ISIC_0034960,external,data/processed/testset/images/ISIC_0034960.jpg,BCC,MEL,2,0,0.5119217038154602,False
ISIC_0034961,rosendahl,data/processed/testset/images/ISIC_0034961.jpg,AKIEC,AKIEC,3,3,0.735688328742981,True
ISIC_0034962,vidir_molemax,data/processed/testset/images/ISIC_0034962.jpg,NV,NV,1,1,0.9999765157699585,True
ISIC_0034964,vidir_modern,data/processed/testset/images/ISIC_0034964.jpg,NV,NV,1,1,0.5398644208908081,True
ISIC_0034965,vidir_molemax,data/processed/testset/images/ISIC_0034965.jpg,NV,NV,1,1,0.9999489784240723,True
ISIC_0034966,rosendahl,data/processed/testset/images/ISIC_0034966.jpg,BCC,BCC,2,2,0.9401044249534607,True
ISIC_0034967,rosendahl,data/processed/testset/images/ISIC_0034967.jpg,NV,MEL,1,0,0.9395647644996643,False
ISIC_0034968,vidir_molemax,data/processed/testset/images/ISIC_0034968.jpg,NV,NV,1,1,0.9999591112136841,True
ISIC_0034970,rosendahl,data/processed/testset/images/ISIC_0034970.jpg,AKIEC,BKL,3,4,0.8381085991859436,False
ISIC_0034971,vidir_modern,data/processed/testset/images/ISIC_0034971.jpg,MEL,MEL,0,0,0.9955427050590515,True
ISIC_0034972,rosendahl,data/processed/testset/images/ISIC_0034972.jpg,BKL,BKL,4,4,0.8669693470001221,True
ISIC_0034973,vidir_molemax,data/processed/testset/images/ISIC_0034973.jpg,NV,NV,1,1,0.9999803304672241,True
ISIC_0034974,vidir_molemax,data/processed/testset/images/ISIC_0034974.jpg,NV,NV,1,1,0.9988645315170288,True
ISIC_0034975,vidir_molemax,data/processed/testset/images/ISIC_0034975.jpg,NV,NV,1,1,0.9999569654464722,True
ISIC_0034976,vidir_molemax,data/processed/testset/images/ISIC_0034976.jpg,NV,NV,1,1,0.9999754428863525,True
ISIC_0034977,vidir_molemax,data/processed/testset/images/ISIC_0034977.jpg,NV,NV,1,1,0.9999725818634033,True
ISIC_0034978,vidir_molemax,data/processed/testset/images/ISIC_0034978.jpg,NV,NV,1,1,0.9999326467514038,True
ISIC_0034979,vidir_molemax,data/processed/testset/images/ISIC_0034979.jpg,NV,NV,1,1,0.9999755620956421,True
ISIC_0034980,vidir_modern,data/processed/testset/images/ISIC_0034980.jpg,BKL,BKL,4,4,0.9997077584266663,True
ISIC_0034982,rosendahl,data/processed/testset/images/ISIC_0034982.jpg,AKIEC,AKIEC,3,3,0.9992988109588623,True
ISIC_0034983,vidir_molemax,data/processed/testset/images/ISIC_0034983.jpg,NV,NV,1,1,0.9973883032798767,True
ISIC_0034984,vidir_molemax,data/processed/testset/images/ISIC_0034984.jpg,NV,NV,1,1,0.9996097683906555,True
ISIC_0034985,external,data/processed/testset/images/ISIC_0034985.jpg,NV,NV,1,1,0.9967967867851257,True
ISIC_0034986,vidir_molemax,data/processed/testset/images/ISIC_0034986.jpg,NV,NV,1,1,0.9999774694442749,True
ISIC_0034987,vidir_modern,data/processed/testset/images/ISIC_0034987.jpg,BKL,BKL,4,4,0.9998939037322998,True
ISIC_0034988,rosendahl,data/processed/testset/images/ISIC_0034988.jpg,MEL,NV,0,1,0.8876010775566101,False
ISIC_0034989,vidir_molemax,data/processed/testset/images/ISIC_0034989.jpg,NV,NV,1,1,0.9999707937240601,True
ISIC_0034990,vidir_molemax,data/processed/testset/images/ISIC_0034990.jpg,NV,NV,1,1,0.9999797344207764,True
ISIC_0034991,vidir_molemax,data/processed/testset/images/ISIC_0034991.jpg,NV,NV,1,1,0.9999734163284302,True
ISIC_0034992,vienna_dias,data/processed/testset/images/ISIC_0034992.jpg,NV,NV,1,1,0.9942050576210022,True
ISIC_0034993,vidir_modern,data/processed/testset/images/ISIC_0034993.jpg,BKL,BKL,4,4,0.9998763799667358,True
ISIC_0034994,vidir_modern,data/processed/testset/images/ISIC_0034994.jpg,BKL,NV,4,1,0.8239398002624512,False
ISIC_0034995,external,data/processed/testset/images/ISIC_0034995.jpg,BCC,BKL,2,4,0.7599726319313049,False
ISIC_0034996,vidir_modern,data/processed/testset/images/ISIC_0034996.jpg,NV,NV,1,1,0.5626440048217773,True
ISIC_0034997,external,data/processed/testset/images/ISIC_0034997.jpg,BKL,BKL,4,4,0.9991300702095032,True
ISIC_0034998,vidir_modern,data/processed/testset/images/ISIC_0034998.jpg,MEL,MEL,0,0,0.9929185509681702,True
ISIC_0034999,external,data/processed/testset/images/ISIC_0034999.jpg,BKL,BKL,4,4,0.8267335891723633,True
ISIC_0035000,rosendahl,data/processed/testset/images/ISIC_0035000.jpg,MEL,MEL,0,0,0.653662919998169,True
ISIC_0035001,rosendahl,data/processed/testset/images/ISIC_0035001.jpg,AKIEC,AKIEC,3,3,0.9980564117431641,True
ISIC_0035002,vidir_molemax,data/processed/testset/images/ISIC_0035002.jpg,NV,NV,1,1,0.9999637603759766,True
ISIC_0035003,vidir_molemax,data/processed/testset/images/ISIC_0035003.jpg,NV,NV,1,1,0.9999666213989258,True
ISIC_0035004,external,data/processed/testset/images/ISIC_0035004.jpg,BKL,BKL,4,4,0.9511213898658752,True
ISIC_0035005,vidir_modern,data/processed/testset/images/ISIC_0035005.jpg,NV,NV,1,1,0.9995222091674805,True
ISIC_0035006,vidir_molemax,data/processed/testset/images/ISIC_0035006.jpg,NV,NV,1,1,0.9998818635940552,True
ISIC_0035007,vienna_dias,data/processed/testset/images/ISIC_0035007.jpg,NV,NV,1,1,0.9972803592681885,True
ISIC_0035008,rosendahl,data/processed/testset/images/ISIC_0035008.jpg,AKIEC,BCC,3,2,0.9459602236747742,False
ISIC_0035009,rosendahl,data/processed/testset/images/ISIC_0035009.jpg,NV,NV,1,1,0.9848496913909912,True
ISIC_0035010,vidir_modern,data/processed/testset/images/ISIC_0035010.jpg,BKL,BKL,4,4,0.9999765157699585,True
ISIC_0035011,rosendahl,data/processed/testset/images/ISIC_0035011.jpg,NV,NV,1,1,0.9991613626480103,True
ISIC_0035012,external,data/processed/testset/images/ISIC_0035012.jpg,DF,NV,5,1,0.7662381529808044,False
ISIC_0035013,vidir_molemax,data/processed/testset/images/ISIC_0035013.jpg,NV,NV,1,1,0.9999778270721436,True
ISIC_0035014,vidir_molemax,data/processed/testset/images/ISIC_0035014.jpg,NV,NV,1,1,0.9999088048934937,True
ISIC_0035015,vidir_molemax,data/processed/testset/images/ISIC_0035015.jpg,NV,NV,1,1,0.9999595880508423,True
ISIC_0035016,vidir_molemax,data/processed/testset/images/ISIC_0035016.jpg,NV,NV,1,1,0.9724494814872742,True
ISIC_0035017,vidir_molemax,data/processed/testset/images/ISIC_0035017.jpg,NV,NV,1,1,0.9999151229858398,True
ISIC_0035018,vidir_modern,data/processed/testset/images/ISIC_0035018.jpg,BKL,BKL,4,4,0.9978673458099365,True
ISIC_0035019,vidir_molemax,data/processed/testset/images/ISIC_0035019.jpg,NV,NV,1,1,0.9997797608375549,True
ISIC_0035020,vidir_molemax,data/processed/testset/images/ISIC_0035020.jpg,NV,NV,1,1,0.9999780654907227,True
ISIC_0035021,rosendahl,data/processed/testset/images/ISIC_0035021.jpg,MEL,MEL,0,0,0.9505620002746582,True
ISIC_0035022,vidir_molemax,data/processed/testset/images/ISIC_0035022.jpg,NV,NV,1,1,0.9999723434448242,True
ISIC_0035023,rosendahl,data/processed/testset/images/ISIC_0035023.jpg,NV,NV,1,1,0.5708956718444824,True
ISIC_0035024,vidir_molemax,data/processed/testset/images/ISIC_0035024.jpg,NV,NV,1,1,0.9999619722366333,True
ISIC_0035025,vidir_molemax,data/processed/testset/images/ISIC_0035025.jpg,NV,NV,1,1,0.9999750852584839,True
ISIC_0035026,rosendahl,data/processed/testset/images/ISIC_0035026.jpg,BCC,BCC,2,2,0.46057432889938354,True
ISIC_0035027,vidir_molemax,data/processed/testset/images/ISIC_0035027.jpg,NV,NV,1,1,0.9999514818191528,True
ISIC_0035028,rosendahl,data/processed/testset/images/ISIC_0035028.jpg,BKL,BKL,4,4,0.9992018342018127,True
ISIC_0035029,rosendahl,data/processed/testset/images/ISIC_0035029.jpg,AKIEC,AKIEC,3,3,0.9448142647743225,True
ISIC_0035030,vidir_molemax,data/processed/testset/images/ISIC_0035030.jpg,NV,NV,1,1,0.999954104423523,True
ISIC_0035031,vidir_molemax,data/processed/testset/images/ISIC_0035031.jpg,NV,NV,1,1,0.9999672174453735,True
ISIC_0035032,rosendahl,data/processed/testset/images/ISIC_0035032.jpg,BKL,BKL,4,4,0.9998032450675964,True
ISIC_0035033,vidir_modern,data/processed/testset/images/ISIC_0035033.jpg,BCC,BCC,2,2,0.9907861948013306,True
ISIC_0035034,vidir_molemax,data/processed/testset/images/ISIC_0035034.jpg,NV,NV,1,1,0.9999499320983887,True
ISIC_0035035,vidir_modern,data/processed/testset/images/ISIC_0035035.jpg,BKL,BKL,4,4,0.9996874332427979,True
ISIC_0035036,vidir_molemax,data/processed/testset/images/ISIC_0035036.jpg,NV,NV,1,1,0.9998440742492676,True
ISIC_0035037,vidir_molemax,data/processed/testset/images/ISIC_0035037.jpg,BKL,BKL,4,4,0.7874829173088074,True
ISIC_0035038,rosendahl,data/processed/testset/images/ISIC_0035038.jpg,NV,NV,1,1,0.7180980443954468,True
ISIC_0035039,vidir_modern,data/processed/testset/images/ISIC_0035039.jpg,BKL,BKL,4,4,0.9998286962509155,True
ISIC_0035040,vidir_modern,data/processed/testset/images/ISIC_0035040.jpg,BKL,BKL,4,4,0.9651187062263489,True
ISIC_0035041,rosendahl,data/processed/testset/images/ISIC_0035041.jpg,BCC,BCC,2,2,0.9998891353607178,True
ISIC_0035042,external,data/processed/testset/images/ISIC_0035042.jpg,DF,DF,5,5,0.999858021736145,True
ISIC_0035043,vidir_molemax,data/processed/testset/images/ISIC_0035043.jpg,BKL,BKL,4,4,0.9996490478515625,True
ISIC_0035044,vidir_modern,data/processed/testset/images/ISIC_0035044.jpg,NV,NV,1,1,0.953472912311554,True
ISIC_0035045,vidir_molemax,data/processed/testset/images/ISIC_0035045.jpg,NV,NV,1,1,0.9999821186065674,True
ISIC_0035046,vidir_modern,data/processed/testset/images/ISIC_0035046.jpg,NV,NV,1,1,0.7805925607681274,True
ISIC_0035047,rosendahl,data/processed/testset/images/ISIC_0035047.jpg,MEL,MEL,0,0,0.8930495381355286,True
ISIC_0035048,rosendahl,data/processed/testset/images/ISIC_0035048.jpg,MEL,NV,0,1,0.7556011080741882,False
ISIC_0035049,vidir_molemax,data/processed/testset/images/ISIC_0035049.jpg,NV,NV,1,1,0.9999716281890869,True
ISIC_0035050,rosendahl,data/processed/testset/images/ISIC_0035050.jpg,NV,MEL,1,0,0.8069933652877808,False
ISIC_0035051,rosendahl,data/processed/testset/images/ISIC_0035051.jpg,NV,NV,1,1,0.9984527826309204,True
ISIC_0035052,vidir_molemax,data/processed/testset/images/ISIC_0035052.jpg,NV,NV,1,1,0.9998989105224609,True
ISIC_0035053,vidir_molemax,data/processed/testset/images/ISIC_0035053.jpg,NV,NV,1,1,0.9999085664749146,True
ISIC_0035054,external,data/processed/testset/images/ISIC_0035054.jpg,DF,DF,5,5,0.9940006136894226,True
ISIC_0035055,external,data/processed/testset/images/ISIC_0035055.jpg,NV,NV,1,1,0.999890923500061,True
ISIC_0035056,vidir_molemax,data/processed/testset/images/ISIC_0035056.jpg,NV,NV,1,1,0.9999686479568481,True
ISIC_0035057,vidir_modern,data/processed/testset/images/ISIC_0035057.jpg,BKL,BKL,4,4,0.9987419247627258,True
ISIC_0035058,external,data/processed/testset/images/ISIC_0035058.jpg,NV,NV,1,1,0.9990783929824829,True
ISIC_0035059,rosendahl,data/processed/testset/images/ISIC_0035059.jpg,NV,NV,1,1,0.5686748623847961,True
ISIC_0035060,vidir_molemax,data/processed/testset/images/ISIC_0035060.jpg,NV,NV,1,1,0.9985639452934265,True
ISIC_0035061,vidir_molemax,data/processed/testset/images/ISIC_0035061.jpg,NV,NV,1,1,0.9999372959136963,True
ISIC_0035062,vidir_molemax,data/processed/testset/images/ISIC_0035062.jpg,NV,NV,1,1,0.9999803304672241,True
ISIC_0035063,vidir_modern,data/processed/testset/images/ISIC_0035063.jpg,NV,NV,1,1,0.9874647855758667,True
ISIC_0035064,vidir_molemax,data/processed/testset/images/ISIC_0035064.jpg,DF,DF,5,5,0.9998390674591064,True
ISIC_0035065,vidir_molemax,data/processed/testset/images/ISIC_0035065.jpg,NV,NV,1,1,0.9999754428863525,True
ISIC_0035066,vidir_molemax,data/processed/testset/images/ISIC_0035066.jpg,NV,NV,1,1,0.9999732971191406,True
ISIC_0035067,external,data/processed/testset/images/ISIC_0035067.jpg,NV,NV,1,1,0.799996554851532,True
ISIC_0035070,rosendahl,data/processed/testset/images/ISIC_0035070.jpg,MEL,NV,0,1,0.9904791712760925,False
ISIC_0035071,vidir_molemax,data/processed/testset/images/ISIC_0035071.jpg,NV,NV,1,1,0.9999638795852661,True
ISIC_0035072,vidir_modern,data/processed/testset/images/ISIC_0035072.jpg,BCC,BKL,2,4,0.49459055066108704,False
ISIC_0035073,external,data/processed/testset/images/ISIC_0035073.jpg,NV,NV,1,1,0.9610579609870911,True
ISIC_0035074,vidir_molemax,data/processed/testset/images/ISIC_0035074.jpg,NV,NV,1,1,0.9999772310256958,True
ISIC_0035075,vidir_molemax,data/processed/testset/images/ISIC_0035075.jpg,BKL,BKL,4,4,0.5496470928192139,True
ISIC_0035076,rosendahl,data/processed/testset/images/ISIC_0035076.jpg,BKL,BKL,4,4,0.9988448619842529,True
ISIC_0035077,vidir_molemax,data/processed/testset/images/ISIC_0035077.jpg,NV,NV,1,1,0.999970555305481,True
ISIC_0035078,rosendahl,data/processed/testset/images/ISIC_0035078.jpg,AKIEC,AKIEC,3,3,0.9639371633529663,True
ISIC_0035079,vidir_modern,data/processed/testset/images/ISIC_0035079.jpg,NV,NV,1,1,0.9934329986572266,True
ISIC_0035080,vidir_molemax,data/processed/testset/images/ISIC_0035080.jpg,NV,NV,1,1,0.9999712705612183,True
ISIC_0035081,vienna_dias,data/processed/testset/images/ISIC_0035081.jpg,MEL,MEL,0,0,0.9677785634994507,True
ISIC_0035082,vidir_molemax,data/processed/testset/images/ISIC_0035082.jpg,NV,NV,1,1,0.9756718277931213,True
ISIC_0035083,vidir_molemax,data/processed/testset/images/ISIC_0035083.jpg,NV,NV,1,1,0.9999282360076904,True
ISIC_0035084,vidir_molemax,data/processed/testset/images/ISIC_0035084.jpg,NV,NV,1,1,0.9999827146530151,True
ISIC_0035085,external,data/processed/testset/images/ISIC_0035085.jpg,NV,NV,1,1,0.9730365872383118,True
ISIC_0035086,vidir_molemax,data/processed/testset/images/ISIC_0035086.jpg,NV,NV,1,1,0.9998145699501038,True
ISIC_0035087,vidir_molemax,data/processed/testset/images/ISIC_0035087.jpg,NV,NV,1,1,0.9999431371688843,True
ISIC_0035088,vidir_molemax,data/processed/testset/images/ISIC_0035088.jpg,NV,NV,1,1,0.9999692440032959,True
ISIC_0035089,vidir_modern,data/processed/testset/images/ISIC_0035089.jpg,MEL,NV,0,1,0.9810081124305725,False
ISIC_0035090,vidir_modern,data/processed/testset/images/ISIC_0035090.jpg,MEL,NV,0,1,0.7680147886276245,False
ISIC_0035091,vidir_modern,data/processed/testset/images/ISIC_0035091.jpg,NV,MEL,1,0,0.6026690006256104,False
ISIC_0035092,vidir_modern,data/processed/testset/images/ISIC_0035092.jpg,NV,NV,1,1,0.9996122717857361,True
ISIC_0035093,vidir_molemax,data/processed/testset/images/ISIC_0035093.jpg,NV,NV,1,1,0.9972506165504456,True
ISIC_0035094,rosendahl,data/processed/testset/images/ISIC_0035094.jpg,NV,NV,1,1,0.9809375405311584,True
ISIC_0035095,external,data/processed/testset/images/ISIC_0035095.jpg,BKL,BKL,4,4,0.9834195375442505,True
ISIC_0035096,vidir_molemax,data/processed/testset/images/ISIC_0035096.jpg,NV,NV,1,1,0.9999759197235107,True
ISIC_0035097,vidir_modern,data/processed/testset/images/ISIC_0035097.jpg,NV,NV,1,1,0.9969455599784851,True
ISIC_0035098,vidir_molemax,data/processed/testset/images/ISIC_0035098.jpg,NV,NV,1,1,0.9999643564224243,True
ISIC_0035099,vidir_modern,data/processed/testset/images/ISIC_0035099.jpg,MEL,MEL,0,0,0.6091501712799072,True
ISIC_0035100,vienna_dias,data/processed/testset/images/ISIC_0035100.jpg,NV,NV,1,1,0.9979800581932068,True
ISIC_0035101,rosendahl,data/processed/testset/images/ISIC_0035101.jpg,NV,BKL,1,4,0.4842557907104492,False
ISIC_0035102,vidir_molemax,data/processed/testset/images/ISIC_0035102.jpg,NV,NV,1,1,0.9999545812606812,True
ISIC_0035103,vidir_molemax,data/processed/testset/images/ISIC_0035103.jpg,NV,NV,1,1,0.9998633861541748,True
ISIC_0035104,vidir_molemax,data/processed/testset/images/ISIC_0035104.jpg,BKL,BKL,4,4,0.9981077909469604,True
ISIC_0035105,vidir_modern,data/processed/testset/images/ISIC_0035105.jpg,NV,NV,1,1,0.9383546113967896,True
ISIC_0035106,rosendahl,data/processed/testset/images/ISIC_0035106.jpg,BCC,BCC,2,2,0.9999208450317383,True
ISIC_0035107,vidir_molemax,data/processed/testset/images/ISIC_0035107.jpg,NV,NV,1,1,0.9999666213989258,True
ISIC_0035108,vidir_molemax,data/processed/testset/images/ISIC_0035108.jpg,NV,NV,1,1,0.9999487400054932,True
ISIC_0035109,rosendahl,data/processed/testset/images/ISIC_0035109.jpg,BKL,BKL,4,4,0.999381422996521,True
ISIC_0035110,rosendahl,data/processed/testset/images/ISIC_0035110.jpg,BKL,BKL,4,4,0.9078136086463928,True
ISIC_0035111,vidir_molemax,data/processed/testset/images/ISIC_0035111.jpg,NV,NV,1,1,0.9998200535774231,True
ISIC_0035112,rosendahl,data/processed/testset/images/ISIC_0035112.jpg,BCC,BCC,2,2,0.7805648446083069,True
ISIC_0035113,vidir_molemax,data/processed/testset/images/ISIC_0035113.jpg,NV,NV,1,1,0.9997827410697937,True
ISIC_0035114,vidir_molemax,data/processed/testset/images/ISIC_0035114.jpg,NV,NV,1,1,0.9999687671661377,True
ISIC_0035115,vidir_molemax,data/processed/testset/images/ISIC_0035115.jpg,BKL,BKL,4,4,0.6696826219558716,True
ISIC_0035116,vidir_modern,data/processed/testset/images/ISIC_0035116.jpg,NV,BKL,1,4,0.9975500702857971,False
ISIC_0035117,rosendahl,data/processed/testset/images/ISIC_0035117.jpg,AKIEC,AKIEC,3,3,0.8369662165641785,True
ISIC_0035118,external,data/processed/testset/images/ISIC_0035118.jpg,NV,NV,1,1,0.9994156360626221,True
ISIC_0035119,rosendahl,data/processed/testset/images/ISIC_0035119.jpg,AKIEC,AKIEC,3,3,0.9985112547874451,True
ISIC_0035120,vidir_modern,data/processed/testset/images/ISIC_0035120.jpg,BCC,BKL,2,4,0.7619032263755798,False
ISIC_0035121,vidir_molemax,data/processed/testset/images/ISIC_0035121.jpg,NV,NV,1,1,0.9992620348930359,True
ISIC_0035122,vidir_molemax,data/processed/testset/images/ISIC_0035122.jpg,NV,NV,1,1,0.9999618530273438,True
ISIC_0035123,vidir_molemax,data/processed/testset/images/ISIC_0035123.jpg,NV,NV,1,1,0.999948263168335,True
ISIC_0035124,rosendahl,data/processed/testset/images/ISIC_0035124.jpg,MEL,MEL,0,0,0.9266455173492432,True
ISIC_0035125,external,data/processed/testset/images/ISIC_0035125.jpg,BKL,BKL,4,4,0.7659444212913513,True
ISIC_0035126,rosendahl,data/processed/testset/images/ISIC_0035126.jpg,NV,NV,1,1,0.9996095299720764,True
ISIC_0035127,vidir_modern,data/processed/testset/images/ISIC_0035127.jpg,BKL,BKL,4,4,0.6654317378997803,True
ISIC_0035128,rosendahl,data/processed/testset/images/ISIC_0035128.jpg,AKIEC,AKIEC,3,3,0.9744012951850891,True
ISIC_0035129,rosendahl,data/processed/testset/images/ISIC_0035129.jpg,NV,NV,1,1,0.7148972153663635,True
ISIC_0035130,vidir_modern,data/processed/testset/images/ISIC_0035130.jpg,MEL,NV,0,1,0.7689177989959717,False
ISIC_0035131,vidir_modern,data/processed/testset/images/ISIC_0035131.jpg,BKL,BKL,4,4,0.9997237324714661,True
ISIC_0035132,vidir_modern,data/processed/testset/images/ISIC_0035132.jpg,NV,MEL,1,0,0.9171187281608582,False
ISIC_0035133,rosendahl,data/processed/testset/images/ISIC_0035133.jpg,NV,NV,1,1,0.6413848996162415,True
ISIC_0035134,vidir_molemax,data/processed/testset/images/ISIC_0035134.jpg,NV,NV,1,1,0.999974250793457,True
ISIC_0035135,vidir_molemax,data/processed/testset/images/ISIC_0035135.jpg,NV,NV,1,1,0.9999650716781616,True
ISIC_0035136,vidir_modern,data/processed/testset/images/ISIC_0035136.jpg,BKL,MEL,4,0,0.9169014692306519,False
ISIC_0035137,vienna_dias,data/processed/testset/images/ISIC_0035137.jpg,NV,NV,1,1,0.999736487865448,True
ISIC_0035138,external,data/processed/testset/images/ISIC_0035138.jpg,NV,NV,1,1,0.9992727637290955,True
ISIC_0035139,rosendahl,data/processed/testset/images/ISIC_0035139.jpg,MEL,NV,0,1,0.977068305015564,False
ISIC_0035140,vidir_molemax,data/processed/testset/images/ISIC_0035140.jpg,NV,NV,1,1,0.9995997548103333,True
ISIC_0035142,rosendahl,data/processed/testset/images/ISIC_0035142.jpg,BKL,BKL,4,4,0.9999382495880127,True
ISIC_0035143,vidir_molemax,data/processed/testset/images/ISIC_0035143.jpg,NV,NV,1,1,0.9999805688858032,True
ISIC_0035144,vidir_molemax,data/processed/testset/images/ISIC_0035144.jpg,NV,NV,1,1,0.9999780654907227,True
ISIC_0035145,vidir_molemax,data/processed/testset/images/ISIC_0035145.jpg,NV,NV,1,1,0.9999814033508301,True
ISIC_0035146,vidir_molemax,data/processed/testset/images/ISIC_0035146.jpg,NV,NV,1,1,0.9999598264694214,True
ISIC_0035147,external,data/processed/testset/images/ISIC_0035147.jpg,DF,DF,5,5,0.9855436086654663,True
ISIC_0035148,external,data/processed/testset/images/ISIC_0035148.jpg,NV,NV,1,1,0.9998307228088379,True
ISIC_0035149,rosendahl,data/processed/testset/images/ISIC_0035149.jpg,AKIEC,AKIEC,3,3,0.8811342716217041,True
ISIC_0035150,rosendahl,data/processed/testset/images/ISIC_0035150.jpg,NV,NV,1,1,0.7534182071685791,True
ISIC_0035151,external,data/processed/testset/images/ISIC_0035151.jpg,BKL,BKL,4,4,0.9994468092918396,True
ISIC_0035152,rosendahl,data/processed/testset/images/ISIC_0035152.jpg,NV,MEL,1,0,0.706625759601593,False
ISIC_0035153,vidir_molemax,data/processed/testset/images/ISIC_0035153.jpg,NV,NV,1,1,0.9999738931655884,True
ISIC_0035154,external,data/processed/testset/images/ISIC_0035154.jpg,BKL,BKL,4,4,0.999843955039978,True
ISIC_0035155,external,data/processed/testset/images/ISIC_0035155.jpg,BKL,BKL,4,4,0.9993897676467896,True
ISIC_0035156,vidir_modern,data/processed/testset/images/ISIC_0035156.jpg,NV,NV,1,1,0.999850869178772,True
ISIC_0035157,vidir_molemax,data/processed/testset/images/ISIC_0035157.jpg,NV,NV,1,1,0.9998921155929565,True
ISIC_0035158,vidir_molemax,data/processed/testset/images/ISIC_0035158.jpg,NV,NV,1,1,0.9998606443405151,True
ISIC_0035160,vidir_molemax,data/processed/testset/images/ISIC_0035160.jpg,NV,NV,1,1,0.9997664093971252,True
ISIC_0035161,vidir_molemax,data/processed/testset/images/ISIC_0035161.jpg,NV,NV,1,1,0.999955415725708,True
ISIC_0035162,rosendahl,data/processed/testset/images/ISIC_0035162.jpg,NV,NV,1,1,0.9519054889678955,True
ISIC_0035163,external,data/processed/testset/images/ISIC_0035163.jpg,BKL,NV,4,1,0.9564365148544312,False
ISIC_0035164,vidir_molemax,data/processed/testset/images/ISIC_0035164.jpg,NV,NV,1,1,0.9999266862869263,True
ISIC_0035165,vidir_molemax,data/processed/testset/images/ISIC_0035165.jpg,NV,NV,1,1,0.9999854564666748,True
ISIC_0035166,rosendahl,data/processed/testset/images/ISIC_0035166.jpg,NV,NV,1,1,0.9902275800704956,True
ISIC_0035167,vidir_molemax,data/processed/testset/images/ISIC_0035167.jpg,NV,NV,1,1,0.9999758005142212,True
ISIC_0035168,vidir_molemax,data/processed/testset/images/ISIC_0035168.jpg,BKL,BKL,4,4,0.9999563694000244,True
ISIC_0035169,vidir_molemax,data/processed/testset/images/ISIC_0035169.jpg,NV,NV,1,1,0.999987006187439,True
ISIC_0035170,vidir_modern,data/processed/testset/images/ISIC_0035170.jpg,NV,NV,1,1,0.9952787160873413,True
ISIC_0035171,external,data/processed/testset/images/ISIC_0035171.jpg,BCC,AKIEC,2,3,0.6852139234542847,False
ISIC_0035172,vidir_molemax,data/processed/testset/images/ISIC_0035172.jpg,NV,NV,1,1,0.9998956918716431,True
ISIC_0035173,vidir_molemax,data/processed/testset/images/ISIC_0035173.jpg,NV,NV,1,1,0.9999697208404541,True
ISIC_0035175,vidir_molemax,data/processed/testset/images/ISIC_0035175.jpg,NV,NV,1,1,0.9999145269393921,True
ISIC_0035176,vidir_molemax,data/processed/testset/images/ISIC_0035176.jpg,NV,NV,1,1,0.999916672706604,True
ISIC_0035177,external,data/processed/testset/images/ISIC_0035177.jpg,MEL,MEL,0,0,0.98916095495224,True
ISIC_0035178,vienna_dias,data/processed/testset/images/ISIC_0035178.jpg,NV,MEL,1,0,0.547886848449707,False
ISIC_0035179,rosendahl,data/processed/testset/images/ISIC_0035179.jpg,BKL,BKL,4,4,0.99859219789505,True
ISIC_0035180,external,data/processed/testset/images/ISIC_0035180.jpg,BKL,BKL,4,4,0.9998348951339722,True
ISIC_0035181,vidir_molemax,data/processed/testset/images/ISIC_0035181.jpg,NV,NV,1,1,0.9999619722366333,True
ISIC_0035182,vidir_molemax,data/processed/testset/images/ISIC_0035182.jpg,NV,NV,1,1,0.9999449253082275,True
ISIC_0035184,vidir_molemax,data/processed/testset/images/ISIC_0035184.jpg,NV,NV,1,1,0.9999890327453613,True
ISIC_0035185,external,data/processed/testset/images/ISIC_0035185.jpg,BKL,BKL,4,4,0.5912496447563171,True
ISIC_0035186,rosendahl,data/processed/testset/images/ISIC_0035186.jpg,NV,AKIEC,1,3,0.612691342830658,False
ISIC_0035187,rosendahl,data/processed/testset/images/ISIC_0035187.jpg,NV,NV,1,1,0.9990418553352356,True
ISIC_0035188,vidir_molemax,data/processed/testset/images/ISIC_0035188.jpg,NV,NV,1,1,0.9999648332595825,True
ISIC_0035189,vidir_modern,data/processed/testset/images/ISIC_0035189.jpg,NV,NV,1,1,0.9998005032539368,True
ISIC_0035190,rosendahl,data/processed/testset/images/ISIC_0035190.jpg,BKL,AKIEC,4,3,0.9058415293693542,False
ISIC_0035191,vidir_molemax,data/processed/testset/images/ISIC_0035191.jpg,NV,NV,1,1,0.9995633959770203,True
ISIC_0035192,vidir_molemax,data/processed/testset/images/ISIC_0035192.jpg,NV,NV,1,1,0.9999351501464844,True
ISIC_0035193,vidir_molemax,data/processed/testset/images/ISIC_0035193.jpg,NV,NV,1,1,0.9998749494552612,True
ISIC_0035194,external,data/processed/testset/images/ISIC_0035194.jpg,VASC,VASC,6,6,0.9575529098510742,True
ISIC_0035195,vidir_molemax,data/processed/testset/images/ISIC_0035195.jpg,NV,NV,1,1,0.9999825954437256,True
ISIC_0035196,external,data/processed/testset/images/ISIC_0035196.jpg,MEL,MEL,0,0,0.924148440361023,True
ISIC_0035197,rosendahl,data/processed/testset/images/ISIC_0035197.jpg,NV,NV,1,1,0.69084233045578,True
ISIC_0035198,vidir_molemax,data/processed/testset/images/ISIC_0035198.jpg,NV,NV,1,1,0.9999397993087769,True
ISIC_0035199,rosendahl,data/processed/testset/images/ISIC_0035199.jpg,NV,BKL,1,4,0.655617892742157,False
ISIC_0035200,vienna_dias,data/processed/testset/images/ISIC_0035200.jpg,NV,NV,1,1,0.9954912066459656,True
ISIC_0035201,vidir_molemax,data/processed/testset/images/ISIC_0035201.jpg,NV,NV,1,1,0.9999608993530273,True
ISIC_0035202,vienna_dias,data/processed/testset/images/ISIC_0035202.jpg,BCC,BCC,2,2,0.9915589094161987,True
ISIC_0035204,vidir_molemax,data/processed/testset/images/ISIC_0035204.jpg,NV,NV,1,1,0.9990481734275818,True
ISIC_0035205,vidir_molemax,data/processed/testset/images/ISIC_0035205.jpg,NV,NV,1,1,0.9999730587005615,True
ISIC_0035206,external,data/processed/testset/images/ISIC_0035206.jpg,VASC,NV,6,1,0.9795644879341125,False
ISIC_0035207,vidir_modern,data/processed/testset/images/ISIC_0035207.jpg,MEL,BKL,0,4,0.9794394373893738,False
ISIC_0035208,vidir_molemax,data/processed/testset/images/ISIC_0035208.jpg,NV,NV,1,1,0.9996641874313354,True
ISIC_0035209,vidir_molemax,data/processed/testset/images/ISIC_0035209.jpg,NV,NV,1,1,0.9999439716339111,True
ISIC_0035210,rosendahl,data/processed/testset/images/ISIC_0035210.jpg,AKIEC,AKIEC,3,3,0.999708354473114,True
ISIC_0035211,vidir_molemax,data/processed/testset/images/ISIC_0035211.jpg,NV,NV,1,1,0.9999344348907471,True
ISIC_0035212,vidir_modern,data/processed/testset/images/ISIC_0035212.jpg,BKL,BKL,4,4,0.9990414977073669,True
ISIC_0035213,rosendahl,data/processed/testset/images/ISIC_0035213.jpg,NV,NV,1,1,0.9992324113845825,True
ISIC_0035214,vidir_molemax,data/processed/testset/images/ISIC_0035214.jpg,NV,NV,1,1,0.99994957447052,True
ISIC_0035215,vidir_molemax,data/processed/testset/images/ISIC_0035215.jpg,NV,NV,1,1,0.9999600648880005,True
ISIC_0035216,vidir_modern,data/processed/testset/images/ISIC_0035216.jpg,MEL,BCC,0,2,0.7727740406990051,False
ISIC_0035217,rosendahl,data/processed/testset/images/ISIC_0035217.jpg,NV,NV,1,1,0.8012133240699768,True
ISIC_0035218,rosendahl,data/processed/testset/images/ISIC_0035218.jpg,BKL,NV,4,1,0.9177769422531128,False
ISIC_0035219,vidir_molemax,data/processed/testset/images/ISIC_0035219.jpg,NV,NV,1,1,0.9999852180480957,True
ISIC_0035220,vidir_modern,data/processed/testset/images/ISIC_0035220.jpg,NV,NV,1,1,0.9799195528030396,True
ISIC_0035221,vidir_molemax,data/processed/testset/images/ISIC_0035221.jpg,NV,NV,1,1,0.999954104423523,True
ISIC_0035222,vidir_molemax,data/processed/testset/images/ISIC_0035222.jpg,NV,NV,1,1,0.9999634027481079,True
ISIC_0035223,vidir_molemax,data/processed/testset/images/ISIC_0035223.jpg,NV,NV,1,1,0.9999719858169556,True
ISIC_0035224,vidir_modern,data/processed/testset/images/ISIC_0035224.jpg,MEL,MEL,0,0,0.9609218835830688,True
ISIC_0035225,rosendahl,data/processed/testset/images/ISIC_0035225.jpg,NV,NV,1,1,0.9180344939231873,True
ISIC_0035226,external,data/processed/testset/images/ISIC_0035226.jpg,VASC,BKL,6,4,0.9436434507369995,False
ISIC_0035227,vidir_molemax,data/processed/testset/images/ISIC_0035227.jpg,NV,NV,1,1,0.9993950128555298,True
ISIC_0035228,vidir_molemax,data/processed/testset/images/ISIC_0035228.jpg,NV,NV,1,1,0.9999459981918335,True
ISIC_0035229,rosendahl,data/processed/testset/images/ISIC_0035229.jpg,MEL,MEL,0,0,0.7938498258590698,True
ISIC_0035230,vidir_molemax,data/processed/testset/images/ISIC_0035230.jpg,NV,NV,1,1,0.9999686479568481,True
ISIC_0035231,vidir_molemax,data/processed/testset/images/ISIC_0035231.jpg,NV,NV,1,1,0.999962329864502,True
ISIC_0035232,rosendahl,data/processed/testset/images/ISIC_0035232.jpg,MEL,MEL,0,0,0.6210569739341736,True
ISIC_0035233,vidir_molemax,data/processed/testset/images/ISIC_0035233.jpg,NV,NV,1,1,0.9999598264694214,True
ISIC_0035234,vidir_molemax,data/processed/testset/images/ISIC_0035234.jpg,NV,NV,1,1,0.999963641166687,True
ISIC_0035235,rosendahl,data/processed/testset/images/ISIC_0035235.jpg,NV,NV,1,1,0.9989720582962036,True
ISIC_0035236,vidir_modern,data/processed/testset/images/ISIC_0035236.jpg,NV,NV,1,1,0.6470218896865845,True
ISIC_0035237,vidir_molemax,data/processed/testset/images/ISIC_0035237.jpg,NV,NV,1,1,0.9999819993972778,True
ISIC_0035238,vidir_molemax,data/processed/testset/images/ISIC_0035238.jpg,NV,NV,1,1,0.9999220371246338,True
ISIC_0035239,external,data/processed/testset/images/ISIC_0035239.jpg,DF,DF,5,5,0.9997838139533997,True
ISIC_0035240,vidir_modern,data/processed/testset/images/ISIC_0035240.jpg,MEL,MEL,0,0,0.8359498381614685,True
ISIC_0035241,vidir_modern,data/processed/testset/images/ISIC_0035241.jpg,NV,NV,1,1,0.9994673132896423,True
ISIC_0035242,vidir_molemax,data/processed/testset/images/ISIC_0035242.jpg,NV,NV,1,1,0.999968409538269,True
ISIC_0035243,rosendahl,data/processed/testset/images/ISIC_0035243.jpg,BKL,BCC,4,2,0.4728560447692871,False
ISIC_0035244,vidir_molemax,data/processed/testset/images/ISIC_0035244.jpg,NV,NV,1,1,0.9998899698257446,True
ISIC_0035245,vidir_modern,data/processed/testset/images/ISIC_0035245.jpg,NV,BKL,1,4,0.93077552318573,False
ISIC_0035246,rosendahl,data/processed/testset/images/ISIC_0035246.jpg,NV,BKL,1,4,0.9832140207290649,False
ISIC_0035247,vidir_modern,data/processed/testset/images/ISIC_0035247.jpg,VASC,VASC,6,6,0.9999713897705078,True
ISIC_0035248,rosendahl,data/processed/testset/images/ISIC_0035248.jpg,MEL,MEL,0,0,0.7774890661239624,True
ISIC_0035250,rosendahl,data/processed/testset/images/ISIC_0035250.jpg,NV,NV,1,1,0.9542456865310669,True
ISIC_0035253,vidir_molemax,data/processed/testset/images/ISIC_0035253.jpg,NV,NV,1,1,0.9999712705612183,True
ISIC_0035254,rosendahl,data/processed/testset/images/ISIC_0035254.jpg,BCC,BCC,2,2,0.9998490810394287,True
ISIC_0035255,vidir_molemax,data/processed/testset/images/ISIC_0035255.jpg,NV,NV,1,1,0.9999221563339233,True
ISIC_0035256,vidir_molemax,data/processed/testset/images/ISIC_0035256.jpg,NV,NV,1,1,0.9999561309814453,True
ISIC_0035257,rosendahl,data/processed/testset/images/ISIC_0035257.jpg,NV,NV,1,1,0.9986971020698547,True
ISIC_0035258,vidir_modern,data/processed/testset/images/ISIC_0035258.jpg,BKL,BKL,4,4,0.999025821685791,True
ISIC_0035259,external,data/processed/testset/images/ISIC_0035259.jpg,DF,NV,5,1,0.9534934163093567,False
ISIC_0035260,vidir_molemax,data/processed/testset/images/ISIC_0035260.jpg,NV,NV,1,1,0.9999289512634277,True
ISIC_0035261,vidir_molemax,data/processed/testset/images/ISIC_0035261.jpg,BKL,BKL,4,4,0.7895036935806274,True
ISIC_0035262,vidir_modern,data/processed/testset/images/ISIC_0035262.jpg,BCC,BCC,2,2,0.9990854263305664,True
ISIC_0035263,external,data/processed/testset/images/ISIC_0035263.jpg,MEL,MEL,0,0,0.9994949102401733,True
ISIC_0035264,rosendahl,data/processed/testset/images/ISIC_0035264.jpg,BKL,BKL,4,4,0.7131770849227905,True
ISIC_0035265,rosendahl,data/processed/testset/images/ISIC_0035265.jpg,NV,DF,1,5,0.9783704876899719,False
ISIC_0035266,vidir_molemax,data/processed/testset/images/ISIC_0035266.jpg,NV,NV,1,1,0.9999628067016602,True
ISIC_0035267,rosendahl,data/processed/testset/images/ISIC_0035267.jpg,NV,NV,1,1,0.9630258679389954,True
ISIC_0035268,vidir_molemax,data/processed/testset/images/ISIC_0035268.jpg,NV,NV,1,1,0.9999657869338989,True
ISIC_0035270,vidir_modern,data/processed/testset/images/ISIC_0035270.jpg,BKL,BKL,4,4,0.9960632920265198,True
ISIC_0035271,rosendahl,data/processed/testset/images/ISIC_0035271.jpg,MEL,MEL,0,0,0.9768772125244141,True
ISIC_0035272,vidir_modern,data/processed/testset/images/ISIC_0035272.jpg,NV,NV,1,1,0.9993488192558289,True
ISIC_0035273,external,data/processed/testset/images/ISIC_0035273.jpg,NV,NV,1,1,0.9973179697990417,True
ISIC_0035274,vidir_molemax,data/processed/testset/images/ISIC_0035274.jpg,NV,NV,1,1,0.9999226331710815,True
ISIC_0035275,rosendahl,data/processed/testset/images/ISIC_0035275.jpg,NV,NV,1,1,0.9483898878097534,True
ISIC_0035276,vidir_modern,data/processed/testset/images/ISIC_0035276.jpg,DF,BCC,5,2,0.9260234832763672,False
ISIC_0035277,rosendahl,data/processed/testset/images/ISIC_0035277.jpg,BKL,AKIEC,4,3,0.8214883804321289,False
ISIC_0035278,vidir_molemax,data/processed/testset/images/ISIC_0035278.jpg,NV,NV,1,1,0.9999563694000244,True
ISIC_0035280,rosendahl,data/processed/testset/images/ISIC_0035280.jpg,MEL,AKIEC,0,3,0.716640293598175,False
ISIC_0035281,vidir_molemax,data/processed/testset/images/ISIC_0035281.jpg,NV,NV,1,1,0.9999350309371948,True
ISIC_0035282,vidir_molemax,data/processed/testset/images/ISIC_0035282.jpg,NV,NV,1,1,0.9999643564224243,True
ISIC_0035283,vidir_molemax,data/processed/testset/images/ISIC_0035283.jpg,NV,NV,1,1,0.9998657703399658,True
ISIC_0035284,rosendahl,data/processed/testset/images/ISIC_0035284.jpg,BKL,BKL,4,4,0.9998338222503662,True
ISIC_0035285,vidir_molemax,data/processed/testset/images/ISIC_0035285.jpg,NV,NV,1,1,0.9999717473983765,True
ISIC_0035286,vidir_molemax,data/processed/testset/images/ISIC_0035286.jpg,NV,NV,1,1,0.9999017715454102,True
ISIC_0035287,rosendahl,data/processed/testset/images/ISIC_0035287.jpg,AKIEC,AKIEC,3,3,0.9998735189437866,True
ISIC_0035288,vidir_molemax,data/processed/testset/images/ISIC_0035288.jpg,NV,NV,1,1,0.9999754428863525,True
ISIC_0035289,vidir_molemax,data/processed/testset/images/ISIC_0035289.jpg,NV,NV,1,1,0.9916200637817383,True
ISIC_0035290,rosendahl,data/processed/testset/images/ISIC_0035290.jpg,NV,BKL,1,4,0.6053684949874878,False
ISIC_0035291,rosendahl,data/processed/testset/images/ISIC_0035291.jpg,BCC,AKIEC,2,3,0.4491337835788727,False
ISIC_0035292,vidir_molemax,data/processed/testset/images/ISIC_0035292.jpg,NV,NV,1,1,0.9999769926071167,True
ISIC_0035293,rosendahl,data/processed/testset/images/ISIC_0035293.jpg,BKL,BKL,4,4,0.9999465942382812,True
ISIC_0035294,vidir_molemax,data/processed/testset/images/ISIC_0035294.jpg,NV,NV,1,1,0.9999704360961914,True
ISIC_0035295,vidir_modern,data/processed/testset/images/ISIC_0035295.jpg,NV,NV,1,1,0.9959847927093506,True
ISIC_0035296,vidir_modern,data/processed/testset/images/ISIC_0035296.jpg,NV,NV,1,1,0.9999018907546997,True
ISIC_0035297,vidir_molemax,data/processed/testset/images/ISIC_0035297.jpg,NV,NV,1,1,0.9999366998672485,True
ISIC_0035298,vidir_molemax,data/processed/testset/images/ISIC_0035298.jpg,NV,NV,1,1,0.9999740123748779,True
ISIC_0035299,vidir_molemax,data/processed/testset/images/ISIC_0035299.jpg,NV,NV,1,1,0.9998030066490173,True
ISIC_0035300,vidir_molemax,data/processed/testset/images/ISIC_0035300.jpg,NV,NV,1,1,0.9999735355377197,True
ISIC_0035301,vidir_molemax,data/processed/testset/images/ISIC_0035301.jpg,NV,NV,1,1,0.9998632669448853,True
ISIC_0035302,vidir_modern,data/processed/testset/images/ISIC_0035302.jpg,NV,BKL,1,4,0.926417350769043,False
ISIC_0035303,vidir_molemax,data/processed/testset/images/ISIC_0035303.jpg,NV,NV,1,1,0.99982088804245,True
ISIC_0035304,vidir_molemax,data/processed/testset/images/ISIC_0035304.jpg,NV,NV,1,1,0.9998401403427124,True
ISIC_0035305,vidir_modern,data/processed/testset/images/ISIC_0035305.jpg,BCC,BCC,2,2,0.9890336990356445,True
ISIC_0035306,rosendahl,data/processed/testset/images/ISIC_0035306.jpg,MEL,MEL,0,0,0.9716979265213013,True
ISIC_0035307,vidir_molemax,data/processed/testset/images/ISIC_0035307.jpg,NV,NV,1,1,0.9999344348907471,True
ISIC_0035308,rosendahl,data/processed/testset/images/ISIC_0035308.jpg,BCC,BCC,2,2,0.9999232292175293,True
ISIC_0035309,vidir_molemax,data/processed/testset/images/ISIC_0035309.jpg,NV,NV,1,1,0.9999499320983887,True
ISIC_0035310,vidir_modern,data/processed/testset/images/ISIC_0035310.jpg,BCC,BCC,2,2,0.998849630355835,True
ISIC_0035311,vidir_molemax,data/processed/testset/images/ISIC_0035311.jpg,NV,NV,1,1,0.9997239708900452,True
ISIC_0035312,vidir_molemax,data/processed/testset/images/ISIC_0035312.jpg,NV,NV,1,1,0.999967098236084,True
ISIC_0035313,rosendahl,data/processed/testset/images/ISIC_0035313.jpg,MEL,MEL,0,0,0.7848712205886841,True
ISIC_0035314,vidir_molemax,data/processed/testset/images/ISIC_0035314.jpg,NV,NV,1,1,0.9999616146087646,True
ISIC_0035315,vidir_molemax,data/processed/testset/images/ISIC_0035315.jpg,NV,NV,1,1,0.9997685551643372,True
ISIC_0035316,rosendahl,data/processed/testset/images/ISIC_0035316.jpg,BKL,BKL,4,4,0.9876768589019775,True
ISIC_0035317,rosendahl,data/processed/testset/images/ISIC_0035317.jpg,AKIEC,BKL,3,4,0.7489069700241089,False
ISIC_0035318,rosendahl,data/processed/testset/images/ISIC_0035318.jpg,BKL,BKL,4,4,0.8595545887947083,True
ISIC_0035319,vidir_molemax,data/processed/testset/images/ISIC_0035319.jpg,NV,NV,1,1,0.9996358156204224,True
ISIC_0035320,vidir_modern,data/processed/testset/images/ISIC_0035320.jpg,NV,NV,1,1,0.9979189038276672,True
ISIC_0035321,rosendahl,data/processed/testset/images/ISIC_0035321.jpg,BKL,BCC,4,2,0.9995269775390625,False
ISIC_0035322,vidir_modern,data/processed/testset/images/ISIC_0035322.jpg,BCC,AKIEC,2,3,0.8625566363334656,False
ISIC_0035323,vidir_molemax,data/processed/testset/images/ISIC_0035323.jpg,NV,NV,1,1,0.9999479055404663,True
ISIC_0035324,rosendahl,data/processed/testset/images/ISIC_0035324.jpg,NV,MEL,1,0,0.6939272284507751,False
ISIC_0035325,vidir_molemax,data/processed/testset/images/ISIC_0035325.jpg,NV,NV,1,1,0.9999862909317017,True
ISIC_0035326,rosendahl,data/processed/testset/images/ISIC_0035326.jpg,MEL,MEL,0,0,0.9962477087974548,True
ISIC_0035327,vienna_dias,data/processed/testset/images/ISIC_0035327.jpg,NV,NV,1,1,0.6792314648628235,True
ISIC_0035328,vidir_molemax,data/processed/testset/images/ISIC_0035328.jpg,NV,NV,1,1,0.9999333620071411,True
ISIC_0035329,vidir_molemax,data/processed/testset/images/ISIC_0035329.jpg,NV,NV,1,1,0.9999587535858154,True
ISIC_0035330,external,data/processed/testset/images/ISIC_0035330.jpg,AKIEC,AKIEC,3,3,0.9998164772987366,True
ISIC_0035331,rosendahl,data/processed/testset/images/ISIC_0035331.jpg,BKL,BKL,4,4,0.599991500377655,True
ISIC_0035332,rosendahl,data/processed/testset/images/ISIC_0035332.jpg,BCC,BCC,2,2,0.9995439648628235,True
ISIC_0035333,vidir_molemax,data/processed/testset/images/ISIC_0035333.jpg,NV,NV,1,1,0.9999738931655884,True
ISIC_0035334,external,data/processed/testset/images/ISIC_0035334.jpg,BCC,BCC,2,2,0.999830961227417,True
ISIC_0035335,vidir_molemax,data/processed/testset/images/ISIC_0035335.jpg,NV,NV,1,1,0.999955415725708,True
ISIC_0035336,rosendahl,data/processed/testset/images/ISIC_0035336.jpg,NV,NV,1,1,0.8849186897277832,True
ISIC_0035337,vidir_molemax,data/processed/testset/images/ISIC_0035337.jpg,NV,NV,1,1,0.9998952150344849,True
ISIC_0035338,vidir_molemax,data/processed/testset/images/ISIC_0035338.jpg,DF,DF,5,5,0.9996575117111206,True
ISIC_0035339,vidir_molemax,data/processed/testset/images/ISIC_0035339.jpg,NV,NV,1,1,0.9999594688415527,True
ISIC_0035340,rosendahl,data/processed/testset/images/ISIC_0035340.jpg,BKL,AKIEC,4,3,0.9403330683708191,False
ISIC_0035341,vidir_molemax,data/processed/testset/images/ISIC_0035341.jpg,NV,NV,1,1,0.9999796152114868,True
ISIC_0035342,vidir_molemax,data/processed/testset/images/ISIC_0035342.jpg,NV,NV,1,1,0.9999781847000122,True
ISIC_0035343,rosendahl,data/processed/testset/images/ISIC_0035343.jpg,NV,NV,1,1,0.9637317061424255,True
ISIC_0035344,vidir_molemax,data/processed/testset/images/ISIC_0035344.jpg,NV,NV,1,1,0.9999772310256958,True
ISIC_0035345,vidir_modern,data/processed/testset/images/ISIC_0035345.jpg,MEL,MEL,0,0,0.8151741027832031,True
ISIC_0035346,external,data/processed/testset/images/ISIC_0035346.jpg,NV,MEL,1,0,0.9288919568061829,False
ISIC_0035347,vidir_molemax,data/processed/testset/images/ISIC_0035347.jpg,NV,NV,1,1,0.9999573230743408,True
ISIC_0035348,rosendahl,data/processed/testset/images/ISIC_0035348.jpg,AKIEC,AKIEC,3,3,0.9900015592575073,True
ISIC_0035349,external,data/processed/testset/images/ISIC_0035349.jpg,NV,NV,1,1,0.9959968328475952,True
ISIC_0035350,vidir_molemax,data/processed/testset/images/ISIC_0035350.jpg,NV,NV,1,1,0.9999303817749023,True
ISIC_0035351,rosendahl,data/processed/testset/images/ISIC_0035351.jpg,MEL,BKL,0,4,0.871406078338623,False
ISIC_0035352,vidir_molemax,data/processed/testset/images/ISIC_0035352.jpg,NV,NV,1,1,0.9999841451644897,True
ISIC_0035353,vidir_molemax,data/processed/testset/images/ISIC_0035353.jpg,NV,NV,1,1,0.9999819993972778,True
ISIC_0035354,vidir_molemax,data/processed/testset/images/ISIC_0035354.jpg,NV,NV,1,1,0.999968409538269,True
ISIC_0035355,vidir_modern,data/processed/testset/images/ISIC_0035355.jpg,BCC,BCC,2,2,0.999546468257904,True
ISIC_0035356,vidir_modern,data/processed/testset/images/ISIC_0035356.jpg,NV,NV,1,1,0.9922257661819458,True
ISIC_0035357,rosendahl,data/processed/testset/images/ISIC_0035357.jpg,BCC,BCC,2,2,0.9945375323295593,True
ISIC_0035358,vidir_molemax,data/processed/testset/images/ISIC_0035358.jpg,NV,NV,1,1,0.9999059438705444,True
ISIC_0035359,vidir_molemax,data/processed/testset/images/ISIC_0035359.jpg,NV,NV,1,1,0.9999713897705078,True
ISIC_0035360,vidir_molemax,data/processed/testset/images/ISIC_0035360.jpg,DF,DF,5,5,0.9708319902420044,True
ISIC_0035361,vidir_molemax,data/processed/testset/images/ISIC_0035361.jpg,NV,NV,1,1,0.9999345541000366,True
ISIC_0035362,vidir_modern,data/processed/testset/images/ISIC_0035362.jpg,MEL,BKL,0,4,0.9777933955192566,False
ISIC_0035363,vidir_molemax,data/processed/testset/images/ISIC_0035363.jpg,NV,NV,1,1,0.9999876022338867,True
ISIC_0035364,rosendahl,data/processed/testset/images/ISIC_0035364.jpg,BKL,AKIEC,4,3,0.9969813227653503,False
ISIC_0035365,vidir_molemax,data/processed/testset/images/ISIC_0035365.jpg,NV,NV,1,1,0.9999854564666748,True
ISIC_0035366,rosendahl,data/processed/testset/images/ISIC_0035366.jpg,MEL,AKIEC,0,3,0.6899964809417725,False
ISIC_0035367,vidir_molemax,data/processed/testset/images/ISIC_0035367.jpg,NV,NV,1,1,0.9999659061431885,True
ISIC_0035368,rosendahl,data/processed/testset/images/ISIC_0035368.jpg,AKIEC,NV,3,1,0.9491749405860901,False
ISIC_0035369,vidir_molemax,data/processed/testset/images/ISIC_0035369.jpg,NV,NV,1,1,0.9999526739120483,True
ISIC_0035370,vidir_modern,data/processed/testset/images/ISIC_0035370.jpg,NV,NV,1,1,0.8752691149711609,True
ISIC_0035372,rosendahl,data/processed/testset/images/ISIC_0035372.jpg,AKIEC,AKIEC,3,3,0.9999526739120483,True
ISIC_0035373,vidir_modern,data/processed/testset/images/ISIC_0035373.jpg,NV,NV,1,1,0.9308945536613464,True
ISIC_0035374,external,data/processed/testset/images/ISIC_0035374.jpg,BCC,NV,2,1,0.9761571288108826,False
ISIC_0035375,vidir_molemax,data/processed/testset/images/ISIC_0035375.jpg,NV,NV,1,1,0.9999551773071289,True
ISIC_0035376,rosendahl,data/processed/testset/images/ISIC_0035376.jpg,AKIEC,AKIEC,3,3,0.9948679208755493,True
ISIC_0035377,vidir_molemax,data/processed/testset/images/ISIC_0035377.jpg,NV,NV,1,1,0.9999111890792847,True
ISIC_0035378,external,data/processed/testset/images/ISIC_0035378.jpg,NV,NV,1,1,0.9812563061714172,True
ISIC_0035379,vidir_molemax,data/processed/testset/images/ISIC_0035379.jpg,NV,NV,1,1,0.99945467710495,True
ISIC_0035380,vidir_molemax,data/processed/testset/images/ISIC_0035380.jpg,NV,NV,1,1,0.9999102354049683,True
ISIC_0035381,rosendahl,data/processed/testset/images/ISIC_0035381.jpg,NV,NV,1,1,0.9724652767181396,True
ISIC_0035382,vidir_molemax,data/processed/testset/images/ISIC_0035382.jpg,NV,NV,1,1,0.9999474287033081,True
ISIC_0035383,vidir_molemax,data/processed/testset/images/ISIC_0035383.jpg,NV,NV,1,1,0.999964714050293,True
ISIC_0035384,vidir_molemax,data/processed/testset/images/ISIC_0035384.jpg,NV,NV,1,1,0.999883770942688,True
ISIC_0035385,vidir_modern,data/processed/testset/images/ISIC_0035385.jpg,NV,NV,1,1,0.9998549222946167,True
ISIC_0035386,vidir_molemax,data/processed/testset/images/ISIC_0035386.jpg,NV,NV,1,1,0.999974250793457,True
ISIC_0035387,external,data/processed/testset/images/ISIC_0035387.jpg,NV,NV,1,1,0.9926958084106445,True
ISIC_0035388,external,data/processed/testset/images/ISIC_0035388.jpg,BKL,BKL,4,4,0.9998598098754883,True
ISIC_0035389,rosendahl,data/processed/testset/images/ISIC_0035389.jpg,BCC,BCC,2,2,0.9737377762794495,True
ISIC_0035390,external,data/processed/testset/images/ISIC_0035390.jpg,NV,NV,1,1,0.9872294664382935,True
ISIC_0035391,vidir_modern,data/processed/testset/images/ISIC_0035391.jpg,BKL,BKL,4,4,0.999249279499054,True
ISIC_0035392,vidir_modern,data/processed/testset/images/ISIC_0035392.jpg,NV,NV,1,1,0.998524010181427,True
ISIC_0035393,rosendahl,data/processed/testset/images/ISIC_0035393.jpg,MEL,MEL,0,0,0.7528668642044067,True
ISIC_0035394,external,data/processed/testset/images/ISIC_0035394.jpg,NV,MEL,1,0,0.75547194480896,False
ISIC_0035395,external,data/processed/testset/images/ISIC_0035395.jpg,NV,NV,1,1,0.9966776371002197,True
ISIC_0035396,vidir_molemax,data/processed/testset/images/ISIC_0035396.jpg,NV,NV,1,1,0.9999784231185913,True
ISIC_0035397,vidir_modern,data/processed/testset/images/ISIC_0035397.jpg,MEL,MEL,0,0,0.9741203188896179,True
ISIC_0035398,rosendahl,data/processed/testset/images/ISIC_0035398.jpg,NV,MEL,1,0,0.876431941986084,False
ISIC_0035399,rosendahl,data/processed/testset/images/ISIC_0035399.jpg,NV,NV,1,1,0.9986349940299988,True
ISIC_0035400,vidir_molemax,data/processed/testset/images/ISIC_0035400.jpg,NV,NV,1,1,0.9999334812164307,True
ISIC_0035401,external,data/processed/testset/images/ISIC_0035401.jpg,NV,NV,1,1,0.99594646692276,True
ISIC_0035402,vidir_molemax,data/processed/testset/images/ISIC_0035402.jpg,NV,NV,1,1,0.9999634027481079,True
ISIC_0035403,rosendahl,data/processed/testset/images/ISIC_0035403.jpg,BKL,MEL,4,0,0.9638601541519165,False
ISIC_0035404,vidir_molemax,data/processed/testset/images/ISIC_0035404.jpg,NV,NV,1,1,0.9999746084213257,True
ISIC_0035405,external,data/processed/testset/images/ISIC_0035405.jpg,NV,NV,1,1,0.9960066676139832,True
ISIC_0035406,vidir_modern,data/processed/testset/images/ISIC_0035406.jpg,MEL,MEL,0,0,0.9824728965759277,True
ISIC_0035407,vidir_molemax,data/processed/testset/images/ISIC_0035407.jpg,NV,NV,1,1,0.9998418092727661,True
ISIC_0035408,vidir_molemax,data/processed/testset/images/ISIC_0035408.jpg,NV,NV,1,1,0.9999793767929077,True
ISIC_0035409,vidir_molemax,data/processed/testset/images/ISIC_0035409.jpg,NV,NV,1,1,0.9999216794967651,True
ISIC_0035410,vidir_modern,data/processed/testset/images/ISIC_0035410.jpg,NV,NV,1,1,0.9909867644309998,True
ISIC_0035411,vidir_molemax,data/processed/testset/images/ISIC_0035411.jpg,NV,NV,1,1,0.9999327659606934,True
ISIC_0035412,vidir_molemax,data/processed/testset/images/ISIC_0035412.jpg,NV,NV,1,1,0.9999790191650391,True
ISIC_0035413,vidir_molemax,data/processed/testset/images/ISIC_0035413.jpg,NV,NV,1,1,0.999847412109375,True
ISIC_0035414,rosendahl,data/processed/testset/images/ISIC_0035414.jpg,MEL,MEL,0,0,0.9362685680389404,True
ISIC_0035415,vidir_modern,data/processed/testset/images/ISIC_0035415.jpg,BCC,BCC,2,2,0.9992043375968933,True
ISIC_0035416,vidir_molemax,data/processed/testset/images/ISIC_0035416.jpg,BKL,BKL,4,4,0.9998458623886108,True
ISIC_0035417,vidir_modern,data/processed/testset/images/ISIC_0035417.jpg,NV,NV,1,1,0.9991763234138489,True
ISIC_0035418,vienna_dias,data/processed/testset/images/ISIC_0035418.jpg,NV,NV,1,1,0.9983431100845337,True
ISIC_0035419,vidir_modern,data/processed/testset/images/ISIC_0035419.jpg,NV,NV,1,1,0.9974938631057739,True
ISIC_0035420,vidir_modern,data/processed/testset/images/ISIC_0035420.jpg,MEL,MEL,0,0,0.9904372096061707,True
ISIC_0035421,rosendahl,data/processed/testset/images/ISIC_0035421.jpg,AKIEC,AKIEC,3,3,0.9963195323944092,True
ISIC_0035422,vidir_molemax,data/processed/testset/images/ISIC_0035422.jpg,NV,NV,1,1,0.9999412298202515,True
ISIC_0035423,rosendahl,data/processed/testset/images/ISIC_0035423.jpg,NV,BKL,1,4,0.9884446859359741,False
ISIC_0035425,vidir_modern,data/processed/testset/images/ISIC_0035425.jpg,NV,MEL,1,0,0.7174357771873474,False
ISIC_0035427,vidir_molemax,data/processed/testset/images/ISIC_0035427.jpg,NV,NV,1,1,0.999060332775116,True
ISIC_0035428,vidir_molemax,data/processed/testset/images/ISIC_0035428.jpg,NV,NV,1,1,0.9999736547470093,True
ISIC_0035429,vidir_molemax,data/processed/testset/images/ISIC_0035429.jpg,NV,NV,1,1,0.999744713306427,True
ISIC_0035430,rosendahl,data/processed/testset/images/ISIC_0035430.jpg,MEL,MEL,0,0,0.5476155877113342,True
ISIC_0035431,vidir_molemax,data/processed/testset/images/ISIC_0035431.jpg,NV,NV,1,1,0.976081907749176,True
ISIC_0035432,vidir_modern,data/processed/testset/images/ISIC_0035432.jpg,BCC,BKL,2,4,0.8383311629295349,False
ISIC_0035433,rosendahl,data/processed/testset/images/ISIC_0035433.jpg,NV,AKIEC,1,3,0.5159385204315186,False
ISIC_0035434,external,data/processed/testset/images/ISIC_0035434.jpg,MEL,MEL,0,0,0.9863935112953186,True
ISIC_0035435,vidir_molemax,data/processed/testset/images/ISIC_0035435.jpg,NV,NV,1,1,0.9977053999900818,True
ISIC_0035436,rosendahl,data/processed/testset/images/ISIC_0035436.jpg,BKL,BKL,4,4,0.8474685549736023,True
ISIC_0035437,vidir_molemax,data/processed/testset/images/ISIC_0035437.jpg,NV,NV,1,1,0.999956488609314,True
ISIC_0035438,vidir_molemax,data/processed/testset/images/ISIC_0035438.jpg,NV,NV,1,1,0.9999250173568726,True
ISIC_0035439,external,data/processed/testset/images/ISIC_0035439.jpg,DF,DF,5,5,0.9998360872268677,True
ISIC_0035440,external,data/processed/testset/images/ISIC_0035440.jpg,DF,NV,5,1,0.9956461787223816,False
ISIC_0035441,vidir_molemax,data/processed/testset/images/ISIC_0035441.jpg,NV,NV,1,1,0.9999260902404785,True
ISIC_0035442,external,data/processed/testset/images/ISIC_0035442.jpg,NV,NV,1,1,0.999052107334137,True
ISIC_0035443,rosendahl,data/processed/testset/images/ISIC_0035443.jpg,AKIEC,AKIEC,3,3,0.9519268870353699,True
ISIC_0035444,rosendahl,data/processed/testset/images/ISIC_0035444.jpg,NV,NV,1,1,0.9953835606575012,True
ISIC_0035445,vidir_molemax,data/processed/testset/images/ISIC_0035445.jpg,NV,NV,1,1,0.9994551539421082,True
ISIC_0035446,vidir_modern,data/processed/testset/images/ISIC_0035446.jpg,BCC,BCC,2,2,0.9699587821960449,True
ISIC_0035447,vidir_modern,data/processed/testset/images/ISIC_0035447.jpg,NV,NV,1,1,0.9914426207542419,True
ISIC_0035448,vidir_molemax,data/processed/testset/images/ISIC_0035448.jpg,NV,NV,1,1,0.9999464750289917,True
ISIC_0035449,external,data/processed/testset/images/ISIC_0035449.jpg,NV,NV,1,1,0.9953437447547913,True
ISIC_0035450,vidir_modern,data/processed/testset/images/ISIC_0035450.jpg,BCC,AKIEC,2,3,0.3703044056892395,False
ISIC_0035451,vidir_molemax,data/processed/testset/images/ISIC_0035451.jpg,BKL,BKL,4,4,0.9998083710670471,True
ISIC_0035452,vidir_molemax,data/processed/testset/images/ISIC_0035452.jpg,NV,NV,1,1,0.9961165189743042,True
ISIC_0035453,vidir_molemax,data/processed/testset/images/ISIC_0035453.jpg,NV,NV,1,1,0.9999641180038452,True
ISIC_0035454,external,data/processed/testset/images/ISIC_0035454.jpg,DF,DF,5,5,0.9997838139533997,True
ISIC_0035455,vidir_modern,data/processed/testset/images/ISIC_0035455.jpg,NV,NV,1,1,0.9238255023956299,True
ISIC_0035456,vidir_modern,data/processed/testset/images/ISIC_0035456.jpg,NV,NV,1,1,0.99931800365448,True
ISIC_0035457,rosendahl,data/processed/testset/images/ISIC_0035457.jpg,NV,AKIEC,1,3,0.7992780208587646,False
ISIC_0035458,vidir_modern,data/processed/testset/images/ISIC_0035458.jpg,NV,BKL,1,4,0.9389320015907288,False
ISIC_0035459,vidir_modern,data/processed/testset/images/ISIC_0035459.jpg,MEL,MEL,0,0,0.964804470539093,True
ISIC_0035460,rosendahl,data/processed/testset/images/ISIC_0035460.jpg,MEL,MEL,0,0,0.988091230392456,True
ISIC_0035461,vidir_molemax,data/processed/testset/images/ISIC_0035461.jpg,NV,NV,1,1,0.9999535083770752,True
ISIC_0035462,rosendahl,data/processed/testset/images/ISIC_0035462.jpg,MEL,MEL,0,0,0.999460756778717,True
ISIC_0035463,rosendahl,data/processed/testset/images/ISIC_0035463.jpg,BKL,BKL,4,4,0.998867392539978,True
ISIC_0035464,external,data/processed/testset/images/ISIC_0035464.jpg,BKL,BKL,4,4,0.99442058801651,True
ISIC_0035465,rosendahl,data/processed/testset/images/ISIC_0035465.jpg,NV,AKIEC,1,3,0.9887058734893799,False
ISIC_0035466,rosendahl,data/processed/testset/images/ISIC_0035466.jpg,BKL,AKIEC,4,3,0.9961138963699341,False
ISIC_0035467,vidir_molemax,data/processed/testset/images/ISIC_0035467.jpg,NV,NV,1,1,0.9999704360961914,True
ISIC_0035468,vidir_modern,data/processed/testset/images/ISIC_0035468.jpg,BCC,BCC,2,2,0.9863552451133728,True
ISIC_0035469,vidir_molemax,data/processed/testset/images/ISIC_0035469.jpg,NV,NV,1,1,0.9999542236328125,True
ISIC_0035470,vidir_molemax,data/processed/testset/images/ISIC_0035470.jpg,NV,NV,1,1,0.9999648332595825,True
ISIC_0035471,external,data/processed/testset/images/ISIC_0035471.jpg,BKL,NV,4,1,0.5795846581459045,False
ISIC_0035472,rosendahl,data/processed/testset/images/ISIC_0035472.jpg,BKL,BKL,4,4,0.9995604157447815,True
ISIC_0035473,vidir_molemax,data/processed/testset/images/ISIC_0035473.jpg,NV,NV,1,1,0.9996594190597534,True
ISIC_0035474,external,data/processed/testset/images/ISIC_0035474.jpg,NV,NV,1,1,0.9896745085716248,True
ISIC_0035475,vidir_molemax,data/processed/testset/images/ISIC_0035475.jpg,VASC,VASC,6,6,0.8913015127182007,True
ISIC_0035476,vidir_molemax,data/processed/testset/images/ISIC_0035476.jpg,NV,NV,1,1,0.9999828338623047,True
ISIC_0035477,vidir_molemax,data/processed/testset/images/ISIC_0035477.jpg,NV,NV,1,1,0.9999481439590454,True
ISIC_0035478,rosendahl,data/processed/testset/images/ISIC_0035478.jpg,MEL,MEL,0,0,0.9540573954582214,True
ISIC_0035479,vidir_molemax,data/processed/testset/images/ISIC_0035479.jpg,NV,NV,1,1,0.9999741315841675,True
ISIC_0035480,vidir_molemax,data/processed/testset/images/ISIC_0035480.jpg,NV,NV,1,1,0.9999717473983765,True
ISIC_0035481,vidir_modern,data/processed/testset/images/ISIC_0035481.jpg,NV,NV,1,1,0.9498887062072754,True
ISIC_0035482,vidir_molemax,data/processed/testset/images/ISIC_0035482.jpg,NV,NV,1,1,0.999945878982544,True
ISIC_0035483,vidir_molemax,data/processed/testset/images/ISIC_0035483.jpg,NV,NV,1,1,0.9999803304672241,True
ISIC_0035484,vidir_modern,data/processed/testset/images/ISIC_0035484.jpg,NV,NV,1,1,0.9617370367050171,True
ISIC_0035485,rosendahl,data/processed/testset/images/ISIC_0035485.jpg,NV,NV,1,1,0.7731515765190125,True
ISIC_0035486,vidir_modern,data/processed/testset/images/ISIC_0035486.jpg,MEL,MEL,0,0,0.9992256164550781,True
ISIC_0035487,rosendahl,data/processed/testset/images/ISIC_0035487.jpg,BKL,BKL,4,4,0.7936748266220093,True
ISIC_0035488,vidir_molemax,data/processed/testset/images/ISIC_0035488.jpg,NV,NV,1,1,0.9991512298583984,True
ISIC_0035489,vidir_modern,data/processed/testset/images/ISIC_0035489.jpg,NV,NV,1,1,0.9807975888252258,True
ISIC_0035490,rosendahl,data/processed/testset/images/ISIC_0035490.jpg,BCC,NV,2,1,0.4870358407497406,False
ISIC_0035491,vidir_modern,data/processed/testset/images/ISIC_0035491.jpg,NV,NV,1,1,0.8812661170959473,True
ISIC_0035492,vidir_molemax,data/processed/testset/images/ISIC_0035492.jpg,NV,NV,1,1,0.9999632835388184,True
ISIC_0035493,rosendahl,data/processed/testset/images/ISIC_0035493.jpg,NV,NV,1,1,0.9996269941329956,True
ISIC_0035494,rosendahl,data/processed/testset/images/ISIC_0035494.jpg,NV,NV,1,1,0.9799664616584778,True
ISIC_0035495,vidir_molemax,data/processed/testset/images/ISIC_0035495.jpg,NV,NV,1,1,0.9997524619102478,True
ISIC_0035496,vidir_molemax,data/processed/testset/images/ISIC_0035496.jpg,NV,NV,1,1,0.9999790191650391,True
ISIC_0035497,vidir_molemax,data/processed/testset/images/ISIC_0035497.jpg,NV,NV,1,1,0.9999603033065796,True
ISIC_0035498,vidir_molemax,data/processed/testset/images/ISIC_0035498.jpg,NV,NV,1,1,0.9999392032623291,True
ISIC_0035499,vidir_molemax,data/processed/testset/images/ISIC_0035499.jpg,NV,NV,1,1,0.999968409538269,True
ISIC_0035500,vidir_molemax,data/processed/testset/images/ISIC_0035500.jpg,NV,NV,1,1,0.999962329864502,True
ISIC_0035501,vidir_molemax,data/processed/testset/images/ISIC_0035501.jpg,NV,NV,1,1,0.9999793767929077,True
ISIC_0035503,vidir_molemax,data/processed/testset/images/ISIC_0035503.jpg,NV,NV,1,1,0.9998558759689331,True
ISIC_0035504,rosendahl,data/processed/testset/images/ISIC_0035504.jpg,BKL,MEL,4,0,0.7929086685180664,False
ISIC_0035505,vidir_modern,data/processed/testset/images/ISIC_0035505.jpg,MEL,MEL,0,0,0.5590358376502991,True
ISIC_0035506,vidir_molemax,data/processed/testset/images/ISIC_0035506.jpg,NV,NV,1,1,0.9999386072158813,True
ISIC_0035507,vidir_molemax,data/processed/testset/images/ISIC_0035507.jpg,NV,NV,1,1,0.9999626874923706,True
ISIC_0035508,vidir_molemax,data/processed/testset/images/ISIC_0035508.jpg,NV,NV,1,1,0.9999293088912964,True
ISIC_0035509,external,data/processed/testset/images/ISIC_0035509.jpg,NV,NV,1,1,0.627146303653717,True
ISIC_0035510,external,data/processed/testset/images/ISIC_0035510.jpg,MEL,MEL,0,0,0.9794864654541016,True
ISIC_0035511,vidir_modern,data/processed/testset/images/ISIC_0035511.jpg,BKL,NV,4,1,0.9980413913726807,False
ISIC_0035512,vidir_molemax,data/processed/testset/images/ISIC_0035512.jpg,NV,NV,1,1,0.9999676942825317,True
ISIC_0035513,vidir_molemax,data/processed/testset/images/ISIC_0035513.jpg,NV,NV,1,1,0.998941957950592,True
ISIC_0035515,vidir_modern,data/processed/testset/images/ISIC_0035515.jpg,NV,NV,1,1,0.9997466206550598,True
ISIC_0035516,rosendahl,data/processed/testset/images/ISIC_0035516.jpg,NV,NV,1,1,0.9708467125892639,True
ISIC_0035517,rosendahl,data/processed/testset/images/ISIC_0035517.jpg,BKL,AKIEC,4,3,0.726896345615387,False
ISIC_0035518,rosendahl,data/processed/testset/images/ISIC_0035518.jpg,NV,NV,1,1,0.9998922348022461,True
ISIC_0035519,vidir_molemax,data/processed/testset/images/ISIC_0035519.jpg,NV,NV,1,1,0.9999707937240601,True
ISIC_0035520,vidir_modern,data/processed/testset/images/ISIC_0035520.jpg,NV,NV,1,1,0.983384370803833,True
ISIC_0035521,rosendahl,data/processed/testset/images/ISIC_0035521.jpg,NV,NV,1,1,0.9988939166069031,True
ISIC_0035522,vidir_modern,data/processed/testset/images/ISIC_0035522.jpg,MEL,MEL,0,0,0.6933304667472839,True
ISIC_0035523,vidir_molemax,data/processed/testset/images/ISIC_0035523.jpg,NV,NV,1,1,0.9999613761901855,True
ISIC_0035524,vidir_molemax,data/processed/testset/images/ISIC_0035524.jpg,NV,NV,1,1,0.9999769926071167,True
ISIC_0035525,rosendahl,data/processed/testset/images/ISIC_0035525.jpg,MEL,NV,0,1,0.9597955346107483,False
ISIC_0035526,vidir_molemax,data/processed/testset/images/ISIC_0035526.jpg,NV,NV,1,1,0.9992951154708862,True
ISIC_0035527,rosendahl,data/processed/testset/images/ISIC_0035527.jpg,NV,BCC,1,2,0.9255358576774597,False
ISIC_0035528,vidir_modern,data/processed/testset/images/ISIC_0035528.jpg,NV,NV,1,1,0.9970552921295166,True
ISIC_0035529,vidir_molemax,data/processed/testset/images/ISIC_0035529.jpg,NV,NV,1,1,0.9999655485153198,True
ISIC_0035530,vidir_molemax,data/processed/testset/images/ISIC_0035530.jpg,NV,NV,1,1,0.9999815225601196,True
ISIC_0035531,vidir_molemax,data/processed/testset/images/ISIC_0035531.jpg,NV,NV,1,1,0.9999363422393799,True
ISIC_0035532,vidir_molemax,data/processed/testset/images/ISIC_0035532.jpg,NV,NV,1,1,0.9998775720596313,True
ISIC_0035533,external,data/processed/testset/images/ISIC_0035533.jpg,BKL,BKL,4,4,0.7186607718467712,True
ISIC_0035534,vidir_molemax,data/processed/testset/images/ISIC_0035534.jpg,NV,NV,1,1,0.9999622106552124,True
ISIC_0035535,external,data/processed/testset/images/ISIC_0035535.jpg,NV,NV,1,1,0.8727408647537231,True
ISIC_0035536,vidir_molemax,data/processed/testset/images/ISIC_0035536.jpg,NV,NV,1,1,0.9999707937240601,True
ISIC_0035537,vidir_molemax,data/processed/testset/images/ISIC_0035537.jpg,NV,NV,1,1,0.9994015693664551,True
ISIC_0035538,rosendahl,data/processed/testset/images/ISIC_0035538.jpg,BKL,NV,4,1,0.9981064796447754,False
ISIC_0035539,vidir_molemax,data/processed/testset/images/ISIC_0035539.jpg,NV,NV,1,1,0.999904990196228,True
ISIC_0035540,vidir_molemax,data/processed/testset/images/ISIC_0035540.jpg,NV,NV,1,1,0.9999678134918213,True
ISIC_0035541,vidir_molemax,data/processed/testset/images/ISIC_0035541.jpg,NV,NV,1,1,0.9997571110725403,True
ISIC_0035542,vidir_molemax,data/processed/testset/images/ISIC_0035542.jpg,NV,NV,1,1,0.9999452829360962,True
ISIC_0035543,vidir_modern,data/processed/testset/images/ISIC_0035543.jpg,NV,NV,1,1,0.9968313574790955,True
ISIC_0035544,vidir_molemax,data/processed/testset/images/ISIC_0035544.jpg,NV,NV,1,1,0.9999630451202393,True
ISIC_0035545,vidir_modern,data/processed/testset/images/ISIC_0035545.jpg,NV,NV,1,1,0.9848015904426575,True
ISIC_0035546,vidir_molemax,data/processed/testset/images/ISIC_0035546.jpg,NV,NV,1,1,0.9999544620513916,True
ISIC_0035547,rosendahl,data/processed/testset/images/ISIC_0035547.jpg,BCC,BCC,2,2,0.9999401569366455,True
ISIC_0035548,vidir_molemax,data/processed/testset/images/ISIC_0035548.jpg,NV,NV,1,1,0.9999604225158691,True
ISIC_0035550,vidir_modern,data/processed/testset/images/ISIC_0035550.jpg,MEL,MEL,0,0,0.9660847783088684,True
ISIC_0035551,vidir_molemax,data/processed/testset/images/ISIC_0035551.jpg,NV,NV,1,1,0.9999778270721436,True
ISIC_0035552,vidir_molemax,data/processed/testset/images/ISIC_0035552.jpg,DF,DF,5,5,0.9978703260421753,True
ISIC_0035553,external,data/processed/testset/images/ISIC_0035553.jpg,AKIEC,AKIEC,3,3,0.667344331741333,True
ISIC_0035554,vidir_modern,data/processed/testset/images/ISIC_0035554.jpg,NV,NV,1,1,0.9870957136154175,True
ISIC_0035555,rosendahl,data/processed/testset/images/ISIC_0035555.jpg,NV,NV,1,1,0.999556839466095,True
ISIC_0035556,external,data/processed/testset/images/ISIC_0035556.jpg,BKL,NV,4,1,0.6619004011154175,False
ISIC_0035557,external,data/processed/testset/images/ISIC_0035557.jpg,NV,NV,1,1,0.8732121586799622,True
ISIC_0035558,external,data/processed/testset/images/ISIC_0035558.jpg,MEL,NV,0,1,0.7384031414985657,False
ISIC_0035559,vidir_molemax,data/processed/testset/images/ISIC_0035559.jpg,NV,NV,1,1,0.9999828338623047,True
ISIC_0035560,vidir_molemax,data/processed/testset/images/ISIC_0035560.jpg,NV,NV,1,1,0.9999667406082153,True
ISIC_0035561,vidir_modern,data/processed/testset/images/ISIC_0035561.jpg,MEL,MEL,0,0,0.8259283304214478,True
ISIC_0035562,rosendahl,data/processed/testset/images/ISIC_0035562.jpg,MEL,MEL,0,0,0.9933564066886902,True
ISIC_0035563,vidir_molemax,data/processed/testset/images/ISIC_0035563.jpg,NV,NV,1,1,0.9999737739562988,True
ISIC_0035564,external,data/processed/testset/images/ISIC_0035564.jpg,BKL,MEL,4,0,0.5666786432266235,False
ISIC_0035565,vidir_molemax,data/processed/testset/images/ISIC_0035565.jpg,NV,NV,1,1,0.9999184608459473,True
ISIC_0035566,vidir_molemax,data/processed/testset/images/ISIC_0035566.jpg,NV,NV,1,1,0.9999068975448608,True
ISIC_0035567,vidir_molemax,data/processed/testset/images/ISIC_0035567.jpg,NV,NV,1,1,0.9998099207878113,True
ISIC_0035568,vidir_molemax,data/processed/testset/images/ISIC_0035568.jpg,NV,NV,1,1,0.999968409538269,True
ISIC_0035569,vidir_molemax,data/processed/testset/images/ISIC_0035569.jpg,NV,NV,1,1,0.9999645948410034,True
ISIC_0035570,vidir_modern,data/processed/testset/images/ISIC_0035570.jpg,BKL,BKL,4,4,0.9941211342811584,True
ISIC_0035571,vidir_modern,data/processed/testset/images/ISIC_0035571.jpg,NV,MEL,1,0,0.7257813215255737,False
ISIC_0035572,vidir_molemax,data/processed/testset/images/ISIC_0035572.jpg,NV,NV,1,1,0.9996243715286255,True
ISIC_0035573,vidir_modern,data/processed/testset/images/ISIC_0035573.jpg,NV,NV,1,1,0.998254120349884,True
ISIC_0035574,external,data/processed/testset/images/ISIC_0035574.jpg,NV,NV,1,1,0.6938255429267883,True
ISIC_0035575,vidir_molemax,data/processed/testset/images/ISIC_0035575.jpg,NV,NV,1,1,0.9927886128425598,True
ISIC_0035576,vidir_molemax,data/processed/testset/images/ISIC_0035576.jpg,NV,NV,1,1,0.9998507499694824,True
ISIC_0035577,vidir_molemax,data/processed/testset/images/ISIC_0035577.jpg,NV,NV,1,1,0.9946593642234802,True
ISIC_0035578,vidir_molemax,data/processed/testset/images/ISIC_0035578.jpg,NV,NV,1,1,0.9999608993530273,True
ISIC_0035579,vidir_modern,data/processed/testset/images/ISIC_0035579.jpg,NV,NV,1,1,0.7877631187438965,True
ISIC_0035580,vidir_molemax,data/processed/testset/images/ISIC_0035580.jpg,NV,NV,1,1,0.9999594688415527,True
ISIC_0035581,rosendahl,data/processed/testset/images/ISIC_0035581.jpg,NV,NV,1,1,0.9979301691055298,True
ISIC_0035582,rosendahl,data/processed/testset/images/ISIC_0035582.jpg,NV,NV,1,1,0.5973634719848633,True
ISIC_0035583,vidir_modern,data/processed/testset/images/ISIC_0035583.jpg,NV,MEL,1,0,0.6285286545753479,False
ISIC_0035584,rosendahl,data/processed/testset/images/ISIC_0035584.jpg,BKL,BKL,4,4,0.6298943758010864,True
ISIC_0035585,rosendahl,data/processed/testset/images/ISIC_0035585.jpg,BCC,AKIEC,2,3,0.6291463971138,False
ISIC_0035586,external,data/processed/testset/images/ISIC_0035586.jpg,BCC,BCC,2,2,0.9930451512336731,True
ISIC_0035587,vidir_molemax,data/processed/testset/images/ISIC_0035587.jpg,NV,NV,1,1,0.9999685287475586,True
ISIC_0035588,external,data/processed/testset/images/ISIC_0035588.jpg,DF,DF,5,5,0.9981119632720947,True
ISIC_0035589,vidir_modern,data/processed/testset/images/ISIC_0035589.jpg,BKL,BKL,4,4,0.998796820640564,True
ISIC_0035590,vidir_modern,data/processed/testset/images/ISIC_0035590.jpg,BKL,BKL,4,4,0.9997950196266174,True
ISIC_0035591,vidir_molemax,data/processed/testset/images/ISIC_0035591.jpg,NV,NV,1,1,0.999889612197876,True
ISIC_0035592,vidir_modern,data/processed/testset/images/ISIC_0035592.jpg,NV,NV,1,1,0.999871015548706,True
ISIC_0035593,external,data/processed/testset/images/ISIC_0035593.jpg,BKL,BKL,4,4,0.9999257326126099,True
ISIC_0035594,external,data/processed/testset/images/ISIC_0035594.jpg,BCC,BCC,2,2,0.9960188269615173,True
ISIC_0035596,vidir_molemax,data/processed/testset/images/ISIC_0035596.jpg,NV,NV,1,1,0.9999692440032959,True
ISIC_0035597,rosendahl,data/processed/testset/images/ISIC_0035597.jpg,NV,NV,1,1,0.9893426895141602,True
ISIC_0035598,vidir_molemax,data/processed/testset/images/ISIC_0035598.jpg,NV,NV,1,1,0.9999687671661377,True
ISIC_0035599,vidir_modern,data/processed/testset/images/ISIC_0035599.jpg,VASC,VASC,6,6,0.9997206330299377,True
ISIC_0035600,vienna_dias,data/processed/testset/images/ISIC_0035600.jpg,NV,NV,1,1,0.9982413053512573,True
ISIC_0035601,vidir_modern,data/processed/testset/images/ISIC_0035601.jpg,NV,NV,1,1,0.9999397993087769,True
ISIC_0035602,rosendahl,data/processed/testset/images/ISIC_0035602.jpg,MEL,BKL,0,4,0.9885925054550171,False
ISIC_0035603,vidir_molemax,data/processed/testset/images/ISIC_0035603.jpg,VASC,VASC,6,6,0.9999734163284302,True
ISIC_0035604,vidir_molemax,data/processed/testset/images/ISIC_0035604.jpg,NV,NV,1,1,0.999943733215332,True
ISIC_0035605,rosendahl,data/processed/testset/images/ISIC_0035605.jpg,MEL,NV,0,1,0.9982743263244629,False
ISIC_0035606,rosendahl,data/processed/testset/images/ISIC_0035606.jpg,MEL,BKL,0,4,0.9980760812759399,False
ISIC_0035607,vidir_modern,data/processed/testset/images/ISIC_0035607.jpg,BKL,MEL,4,0,0.9262658357620239,False
ISIC_0035608,rosendahl,data/processed/testset/images/ISIC_0035608.jpg,AKIEC,AKIEC,3,3,0.9991218447685242,True
ISIC_0035609,vidir_molemax,data/processed/testset/images/ISIC_0035609.jpg,NV,NV,1,1,0.9999626874923706,True
ISIC_0035610,external,data/processed/testset/images/ISIC_0035610.jpg,MEL,MEL,0,0,0.9844485521316528,True
ISIC_0035611,vidir_molemax,data/processed/testset/images/ISIC_0035611.jpg,NV,NV,1,1,0.9999332427978516,True
ISIC_0035612,vidir_modern,data/processed/testset/images/ISIC_0035612.jpg,BKL,BKL,4,4,0.9995515942573547,True
ISIC_0035613,vidir_modern,data/processed/testset/images/ISIC_0035613.jpg,BKL,BKL,4,4,0.999603807926178,True
ISIC_0035614,vidir_molemax,data/processed/testset/images/ISIC_0035614.jpg,NV,NV,1,1,0.9999216794967651,True
ISIC_0035615,vidir_modern,data/processed/testset/images/ISIC_0035615.jpg,NV,NV,1,1,0.9989450573921204,True
ISIC_0035616,vidir_molemax,data/processed/testset/images/ISIC_0035616.jpg,NV,NV,1,1,0.999974250793457,True
ISIC_0035617,vidir_molemax,data/processed/testset/images/ISIC_0035617.jpg,NV,NV,1,1,0.99620121717453,True
ISIC_0035618,vidir_molemax,data/processed/testset/images/ISIC_0035618.jpg,NV,NV,1,1,0.999974250793457,True
ISIC_0035619,vidir_molemax,data/processed/testset/images/ISIC_0035619.jpg,BKL,BKL,4,4,0.9993818998336792,True
ISIC_0035621,vidir_molemax,data/processed/testset/images/ISIC_0035621.jpg,NV,NV,1,1,0.9999698400497437,True
ISIC_0035622,external,data/processed/testset/images/ISIC_0035622.jpg,DF,DF,5,5,0.4386390149593353,True
ISIC_0035623,vidir_modern,data/processed/testset/images/ISIC_0035623.jpg,NV,NV,1,1,0.6068055629730225,True
ISIC_0035624,external,data/processed/testset/images/ISIC_0035624.jpg,BKL,BKL,4,4,0.9514955878257751,True
ISIC_0035625,rosendahl,data/processed/testset/images/ISIC_0035625.jpg,BCC,BCC,2,2,0.9980621933937073,True
ISIC_0035626,rosendahl,data/processed/testset/images/ISIC_0035626.jpg,AKIEC,AKIEC,3,3,0.9996587038040161,True
ISIC_0035627,rosendahl,data/processed/testset/images/ISIC_0035627.jpg,BKL,AKIEC,4,3,0.9821067452430725,False
ISIC_0035628,vidir_molemax,data/processed/testset/images/ISIC_0035628.jpg,NV,NV,1,1,0.9999779462814331,True
ISIC_0035629,rosendahl,data/processed/testset/images/ISIC_0035629.jpg,MEL,NV,0,1,0.9546647071838379,False
ISIC_0035630,rosendahl,data/processed/testset/images/ISIC_0035630.jpg,AKIEC,AKIEC,3,3,0.9998088479042053,True
ISIC_0035631,vidir_modern,data/processed/testset/images/ISIC_0035631.jpg,BKL,BKL,4,4,0.9888712763786316,True
ISIC_0035632,vienna_dias,data/processed/testset/images/ISIC_0035632.jpg,NV,NV,1,1,0.9879232048988342,True
ISIC_0035633,vidir_modern,data/processed/testset/images/ISIC_0035633.jpg,VASC,VASC,6,6,0.9999417066574097,True
ISIC_0035634,vidir_modern,data/processed/testset/images/ISIC_0035634.jpg,BKL,NV,4,1,0.317965030670166,False
ISIC_0035635,vidir_molemax,data/processed/testset/images/ISIC_0035635.jpg,BKL,BKL,4,4,0.9981446266174316,True
ISIC_0035636,rosendahl,data/processed/testset/images/ISIC_0035636.jpg,MEL,NV,0,1,0.9997735619544983,False
ISIC_0035637,rosendahl,data/processed/testset/images/ISIC_0035637.jpg,MEL,MEL,0,0,0.99528568983078,True
ISIC_0035638,vidir_molemax,data/processed/testset/images/ISIC_0035638.jpg,NV,NV,1,1,0.9978275895118713,True
ISIC_0035639,external,data/processed/testset/images/ISIC_0035639.jpg,NV,NV,1,1,0.936874270439148,True
ISIC_0035640,rosendahl,data/processed/testset/images/ISIC_0035640.jpg,MEL,MEL,0,0,0.9954472184181213,True
ISIC_0035641,rosendahl,data/processed/testset/images/ISIC_0035641.jpg,NV,NV,1,1,0.996663510799408,True
ISIC_0035642,rosendahl,data/processed/testset/images/ISIC_0035642.jpg,AKIEC,AKIEC,3,3,0.8429383635520935,True
ISIC_0035643,external,data/processed/testset/images/ISIC_0035643.jpg,AKIEC,AKIEC,3,3,0.9923593401908875,True
ISIC_0035644,vidir_molemax,data/processed/testset/images/ISIC_0035644.jpg,NV,NV,1,1,0.9999412298202515,True
ISIC_0035645,rosendahl,data/processed/testset/images/ISIC_0035645.jpg,BKL,AKIEC,4,3,0.9495983123779297,False
ISIC_0035646,vidir_molemax,data/processed/testset/images/ISIC_0035646.jpg,NV,NV,1,1,0.9998288154602051,True
ISIC_0035647,vidir_molemax,data/processed/testset/images/ISIC_0035647.jpg,NV,NV,1,1,0.9999706745147705,True
ISIC_0035648,rosendahl,data/processed/testset/images/ISIC_0035648.jpg,NV,NV,1,1,0.998365581035614,True
ISIC_0035649,vidir_molemax,data/processed/testset/images/ISIC_0035649.jpg,NV,NV,1,1,0.9999651908874512,True
ISIC_0035650,external,data/processed/testset/images/ISIC_0035650.jpg,DF,DF,5,5,0.8060272932052612,True
ISIC_0035651,vidir_modern,data/processed/testset/images/ISIC_0035651.jpg,MEL,MEL,0,0,0.9921790361404419,True
ISIC_0035652,vidir_modern,data/processed/testset/images/ISIC_0035652.jpg,NV,NV,1,1,0.999915361404419,True
ISIC_0035653,external,data/processed/testset/images/ISIC_0035653.jpg,MEL,MEL,0,0,0.9783483147621155,True
ISIC_0035654,external,data/processed/testset/images/ISIC_0035654.jpg,NV,NV,1,1,0.9991089701652527,True
ISIC_0035655,external,data/processed/testset/images/ISIC_0035655.jpg,BKL,NV,4,1,0.9820793867111206,False
ISIC_0035656,vidir_modern,data/processed/testset/images/ISIC_0035656.jpg,NV,NV,1,1,0.9974557757377625,True
ISIC_0035657,vidir_modern,data/processed/testset/images/ISIC_0035657.jpg,NV,NV,1,1,0.9968495965003967,True
ISIC_0035658,external,data/processed/testset/images/ISIC_0035658.jpg,BCC,BCC,2,2,0.9927212595939636,True
ISIC_0035659,vidir_modern,data/processed/testset/images/ISIC_0035659.jpg,NV,NV,1,1,0.9997604489326477,True
ISIC_0035660,external,data/processed/testset/images/ISIC_0035660.jpg,BCC,BCC,2,2,0.9998807907104492,True
ISIC_0035661,vidir_modern,data/processed/testset/images/ISIC_0035661.jpg,BKL,BKL,4,4,0.9997965693473816,True
ISIC_0035662,external,data/processed/testset/images/ISIC_0035662.jpg,NV,NV,1,1,0.9256466627120972,True
ISIC_0035663,vidir_modern,data/processed/testset/images/ISIC_0035663.jpg,MEL,MEL,0,0,0.5327824950218201,True
ISIC_0035664,external,data/processed/testset/images/ISIC_0035664.jpg,BKL,BKL,4,4,0.9865133166313171,True
ISIC_0035665,vidir_modern,data/processed/testset/images/ISIC_0035665.jpg,NV,NV,1,1,0.9998496770858765,True
ISIC_0035666,vidir_modern,data/processed/testset/images/ISIC_0035666.jpg,NV,MEL,1,0,0.9613323211669922,False
ISIC_0035667,external,data/processed/testset/images/ISIC_0035667.jpg,BCC,BCC,2,2,0.993644118309021,True
ISIC_0035668,vidir_modern,data/processed/testset/images/ISIC_0035668.jpg,NV,NV,1,1,0.8605319857597351,True
ISIC_0035669,vidir_modern,data/processed/testset/images/ISIC_0035669.jpg,BKL,NV,4,1,0.9987260699272156,False
ISIC_0035670,external,data/processed/testset/images/ISIC_0035670.jpg,MEL,MEL,0,0,0.991104781627655,True
ISIC_0035671,vidir_modern,data/processed/testset/images/ISIC_0035671.jpg,NV,NV,1,1,0.8604785799980164,True
ISIC_0035672,vidir_modern,data/processed/testset/images/ISIC_0035672.jpg,NV,NV,1,1,0.9996849298477173,True
ISIC_0035673,vidir_modern,data/processed/testset/images/ISIC_0035673.jpg,NV,NV,1,1,0.7979666590690613,True
ISIC_0035674,vidir_modern,data/processed/testset/images/ISIC_0035674.jpg,NV,NV,1,1,0.9512964487075806,True
ISIC_0035675,external,data/processed/testset/images/ISIC_0035675.jpg,DF,DF,5,5,0.9997736811637878,True
ISIC_0035676,external,data/processed/testset/images/ISIC_0035676.jpg,BKL,BKL,4,4,0.9987898468971252,True
ISIC_0035677,external,data/processed/testset/images/ISIC_0035677.jpg,DF,BKL,5,4,0.994662880897522,False
ISIC_0035678,vidir_modern,data/processed/testset/images/ISIC_0035678.jpg,NV,NV,1,1,0.9998937845230103,True
ISIC_0035679,external,data/processed/testset/images/ISIC_0035679.jpg,BKL,NV,4,1,0.9077235460281372,False
ISIC_0035680,vidir_modern,data/processed/testset/images/ISIC_0035680.jpg,MEL,MEL,0,0,0.6964472532272339,True
ISIC_0035681,vidir_modern,data/processed/testset/images/ISIC_0035681.jpg,NV,NV,1,1,0.9999620914459229,True
ISIC_0035682,vidir_modern,data/processed/testset/images/ISIC_0035682.jpg,MEL,MEL,0,0,0.6170958280563354,True
ISIC_0035683,external,data/processed/testset/images/ISIC_0035683.jpg,BCC,NV,2,1,0.4674593210220337,False
ISIC_0035684,vidir_modern,data/processed/testset/images/ISIC_0035684.jpg,NV,NV,1,1,0.9832649827003479,True
ISIC_0035685,external,data/processed/testset/images/ISIC_0035685.jpg,DF,DF,5,5,0.9997398257255554,True
ISIC_0035686,external,data/processed/testset/images/ISIC_0035686.jpg,NV,MEL,1,0,0.9394223690032959,False
ISIC_0035687,vidir_modern,data/processed/testset/images/ISIC_0035687.jpg,NV,NV,1,1,0.9999071359634399,True
ISIC_0035688,external,data/processed/testset/images/ISIC_0035688.jpg,NV,NV,1,1,0.5638877153396606,True
ISIC_0035689,vidir_modern,data/processed/testset/images/ISIC_0035689.jpg,NV,MEL,1,0,0.5918670892715454,False
ISIC_0035690,vidir_modern,data/processed/testset/images/ISIC_0035690.jpg,MEL,BCC,0,2,0.6298779249191284,False
ISIC_0035691,vidir_modern,data/processed/testset/images/ISIC_0035691.jpg,AKIEC,AKIEC,3,3,0.5382728576660156,True
ISIC_0035692,external,data/processed/testset/images/ISIC_0035692.jpg,BCC,BCC,2,2,0.994005560874939,True
ISIC_0035693,vidir_modern,data/processed/testset/images/ISIC_0035693.jpg,NV,NV,1,1,0.9828670620918274,True
ISIC_0035694,external,data/processed/testset/images/ISIC_0035694.jpg,BKL,BKL,4,4,0.9970807433128357,True
ISIC_0035695,external,data/processed/testset/images/ISIC_0035695.jpg,DF,NV,5,1,0.9986780285835266,False
ISIC_0035696,vidir_modern,data/processed/testset/images/ISIC_0035696.jpg,MEL,MEL,0,0,0.9922468662261963,True
ISIC_0035697,vidir_modern,data/processed/testset/images/ISIC_0035697.jpg,NV,NV,1,1,0.999927282333374,True
ISIC_0035698,vidir_modern,data/processed/testset/images/ISIC_0035698.jpg,MEL,BCC,0,2,0.9884088635444641,False
ISIC_0035699,external,data/processed/testset/images/ISIC_0035699.jpg,NV,NV,1,1,0.9986361861228943,True
ISIC_0035700,external,data/processed/testset/images/ISIC_0035700.jpg,MEL,MEL,0,0,0.9716731905937195,True
ISIC_0035701,external,data/processed/testset/images/ISIC_0035701.jpg,BKL,AKIEC,4,3,0.9811434745788574,False
ISIC_0035702,vidir_modern,data/processed/testset/images/ISIC_0035702.jpg,NV,NV,1,1,0.9996860027313232,True
ISIC_0035703,external,data/processed/testset/images/ISIC_0035703.jpg,NV,NV,1,1,0.9246557950973511,True
ISIC_0035704,vidir_modern,data/processed/testset/images/ISIC_0035704.jpg,NV,NV,1,1,0.987510085105896,True
ISIC_0035705,vidir_modern,data/processed/testset/images/ISIC_0035705.jpg,MEL,MEL,0,0,0.5133073329925537,True
ISIC_0035706,external,data/processed/testset/images/ISIC_0035706.jpg,NV,NV,1,1,0.9991714954376221,True
ISIC_0035707,external,data/processed/testset/images/ISIC_0035707.jpg,NV,NV,1,1,0.9539260268211365,True
ISIC_0035708,vidir_modern,data/processed/testset/images/ISIC_0035708.jpg,MEL,MEL,0,0,0.7924988865852356,True
ISIC_0035709,vidir_modern,data/processed/testset/images/ISIC_0035709.jpg,NV,NV,1,1,0.9999547004699707,True
ISIC_0035710,vidir_modern,data/processed/testset/images/ISIC_0035710.jpg,NV,MEL,1,0,0.9726752042770386,False
ISIC_0035711,vidir_modern,data/processed/testset/images/ISIC_0035711.jpg,MEL,MEL,0,0,0.9999275207519531,True
ISIC_0035712,external,data/processed/testset/images/ISIC_0035712.jpg,NV,NV,1,1,0.9933863282203674,True
ISIC_0035713,external,data/processed/testset/images/ISIC_0035713.jpg,NV,NV,1,1,0.9955739974975586,True
ISIC_0035714,vidir_modern,data/processed/testset/images/ISIC_0035714.jpg,MEL,MEL,0,0,0.731456995010376,True
ISIC_0035715,external,data/processed/testset/images/ISIC_0035715.jpg,BKL,BKL,4,4,0.9810784459114075,True
ISIC_0035716,vidir_modern,data/processed/testset/images/ISIC_0035716.jpg,NV,NV,1,1,0.9997571110725403,True
ISIC_0035717,external,data/processed/testset/images/ISIC_0035717.jpg,NV,NV,1,1,0.9874405860900879,True
ISIC_0035718,external,data/processed/testset/images/ISIC_0035718.jpg,BCC,BCC,2,2,0.9619576334953308,True
ISIC_0035719,vidir_modern,data/processed/testset/images/ISIC_0035719.jpg,MEL,NV,0,1,0.8852941393852234,False
ISIC_0035720,external,data/processed/testset/images/ISIC_0035720.jpg,MEL,MEL,0,0,0.9830086827278137,True
ISIC_0035721,vidir_modern,data/processed/testset/images/ISIC_0035721.jpg,MEL,VASC,0,6,0.9960557222366333,False
ISIC_0035722,external,data/processed/testset/images/ISIC_0035722.jpg,NV,MEL,1,0,0.8425193428993225,False
ISIC_0035723,external,data/processed/testset/images/ISIC_0035723.jpg,DF,NV,5,1,0.8543820381164551,False
ISIC_0035724,vidir_modern,data/processed/testset/images/ISIC_0035724.jpg,VASC,VASC,6,6,0.99965500831604,True
ISIC_0035725,vidir_modern,data/processed/testset/images/ISIC_0035725.jpg,NV,NV,1,1,0.9997147917747498,True
ISIC_0035726,vidir_modern,data/processed/testset/images/ISIC_0035726.jpg,NV,NV,1,1,0.9998041987419128,True
ISIC_0035727,vidir_modern,data/processed/testset/images/ISIC_0035727.jpg,NV,NV,1,1,0.9994117021560669,True
ISIC_0035728,external,data/processed/testset/images/ISIC_0035728.jpg,NV,NV,1,1,0.9981491565704346,True
ISIC_0035729,vidir_modern,data/processed/testset/images/ISIC_0035729.jpg,DF,DF,5,5,0.9955512285232544,True
ISIC_0035730,vidir_modern,data/processed/testset/images/ISIC_0035730.jpg,BKL,NV,4,1,0.837922215461731,False
ISIC_0035731,vidir_modern,data/processed/testset/images/ISIC_0035731.jpg,NV,MEL,1,0,0.5440659523010254,False
ISIC_0035732,vidir_modern,data/processed/testset/images/ISIC_0035732.jpg,MEL,BCC,0,2,0.9816023707389832,False
ISIC_0035733,vidir_modern,data/processed/testset/images/ISIC_0035733.jpg,BCC,BCC,2,2,0.9999290704727173,True
ISIC_0035734,external,data/processed/testset/images/ISIC_0035734.jpg,NV,NV,1,1,0.7650283575057983,True
ISIC_0035735,external,data/processed/testset/images/ISIC_0035735.jpg,BKL,MEL,4,0,0.5232532620429993,False
ISIC_0035736,external,data/processed/testset/images/ISIC_0035736.jpg,MEL,MEL,0,0,0.9999600648880005,True
ISIC_0035737,external,data/processed/testset/images/ISIC_0035737.jpg,VASC,BCC,6,2,0.5966393947601318,False
ISIC_0035738,vidir_modern,data/processed/testset/images/ISIC_0035738.jpg,NV,NV,1,1,0.9998674392700195,True
ISIC_0035739,external,data/processed/testset/images/ISIC_0035739.jpg,BKL,NV,4,1,0.925084114074707,False
ISIC_0035740,vidir_modern,data/processed/testset/images/ISIC_0035740.jpg,NV,NV,1,1,0.8746428489685059,True
ISIC_0035741,external,data/processed/testset/images/ISIC_0035741.jpg,BKL,NV,4,1,0.95319002866745,False
ISIC_0035742,vidir_modern,data/processed/testset/images/ISIC_0035742.jpg,NV,NV,1,1,0.9993506073951721,True
ISIC_0035743,external,data/processed/testset/images/ISIC_0035743.jpg,NV,NV,1,1,0.9996967315673828,True
ISIC_0035744,vidir_modern,data/processed/testset/images/ISIC_0035744.jpg,BCC,BCC,2,2,0.996926486492157,True
ISIC_0035745,external,data/processed/testset/images/ISIC_0035745.jpg,NV,NV,1,1,0.9987137317657471,True
ISIC_0035746,vidir_modern,data/processed/testset/images/ISIC_0035746.jpg,NV,NV,1,1,0.9809941053390503,True
ISIC_0035747,vidir_modern,data/processed/testset/images/ISIC_0035747.jpg,MEL,MEL,0,0,0.9723985195159912,True
ISIC_0035748,vidir_modern,data/processed/testset/images/ISIC_0035748.jpg,MEL,MEL,0,0,0.9997950196266174,True
ISIC_0035749,vidir_modern,data/processed/testset/images/ISIC_0035749.jpg,NV,NV,1,1,0.9923869371414185,True
ISIC_0035750,vidir_modern,data/processed/testset/images/ISIC_0035750.jpg,BKL,BKL,4,4,0.9832746386528015,True
ISIC_0035751,vidir_modern,data/processed/testset/images/ISIC_0035751.jpg,BKL,BKL,4,4,0.9272056221961975,True
ISIC_0035752,vidir_modern,data/processed/testset/images/ISIC_0035752.jpg,BCC,BCC,2,2,0.9983589053153992,True
ISIC_0035753,vidir_modern,data/processed/testset/images/ISIC_0035753.jpg,BKL,BKL,4,4,0.9981675148010254,True
ISIC_0035754,external,data/processed/testset/images/ISIC_0035754.jpg,BKL,BKL,4,4,0.5481725931167603,True
ISIC_0035755,vidir_modern,data/processed/testset/images/ISIC_0035755.jpg,BKL,BKL,4,4,0.9560158848762512,True
ISIC_0035756,external,data/processed/testset/images/ISIC_0035756.jpg,MEL,MEL,0,0,0.9771157503128052,True
ISIC_0035757,vidir_modern,data/processed/testset/images/ISIC_0035757.jpg,NV,NV,1,1,0.9771971106529236,True
ISIC_0035758,vidir_modern,data/processed/testset/images/ISIC_0035758.jpg,NV,NV,1,1,0.9996811151504517,True
ISIC_0035759,external,data/processed/testset/images/ISIC_0035759.jpg,DF,DF,5,5,0.9976084232330322,True
ISIC_0035760,vidir_modern,data/processed/testset/images/ISIC_0035760.jpg,NV,NV,1,1,0.9995261430740356,True
ISIC_0035761,external,data/processed/testset/images/ISIC_0035761.jpg,BCC,BCC,2,2,0.9723291993141174,True
ISIC_0035762,vidir_modern,data/processed/testset/images/ISIC_0035762.jpg,NV,NV,1,1,0.9998973608016968,True
ISIC_0035763,external,data/processed/testset/images/ISIC_0035763.jpg,BKL,BKL,4,4,0.9599139094352722,True
ISIC_0035764,external,data/processed/testset/images/ISIC_0035764.jpg,MEL,MEL,0,0,0.893025279045105,True
ISIC_0035765,vidir_modern,data/processed/testset/images/ISIC_0035765.jpg,BKL,BKL,4,4,0.986122190952301,True
ISIC_0035766,vidir_modern,data/processed/testset/images/ISIC_0035766.jpg,MEL,NV,0,1,0.7777677774429321,False
ISIC_0035767,vidir_modern,data/processed/testset/images/ISIC_0035767.jpg,MEL,MEL,0,0,0.9829521775245667,True
ISIC_0035768,external,data/processed/testset/images/ISIC_0035768.jpg,BKL,BKL,4,4,0.9755111932754517,True
ISIC_0035769,vidir_modern,data/processed/testset/images/ISIC_0035769.jpg,NV,MEL,1,0,0.8928241729736328,False
ISIC_0035770,external,data/processed/testset/images/ISIC_0035770.jpg,NV,NV,1,1,0.9595397114753723,True
ISIC_0035771,external,data/processed/testset/images/ISIC_0035771.jpg,NV,NV,1,1,0.9770538210868835,True
ISIC_0035772,vidir_modern,data/processed/testset/images/ISIC_0035772.jpg,BCC,BCC,2,2,0.9998769760131836,True
ISIC_0035773,vidir_modern,data/processed/testset/images/ISIC_0035773.jpg,NV,NV,1,1,0.9960809350013733,True
ISIC_0035774,vidir_modern,data/processed/testset/images/ISIC_0035774.jpg,NV,NV,1,1,0.9654636979103088,True
ISIC_0035775,vidir_modern,data/processed/testset/images/ISIC_0035775.jpg,NV,NV,1,1,0.6665904521942139,True
ISIC_0035776,vidir_modern,data/processed/testset/images/ISIC_0035776.jpg,BKL,BKL,4,4,0.9988991022109985,True
ISIC_0035777,external,data/processed/testset/images/ISIC_0035777.jpg,NV,NV,1,1,0.9991649389266968,True
ISIC_0035778,vidir_modern,data/processed/testset/images/ISIC_0035778.jpg,DF,DF,5,5,0.9993506073951721,True
ISIC_0035779,external,data/processed/testset/images/ISIC_0035779.jpg,NV,NV,1,1,0.9998131394386292,True
ISIC_0035780,vidir_modern,data/processed/testset/images/ISIC_0035780.jpg,NV,NV,1,1,0.9697775840759277,True
ISIC_0035781,vidir_modern,data/processed/testset/images/ISIC_0035781.jpg,NV,NV,1,1,0.9962879419326782,True
ISIC_0035782,external,data/processed/testset/images/ISIC_0035782.jpg,NV,NV,1,1,0.9998878240585327,True
ISIC_0035783,vidir_modern,data/processed/testset/images/ISIC_0035783.jpg,NV,NV,1,1,0.9744964838027954,True
ISIC_0035784,vidir_modern,data/processed/testset/images/ISIC_0035784.jpg,NV,NV,1,1,0.9715888500213623,True
ISIC_0035785,vidir_modern,data/processed/testset/images/ISIC_0035785.jpg,NV,NV,1,1,0.9999207258224487,True
ISIC_0035786,vidir_modern,data/processed/testset/images/ISIC_0035786.jpg,NV,NV,1,1,0.9996920824050903,True
ISIC_0035787,external,data/processed/testset/images/ISIC_0035787.jpg,BKL,BKL,4,4,0.9961246848106384,True
ISIC_0035788,vidir_modern,data/processed/testset/images/ISIC_0035788.jpg,NV,NV,1,1,0.9997888207435608,True
ISIC_0035789,vidir_modern,data/processed/testset/images/ISIC_0035789.jpg,MEL,MEL,0,0,0.9995334148406982,True
ISIC_0035790,external,data/processed/testset/images/ISIC_0035790.jpg,BCC,NV,2,1,0.9966964721679688,False
ISIC_0035791,vidir_modern,data/processed/testset/images/ISIC_0035791.jpg,NV,NV,1,1,0.9998413324356079,True
ISIC_0035792,vidir_modern,data/processed/testset/images/ISIC_0035792.jpg,NV,NV,1,1,0.5166184306144714,True
ISIC_0035793,external,data/processed/testset/images/ISIC_0035793.jpg,NV,NV,1,1,0.9924768805503845,True
ISIC_0035794,vidir_modern,data/processed/testset/images/ISIC_0035794.jpg,MEL,MEL,0,0,0.9654034972190857,True
ISIC_0035795,vidir_modern,data/processed/testset/images/ISIC_0035795.jpg,NV,NV,1,1,0.900181233882904,True
ISIC_0035796,external,data/processed/testset/images/ISIC_0035796.jpg,NV,MEL,1,0,0.990799605846405,False
ISIC_0035797,vidir_modern,data/processed/testset/images/ISIC_0035797.jpg,NV,NV,1,1,0.9994749426841736,True
ISIC_0035798,external,data/processed/testset/images/ISIC_0035798.jpg,NV,NV,1,1,0.9998660087585449,True
ISIC_0035799,external,data/processed/testset/images/ISIC_0035799.jpg,BKL,BKL,4,4,0.9997839331626892,True
ISIC_0035800,vidir_modern,data/processed/testset/images/ISIC_0035800.jpg,NV,NV,1,1,0.9937981963157654,True
ISIC_0035801,vidir_modern,data/processed/testset/images/ISIC_0035801.jpg,NV,NV,1,1,0.9998923540115356,True
ISIC_0035802,external,data/processed/testset/images/ISIC_0035802.jpg,BKL,BKL,4,4,0.9995933175086975,True
ISIC_0035803,vidir_modern,data/processed/testset/images/ISIC_0035803.jpg,NV,BKL,1,4,0.3565630614757538,False
ISIC_0035804,vidir_modern,data/processed/testset/images/ISIC_0035804.jpg,NV,NV,1,1,0.9644620418548584,True
ISIC_0035805,vidir_modern,data/processed/testset/images/ISIC_0035805.jpg,BKL,NV,4,1,0.7346205711364746,False
ISIC_0035806,vidir_modern,data/processed/testset/images/ISIC_0035806.jpg,NV,BCC,1,2,0.994053065776825,False
ISIC_0035807,external,data/processed/testset/images/ISIC_0035807.jpg,BKL,NV,4,1,0.9748501777648926,False
ISIC_0035808,external,data/processed/testset/images/ISIC_0035808.jpg,NV,NV,1,1,0.9995427131652832,True
ISIC_0035809,external,data/processed/testset/images/ISIC_0035809.jpg,NV,BKL,1,4,0.7646914124488831,False
ISIC_0035810,vidir_modern,data/processed/testset/images/ISIC_0035810.jpg,BKL,BKL,4,4,0.9998218417167664,True
ISIC_0035811,vidir_modern,data/processed/testset/images/ISIC_0035811.jpg,NV,NV,1,1,0.9194161891937256,True
ISIC_0035812,vidir_modern,data/processed/testset/images/ISIC_0035812.jpg,NV,NV,1,1,0.9992550015449524,True
ISIC_0035813,external,data/processed/testset/images/ISIC_0035813.jpg,NV,NV,1,1,0.7822102904319763,True
ISIC_0035814,external,data/processed/testset/images/ISIC_0035814.jpg,VASC,NV,6,1,0.8318122625350952,False
ISIC_0035815,vidir_modern,data/processed/testset/images/ISIC_0035815.jpg,NV,NV,1,1,0.978630006313324,True
ISIC_0035816,vidir_modern,data/processed/testset/images/ISIC_0035816.jpg,MEL,NV,0,1,0.9782776832580566,False
ISIC_0035817,vidir_modern,data/processed/testset/images/ISIC_0035817.jpg,NV,NV,1,1,0.9997887015342712,True
ISIC_0035818,external,data/processed/testset/images/ISIC_0035818.jpg,BKL,BKL,4,4,0.929497480392456,True
ISIC_0035819,external,data/processed/testset/images/ISIC_0035819.jpg,MEL,NV,0,1,0.8457800149917603,False
ISIC_0035820,external,data/processed/testset/images/ISIC_0035820.jpg,NV,NV,1,1,0.9523051977157593,True
ISIC_0035821,external,data/processed/testset/images/ISIC_0035821.jpg,DF,DF,5,5,0.9998410940170288,True
ISIC_0035822,vidir_modern,data/processed/testset/images/ISIC_0035822.jpg,NV,NV,1,1,0.8655192852020264,True
ISIC_0035823,vidir_modern,data/processed/testset/images/ISIC_0035823.jpg,MEL,MEL,0,0,0.5144111514091492,True
ISIC_0035824,vidir_modern,data/processed/testset/images/ISIC_0035824.jpg,BCC,BCC,2,2,0.9999107122421265,True
ISIC_0035825,vidir_modern,data/processed/testset/images/ISIC_0035825.jpg,MEL,NV,0,1,0.841224730014801,False
ISIC_0035826,vidir_modern,data/processed/testset/images/ISIC_0035826.jpg,MEL,MEL,0,0,0.9971004128456116,True
ISIC_0035827,external,data/processed/testset/images/ISIC_0035827.jpg,MEL,MEL,0,0,0.9349811673164368,True
ISIC_0035828,vidir_modern,data/processed/testset/images/ISIC_0035828.jpg,NV,NV,1,1,0.999860405921936,True
ISIC_0035829,external,data/processed/testset/images/ISIC_0035829.jpg,BKL,MEL,4,0,0.9979559183120728,False
ISIC_0035830,external,data/processed/testset/images/ISIC_0035830.jpg,NV,NV,1,1,0.9997904896736145,True
ISIC_0035831,external,data/processed/testset/images/ISIC_0035831.jpg,BKL,BKL,4,4,0.9989211559295654,True
ISIC_0035832,vidir_modern,data/processed/testset/images/ISIC_0035832.jpg,NV,NV,1,1,0.868268609046936,True
ISIC_0035833,vidir_modern,data/processed/testset/images/ISIC_0035833.jpg,BKL,BKL,4,4,0.9981371164321899,True
ISIC_0035834,external,data/processed/testset/images/ISIC_0035834.jpg,BKL,BKL,4,4,0.7531096339225769,True
ISIC_0035835,vidir_modern,data/processed/testset/images/ISIC_0035835.jpg,NV,NV,1,1,0.9967404007911682,True
ISIC_0035836,vidir_modern,data/processed/testset/images/ISIC_0035836.jpg,NV,NV,1,1,0.9720403552055359,True
ISIC_0035837,external,data/processed/testset/images/ISIC_0035837.jpg,NV,NV,1,1,0.9949929118156433,True
ISIC_0035838,vidir_modern,data/processed/testset/images/ISIC_0035838.jpg,NV,NV,1,1,0.7442516088485718,True
ISIC_0035839,vidir_modern,data/processed/testset/images/ISIC_0035839.jpg,NV,NV,1,1,0.8885838985443115,True
ISIC_0035840,vidir_modern,data/processed/testset/images/ISIC_0035840.jpg,NV,NV,1,1,0.9995562434196472,True
ISIC_0035841,vidir_modern,data/processed/testset/images/ISIC_0035841.jpg,NV,NV,1,1,0.9999392032623291,True
ISIC_0035842,vidir_modern,data/processed/testset/images/ISIC_0035842.jpg,AKIEC,MEL,3,0,0.9987460374832153,False
ISIC_0035843,vidir_modern,data/processed/testset/images/ISIC_0035843.jpg,NV,NV,1,1,0.9998682737350464,True
ISIC_0035844,external,data/processed/testset/images/ISIC_0035844.jpg,DF,DF,5,5,0.9998119473457336,True
ISIC_0035845,vidir_modern,data/processed/testset/images/ISIC_0035845.jpg,MEL,MEL,0,0,0.9998688697814941,True
ISIC_0035846,vidir_modern,data/processed/testset/images/ISIC_0035846.jpg,MEL,MEL,0,0,0.6423810124397278,True
ISIC_0035847,external,data/processed/testset/images/ISIC_0035847.jpg,BKL,BKL,4,4,0.993316113948822,True
ISIC_0035848,vidir_modern,data/processed/testset/images/ISIC_0035848.jpg,BCC,BCC,2,2,0.9984373450279236,True
ISIC_0035849,external,data/processed/testset/images/ISIC_0035849.jpg,NV,MEL,1,0,0.9696834087371826,False
ISIC_0035850,vidir_modern,data/processed/testset/images/ISIC_0035850.jpg,NV,NV,1,1,0.99979168176651,True
ISIC_0035851,vidir_modern,data/processed/testset/images/ISIC_0035851.jpg,NV,NV,1,1,0.998955488204956,True
ISIC_0035852,vidir_modern,data/processed/testset/images/ISIC_0035852.jpg,VASC,NV,6,1,0.9439728260040283,False
ISIC_0035853,vidir_modern,data/processed/testset/images/ISIC_0035853.jpg,MEL,MEL,0,0,0.8990162014961243,True
ISIC_0035854,vidir_modern,data/processed/testset/images/ISIC_0035854.jpg,MEL,MEL,0,0,0.992679238319397,True
ISIC_0035855,external,data/processed/testset/images/ISIC_0035855.jpg,BCC,BCC,2,2,0.9990890026092529,True
ISIC_0035856,vidir_modern,data/processed/testset/images/ISIC_0035856.jpg,NV,NV,1,1,0.9989951252937317,True
ISIC_0035857,vidir_modern,data/processed/testset/images/ISIC_0035857.jpg,NV,NV,1,1,0.9090220332145691,True
ISIC_0035858,vidir_modern,data/processed/testset/images/ISIC_0035858.jpg,NV,NV,1,1,0.9788634181022644,True
ISIC_0035859,vidir_modern,data/processed/testset/images/ISIC_0035859.jpg,NV,NV,1,1,0.9990885257720947,True
ISIC_0035860,external,data/processed/testset/images/ISIC_0035860.jpg,NV,NV,1,1,0.7197653651237488,True
ISIC_0035861,vidir_modern,data/processed/testset/images/ISIC_0035861.jpg,NV,NV,1,1,0.8412727117538452,True
ISIC_0035862,vidir_modern,data/processed/testset/images/ISIC_0035862.jpg,NV,NV,1,1,0.9751561284065247,True
ISIC_0035863,external,data/processed/testset/images/ISIC_0035863.jpg,DF,VASC,5,6,0.7026106715202332,False
ISIC_0035864,vidir_modern,data/processed/testset/images/ISIC_0035864.jpg,NV,MEL,1,0,0.5459860563278198,False
ISIC_0035865,external,data/processed/testset/images/ISIC_0035865.jpg,BKL,BKL,4,4,0.8051926493644714,True
ISIC_0035866,vidir_modern,data/processed/testset/images/ISIC_0035866.jpg,BKL,BKL,4,4,0.9529286623001099,True
ISIC_0035867,external,data/processed/testset/images/ISIC_0035867.jpg,NV,NV,1,1,0.9926718473434448,True
ISIC_0035868,vidir_modern,data/processed/testset/images/ISIC_0035868.jpg,MEL,NV,0,1,0.6288435459136963,False
ISIC_0035869,vidir_modern,data/processed/testset/images/ISIC_0035869.jpg,NV,NV,1,1,0.9999091625213623,True
ISIC_0035870,external,data/processed/testset/images/ISIC_0035870.jpg,NV,NV,1,1,0.9196457862854004,True
ISIC_0035871,external,data/processed/testset/images/ISIC_0035871.jpg,BCC,BCC,2,2,0.8775662779808044,True
ISIC_0035872,vidir_modern,data/processed/testset/images/ISIC_0035872.jpg,NV,NV,1,1,0.8257423043251038,True
ISIC_0035873,external,data/processed/testset/images/ISIC_0035873.jpg,BKL,BKL,4,4,0.9998886585235596,True
ISIC_0035874,vidir_modern,data/processed/testset/images/ISIC_0035874.jpg,NV,BCC,1,2,0.9862021803855896,False
ISIC_0035875,external,data/processed/testset/images/ISIC_0035875.jpg,NV,NV,1,1,0.9977987408638,True
ISIC_0035876,external,data/processed/testset/images/ISIC_0035876.jpg,BCC,BCC,2,2,0.8531814217567444,True
ISIC_0035877,vidir_modern,data/processed/testset/images/ISIC_0035877.jpg,MEL,MEL,0,0,0.877269983291626,True
ISIC_0035878,external,data/processed/testset/images/ISIC_0035878.jpg,BKL,BKL,4,4,0.9992766976356506,True
ISIC_0035879,external,data/processed/testset/images/ISIC_0035879.jpg,NV,MEL,1,0,0.48457038402557373,False
ISIC_0035880,vidir_modern,data/processed/testset/images/ISIC_0035880.jpg,NV,NV,1,1,0.9913120865821838,True
ISIC_0035881,external,data/processed/testset/images/ISIC_0035881.jpg,BKL,BKL,4,4,0.9999655485153198,True
ISIC_0035882,vidir_modern,data/processed/testset/images/ISIC_0035882.jpg,AKIEC,AKIEC,3,3,0.9970090985298157,True
ISIC_0035883,external,data/processed/testset/images/ISIC_0035883.jpg,NV,NV,1,1,0.8893276453018188,True
ISIC_0035884,external,data/processed/testset/images/ISIC_0035884.jpg,NV,NV,1,1,0.9888302683830261,True
ISIC_0035885,vidir_modern,data/processed/testset/images/ISIC_0035885.jpg,NV,NV,1,1,0.9995416402816772,True
ISIC_0035886,external,data/processed/testset/images/ISIC_0035886.jpg,NV,NV,1,1,0.9998593330383301,True
ISIC_0035887,vidir_modern,data/processed/testset/images/ISIC_0035887.jpg,MEL,MEL,0,0,0.99993896484375,True
ISIC_0035888,vidir_modern,data/processed/testset/images/ISIC_0035888.jpg,MEL,MEL,0,0,0.9907653331756592,True
ISIC_0035889,vidir_modern,data/processed/testset/images/ISIC_0035889.jpg,MEL,MEL,0,0,0.9997296929359436,True
ISIC_0035890,external,data/processed/testset/images/ISIC_0035890.jpg,DF,DF,5,5,0.9997536540031433,True
ISIC_0035891,external,data/processed/testset/images/ISIC_0035891.jpg,NV,NV,1,1,0.9894102811813354,True
ISIC_0035892,vidir_modern,data/processed/testset/images/ISIC_0035892.jpg,NV,NV,1,1,0.8735494613647461,True
ISIC_0035893,external,data/processed/testset/images/ISIC_0035893.jpg,NV,NV,1,1,0.9993467926979065,True
ISIC_0035894,vidir_modern,data/processed/testset/images/ISIC_0035894.jpg,MEL,MEL,0,0,0.998386025428772,True
ISIC_0035895,external,data/processed/testset/images/ISIC_0035895.jpg,NV,NV,1,1,0.9351316690444946,True
ISIC_0035896,external,data/processed/testset/images/ISIC_0035896.jpg,NV,NV,1,1,0.9991368651390076,True
ISIC_0035897,vidir_modern,data/processed/testset/images/ISIC_0035897.jpg,NV,NV,1,1,0.9978147745132446,True
ISIC_0035898,external,data/processed/testset/images/ISIC_0035898.jpg,NV,NV,1,1,0.9997554421424866,True
ISIC_0035899,external,data/processed/testset/images/ISIC_0035899.jpg,BKL,BKL,4,4,0.9976521134376526,True
ISIC_0035900,vidir_modern,data/processed/testset/images/ISIC_0035900.jpg,MEL,MEL,0,0,0.9997151494026184,True
ISIC_0035901,external,data/processed/testset/images/ISIC_0035901.jpg,BCC,AKIEC,2,3,0.9083343744277954,False
ISIC_0035902,external,data/processed/testset/images/ISIC_0035902.jpg,MEL,MEL,0,0,0.9994220733642578,True
ISIC_0035903,external,data/processed/testset/images/ISIC_0035903.jpg,NV,MEL,1,0,0.8038589358329773,False
ISIC_0035904,external,data/processed/testset/images/ISIC_0035904.jpg,DF,DF,5,5,0.9987107515335083,True
ISIC_0035905,external,data/processed/testset/images/ISIC_0035905.jpg,VASC,VASC,6,6,0.9995676875114441,True
ISIC_0035906,external,data/processed/testset/images/ISIC_0035906.jpg,NV,NV,1,1,0.9932333827018738,True
ISIC_0035907,vidir_modern,data/processed/testset/images/ISIC_0035907.jpg,NV,NV,1,1,0.7861671447753906,True
ISIC_0035908,external,data/processed/testset/images/ISIC_0035908.jpg,BKL,BKL,4,4,0.9999113082885742,True
ISIC_0035909,external,data/processed/testset/images/ISIC_0035909.jpg,NV,NV,1,1,0.5425722002983093,True
ISIC_0035910,vidir_modern,data/processed/testset/images/ISIC_0035910.jpg,VASC,NV,6,1,0.9457859992980957,False
ISIC_0035911,vidir_modern,data/processed/testset/images/ISIC_0035911.jpg,MEL,MEL,0,0,0.6178090572357178,True
ISIC_0035912,vidir_modern,data/processed/testset/images/ISIC_0035912.jpg,NV,NV,1,1,0.9998451471328735,True
ISIC_0035913,vidir_modern,data/processed/testset/images/ISIC_0035913.jpg,MEL,MEL,0,0,0.9032108783721924,True
ISIC_0035914,vidir_modern,data/processed/testset/images/ISIC_0035914.jpg,MEL,MEL,0,0,0.999922513961792,True
ISIC_0035915,vidir_modern,data/processed/testset/images/ISIC_0035915.jpg,AKIEC,AKIEC,3,3,0.6828225255012512,True
ISIC_0035916,vidir_modern,data/processed/testset/images/ISIC_0035916.jpg,NV,NV,1,1,0.9929680228233337,True
ISIC_0035917,external,data/processed/testset/images/ISIC_0035917.jpg,BKL,MEL,4,0,0.8621599674224854,False
ISIC_0035918,vidir_modern,data/processed/testset/images/ISIC_0035918.jpg,BKL,MEL,4,0,0.9529346823692322,False
ISIC_0035919,external,data/processed/testset/images/ISIC_0035919.jpg,DF,DF,5,5,0.999839186668396,True
ISIC_0035920,external,data/processed/testset/images/ISIC_0035920.jpg,MEL,MEL,0,0,0.8681386113166809,True
ISIC_0035921,vidir_modern,data/processed/testset/images/ISIC_0035921.jpg,NV,NV,1,1,0.9957493543624878,True
ISIC_0035922,vidir_modern,data/processed/testset/images/ISIC_0035922.jpg,MEL,MEL,0,0,0.9999376535415649,True
ISIC_0035923,vidir_modern,data/processed/testset/images/ISIC_0035923.jpg,MEL,VASC,0,6,0.9970203042030334,False
ISIC_0035924,vidir_modern,data/processed/testset/images/ISIC_0035924.jpg,NV,NV,1,1,0.999752938747406,True
ISIC_0035925,external,data/processed/testset/images/ISIC_0035925.jpg,VASC,VASC,6,6,0.9983291029930115,True
ISIC_0035926,external,data/processed/testset/images/ISIC_0035926.jpg,BKL,BKL,4,4,0.998794436454773,True
ISIC_0035927,external,data/processed/testset/images/ISIC_0035927.jpg,NV,NV,1,1,0.9999552965164185,True
ISIC_0035928,external,data/processed/testset/images/ISIC_0035928.jpg,NV,NV,1,1,0.996845006942749,True
ISIC_0035929,vidir_modern,data/processed/testset/images/ISIC_0035929.jpg,MEL,NV,0,1,0.7022558450698853,False
ISIC_0035930,external,data/processed/testset/images/ISIC_0035930.jpg,NV,NV,1,1,0.9203035235404968,True
ISIC_0035931,vidir_modern,data/processed/testset/images/ISIC_0035931.jpg,VASC,VASC,6,6,0.9770492911338806,True
ISIC_0035932,external,data/processed/testset/images/ISIC_0035932.jpg,BKL,NV,4,1,0.9398056268692017,False
ISIC_0035933,external,data/processed/testset/images/ISIC_0035933.jpg,BCC,NV,2,1,0.5132279992103577,False
ISIC_0035934,external,data/processed/testset/images/ISIC_0035934.jpg,MEL,NV,0,1,0.8462357521057129,False
ISIC_0035935,external,data/processed/testset/images/ISIC_0035935.jpg,NV,NV,1,1,0.8504036664962769,True
ISIC_0035936,vidir_modern,data/processed/testset/images/ISIC_0035936.jpg,NV,NV,1,1,0.996178388595581,True
ISIC_0035937,external,data/processed/testset/images/ISIC_0035937.jpg,BKL,BKL,4,4,0.9985271692276001,True
ISIC_0035938,vidir_modern,data/processed/testset/images/ISIC_0035938.jpg,MEL,MEL,0,0,0.7605398297309875,True
ISIC_0035939,vidir_modern,data/processed/testset/images/ISIC_0035939.jpg,NV,NV,1,1,0.8081696033477783,True
ISIC_0035940,vidir_modern,data/processed/testset/images/ISIC_0035940.jpg,DF,DF,5,5,0.9997482895851135,True
ISIC_0035941,vidir_modern,data/processed/testset/images/ISIC_0035941.jpg,NV,NV,1,1,0.9998942613601685,True
ISIC_0035942,external,data/processed/testset/images/ISIC_0035942.jpg,BCC,MEL,2,0,0.84184330701828,False
ISIC_0035943,vidir_modern,data/processed/testset/images/ISIC_0035943.jpg,NV,NV,1,1,0.9973880648612976,True
ISIC_0035944,external,data/processed/testset/images/ISIC_0035944.jpg,DF,MEL,5,0,0.5716851353645325,False
ISIC_0035945,external,data/processed/testset/images/ISIC_0035945.jpg,NV,NV,1,1,0.9992867112159729,True
ISIC_0035946,external,data/processed/testset/images/ISIC_0035946.jpg,VASC,VASC,6,6,0.9893056154251099,True
ISIC_0035947,external,data/processed/testset/images/ISIC_0035947.jpg,NV,NV,1,1,0.9998475313186646,True
ISIC_0035948,vidir_modern,data/processed/testset/images/ISIC_0035948.jpg,NV,NV,1,1,0.9747405052185059,True
ISIC_0035949,external,data/processed/testset/images/ISIC_0035949.jpg,BKL,BKL,4,4,0.5463760495185852,True
ISIC_0035950,external,data/processed/testset/images/ISIC_0035950.jpg,BKL,BKL,4,4,0.9318535327911377,True
ISIC_0035951,vidir_modern,data/processed/testset/images/ISIC_0035951.jpg,NV,NV,1,1,0.9899129867553711,True
ISIC_0035952,external,data/processed/testset/images/ISIC_0035952.jpg,VASC,VASC,6,6,0.6294677257537842,True
ISIC_0035953,vidir_modern,data/processed/testset/images/ISIC_0035953.jpg,BKL,MEL,4,0,0.9267941117286682,False
ISIC_0035954,external,data/processed/testset/images/ISIC_0035954.jpg,NV,NV,1,1,0.9851359724998474,True
ISIC_0035955,vidir_modern,data/processed/testset/images/ISIC_0035955.jpg,DF,DF,5,5,0.9997703433036804,True
ISIC_0035956,vidir_modern,data/processed/testset/images/ISIC_0035956.jpg,MEL,MEL,0,0,0.9998663663864136,True
ISIC_0035957,vidir_modern,data/processed/testset/images/ISIC_0035957.jpg,BCC,BCC,2,2,0.999427855014801,True
ISIC_0035958,vidir_modern,data/processed/testset/images/ISIC_0035958.jpg,NV,MEL,1,0,0.9888074994087219,False
ISIC_0035959,external,data/processed/testset/images/ISIC_0035959.jpg,BKL,BKL,4,4,0.9999327659606934,True
ISIC_0035960,vidir_modern,data/processed/testset/images/ISIC_0035960.jpg,BCC,BCC,2,2,0.9814608693122864,True
ISIC_0035961,vidir_modern,data/processed/testset/images/ISIC_0035961.jpg,NV,NV,1,1,0.9998810291290283,True
ISIC_0035962,vidir_modern,data/processed/testset/images/ISIC_0035962.jpg,NV,NV,1,1,0.8865066170692444,True
ISIC_0035963,vidir_modern,data/processed/testset/images/ISIC_0035963.jpg,NV,NV,1,1,0.9935436248779297,True
ISIC_0035964,vidir_modern,data/processed/testset/images/ISIC_0035964.jpg,MEL,MEL,0,0,0.9179800152778625,True
ISIC_0035965,external,data/processed/testset/images/ISIC_0035965.jpg,NV,NV,1,1,0.9453821182250977,True
ISIC_0035966,vidir_modern,data/processed/testset/images/ISIC_0035966.jpg,NV,NV,1,1,0.9988828301429749,True
ISIC_0035967,vidir_modern,data/processed/testset/images/ISIC_0035967.jpg,NV,MEL,1,0,0.5408485531806946,False
ISIC_0035968,vidir_modern,data/processed/testset/images/ISIC_0035968.jpg,MEL,MEL,0,0,0.8843161463737488,True
ISIC_0035969,vidir_modern,data/processed/testset/images/ISIC_0035969.jpg,NV,MEL,1,0,0.9163958430290222,False
ISIC_0035970,vidir_modern,data/processed/testset/images/ISIC_0035970.jpg,NV,NV,1,1,0.9999403953552246,True
ISIC_0035971,vidir_modern,data/processed/testset/images/ISIC_0035971.jpg,NV,NV,1,1,0.9992663264274597,True
ISIC_0035972,external,data/processed/testset/images/ISIC_0035972.jpg,NV,NV,1,1,0.8954945802688599,True
ISIC_0035973,vidir_modern,data/processed/testset/images/ISIC_0035973.jpg,NV,NV,1,1,0.999754011631012,True
ISIC_0035974,vidir_modern,data/processed/testset/images/ISIC_0035974.jpg,NV,NV,1,1,0.9997506737709045,True
ISIC_0035975,vidir_modern,data/processed/testset/images/ISIC_0035975.jpg,NV,NV,1,1,0.9962138533592224,True
ISIC_0035976,external,data/processed/testset/images/ISIC_0035976.jpg,BCC,BCC,2,2,0.9378287196159363,True
ISIC_0035977,vidir_modern,data/processed/testset/images/ISIC_0035977.jpg,BCC,BKL,2,4,0.9941890239715576,False
ISIC_0035978,vidir_modern,data/processed/testset/images/ISIC_0035978.jpg,NV,NV,1,1,0.998799204826355,True
ISIC_0035979,vidir_modern,data/processed/testset/images/ISIC_0035979.jpg,NV,NV,1,1,0.9847395420074463,True
ISIC_0035980,vidir_modern,data/processed/testset/images/ISIC_0035980.jpg,NV,MEL,1,0,0.9884194135665894,False
ISIC_0035981,external,data/processed/testset/images/ISIC_0035981.jpg,NV,NV,1,1,0.9996964931488037,True
ISIC_0035982,vidir_modern,data/processed/testset/images/ISIC_0035982.jpg,DF,DF,5,5,0.9993999004364014,True
ISIC_0035983,external,data/processed/testset/images/ISIC_0035983.jpg,NV,NV,1,1,0.9993602633476257,True
ISIC_0035984,vidir_modern,data/processed/testset/images/ISIC_0035984.jpg,NV,NV,1,1,0.9796143174171448,True
ISIC_0035985,vidir_modern,data/processed/testset/images/ISIC_0035985.jpg,NV,NV,1,1,0.9998799562454224,True
ISIC_0035986,vidir_modern,data/processed/testset/images/ISIC_0035986.jpg,MEL,MEL,0,0,0.999871015548706,True
ISIC_0035987,external,data/processed/testset/images/ISIC_0035987.jpg,NV,NV,1,1,0.9789718389511108,True
ISIC_0035988,external,data/processed/testset/images/ISIC_0035988.jpg,NV,BKL,1,4,0.5509257912635803,False
ISIC_0035989,external,data/processed/testset/images/ISIC_0035989.jpg,NV,NV,1,1,0.9934078454971313,True
ISIC_0035990,external,data/processed/testset/images/ISIC_0035990.jpg,NV,NV,1,1,0.9296080470085144,True
ISIC_0035991,external,data/processed/testset/images/ISIC_0035991.jpg,NV,NV,1,1,0.9996803998947144,True
ISIC_0035992,external,data/processed/testset/images/ISIC_0035992.jpg,MEL,BKL,0,4,0.9957017302513123,False
ISIC_0035993,vidir_modern,data/processed/testset/images/ISIC_0035993.jpg,BKL,BKL,4,4,0.9610583186149597,True
ISIC_0035994,vidir_modern,data/processed/testset/images/ISIC_0035994.jpg,NV,NV,1,1,0.9946179986000061,True
ISIC_0035995,vidir_modern,data/processed/testset/images/ISIC_0035995.jpg,NV,NV,1,1,0.9968687891960144,True
ISIC_0035996,external,data/processed/testset/images/ISIC_0035996.jpg,BKL,BKL,4,4,0.998346209526062,True
ISIC_0035997,external,data/processed/testset/images/ISIC_0035997.jpg,MEL,MEL,0,0,0.9973337650299072,True
ISIC_0035998,external,data/processed/testset/images/ISIC_0035998.jpg,NV,NV,1,1,0.9942216277122498,True
ISIC_0035999,external,data/processed/testset/images/ISIC_0035999.jpg,NV,NV,1,1,0.9813736081123352,True
ISIC_0036000,external,data/processed/testset/images/ISIC_0036000.jpg,VASC,VASC,6,6,0.9909521341323853,True
ISIC_0036001,external,data/processed/testset/images/ISIC_0036001.jpg,NV,NV,1,1,0.9999195337295532,True
ISIC_0036002,external,data/processed/testset/images/ISIC_0036002.jpg,BCC,BCC,2,2,0.9288746118545532,True
ISIC_0036003,external,data/processed/testset/images/ISIC_0036003.jpg,BKL,BKL,4,4,0.8601840138435364,True
ISIC_0036004,external,data/processed/testset/images/ISIC_0036004.jpg,BCC,BCC,2,2,0.9983093738555908,True
ISIC_0036005,vidir_modern,data/processed/testset/images/ISIC_0036005.jpg,MEL,NV,0,1,0.8160631060600281,False
ISIC_0036006,external,data/processed/testset/images/ISIC_0036006.jpg,BCC,BCC,2,2,0.8157467842102051,True
ISIC_0036007,external,data/processed/testset/images/ISIC_0036007.jpg,DF,DF,5,5,0.9998464584350586,True
ISIC_0036008,external,data/processed/testset/images/ISIC_0036008.jpg,BKL,BKL,4,4,0.973069429397583,True
ISIC_0036009,external,data/processed/testset/images/ISIC_0036009.jpg,BCC,BCC,2,2,0.6237009167671204,True
ISIC_0036010,vidir_modern,data/processed/testset/images/ISIC_0036010.jpg,NV,NV,1,1,0.6741910576820374,True
ISIC_0036011,external,data/processed/testset/images/ISIC_0036011.jpg,BCC,BCC,2,2,0.6638659834861755,True
ISIC_0036012,vidir_modern,data/processed/testset/images/ISIC_0036012.jpg,MEL,MEL,0,0,0.9995682835578918,True
ISIC_0036013,vidir_modern,data/processed/testset/images/ISIC_0036013.jpg,NV,NV,1,1,0.9998809099197388,True
ISIC_0036014,vidir_modern,data/processed/testset/images/ISIC_0036014.jpg,NV,NV,1,1,0.999910831451416,True
ISIC_0036015,external,data/processed/testset/images/ISIC_0036015.jpg,BKL,AKIEC,4,3,0.747428297996521,False
ISIC_0036016,vidir_modern,data/processed/testset/images/ISIC_0036016.jpg,BCC,BCC,2,2,0.9997496008872986,True
ISIC_0036017,external,data/processed/testset/images/ISIC_0036017.jpg,NV,NV,1,1,0.9792851209640503,True
ISIC_0036018,external,data/processed/testset/images/ISIC_0036018.jpg,DF,DF,5,5,0.9824562072753906,True
ISIC_0036019,external,data/processed/testset/images/ISIC_0036019.jpg,BKL,BKL,4,4,0.9996256828308105,True
ISIC_0036020,vidir_modern,data/processed/testset/images/ISIC_0036020.jpg,NV,NV,1,1,0.999797523021698,True
ISIC_0036021,external,data/processed/testset/images/ISIC_0036021.jpg,BKL,BCC,4,2,0.7794827222824097,False
ISIC_0036022,vidir_modern,data/processed/testset/images/ISIC_0036022.jpg,BCC,BKL,2,4,0.9917920827865601,False
ISIC_0036023,external,data/processed/testset/images/ISIC_0036023.jpg,BKL,BKL,4,4,0.8826015591621399,True
ISIC_0036024,external,data/processed/testset/images/ISIC_0036024.jpg,NV,NV,1,1,0.8090696334838867,True
ISIC_0036025,vidir_modern,data/processed/testset/images/ISIC_0036025.jpg,BKL,BKL,4,4,0.5181680917739868,True
ISIC_0036026,external,data/processed/testset/images/ISIC_0036026.jpg,MEL,MEL,0,0,0.9997166991233826,True
ISIC_0036027,external,data/processed/testset/images/ISIC_0036027.jpg,NV,NV,1,1,0.998468816280365,True
ISIC_0036028,external,data/processed/testset/images/ISIC_0036028.jpg,NV,NV,1,1,0.9884125590324402,True
ISIC_0036029,external,data/processed/testset/images/ISIC_0036029.jpg,MEL,BCC,0,2,0.6491928696632385,False
ISIC_0036030,vidir_modern,data/processed/testset/images/ISIC_0036030.jpg,NV,NV,1,1,0.9940775632858276,True
ISIC_0036031,external,data/processed/testset/images/ISIC_0036031.jpg,BCC,MEL,2,0,0.9223721027374268,False
ISIC_0036032,vidir_modern,data/processed/testset/images/ISIC_0036032.jpg,BKL,MEL,4,0,0.7270244359970093,False
ISIC_0036033,vidir_modern,data/processed/testset/images/ISIC_0036033.jpg,NV,NV,1,1,0.9401247501373291,True
ISIC_0036034,external,data/processed/testset/images/ISIC_0036034.jpg,MEL,NV,0,1,0.9999243021011353,False
ISIC_0036035,external,data/processed/testset/images/ISIC_0036035.jpg,BCC,BCC,2,2,0.9965482354164124,True
ISIC_0036036,external,data/processed/testset/images/ISIC_0036036.jpg,NV,BKL,1,4,0.8681896328926086,False
ISIC_0036037,external,data/processed/testset/images/ISIC_0036037.jpg,NV,NV,1,1,0.9989523887634277,True
ISIC_0036038,vidir_modern,data/processed/testset/images/ISIC_0036038.jpg,NV,NV,1,1,0.9963586926460266,True
ISIC_0036039,vidir_modern,data/processed/testset/images/ISIC_0036039.jpg,NV,NV,1,1,0.9689127206802368,True
ISIC_0036040,external,data/processed/testset/images/ISIC_0036040.jpg,NV,NV,1,1,0.9431567788124084,True
ISIC_0036041,vidir_modern,data/processed/testset/images/ISIC_0036041.jpg,NV,NV,1,1,0.9664623141288757,True
ISIC_0036042,external,data/processed/testset/images/ISIC_0036042.jpg,NV,NV,1,1,0.999861478805542,True
ISIC_0036043,vidir_modern,data/processed/testset/images/ISIC_0036043.jpg,BKL,BKL,4,4,0.9918416738510132,True
ISIC_0036044,vidir_modern,data/processed/testset/images/ISIC_0036044.jpg,NV,NV,1,1,0.7169545888900757,True
ISIC_0036045,vidir_modern,data/processed/testset/images/ISIC_0036045.jpg,NV,NV,1,1,0.9863247275352478,True
ISIC_0036046,vidir_modern,data/processed/testset/images/ISIC_0036046.jpg,NV,NV,1,1,0.9999699592590332,True
ISIC_0036047,vidir_modern,data/processed/testset/images/ISIC_0036047.jpg,NV,NV,1,1,0.9991492033004761,True
ISIC_0036048,external,data/processed/testset/images/ISIC_0036048.jpg,NV,NV,1,1,0.9740061163902283,True
ISIC_0036049,vidir_modern,data/processed/testset/images/ISIC_0036049.jpg,NV,NV,1,1,0.99983811378479,True
ISIC_0036050,external,data/processed/testset/images/ISIC_0036050.jpg,BKL,BKL,4,4,0.9410408139228821,True
ISIC_0036051,vidir_modern,data/processed/testset/images/ISIC_0036051.jpg,MEL,MEL,0,0,0.9899423122406006,True
ISIC_0036052,external,data/processed/testset/images/ISIC_0036052.jpg,NV,BKL,1,4,0.9818446636199951,False
ISIC_0036053,vidir_modern,data/processed/testset/images/ISIC_0036053.jpg,BKL,BKL,4,4,0.996222734451294,True
ISIC_0036054,external,data/processed/testset/images/ISIC_0036054.jpg,NV,NV,1,1,0.998975396156311,True
ISIC_0036055,external,data/processed/testset/images/ISIC_0036055.jpg,NV,NV,1,1,0.9999202489852905,True
ISIC_0036056,external,data/processed/testset/images/ISIC_0036056.jpg,MEL,DF,0,5,0.9346160292625427,False
ISIC_0036057,vidir_modern,data/processed/testset/images/ISIC_0036057.jpg,MEL,MEL,0,0,0.5733356475830078,True
ISIC_0036058,external,data/processed/testset/images/ISIC_0036058.jpg,NV,NV,1,1,0.5938141942024231,True
ISIC_0036059,vidir_modern,data/processed/testset/images/ISIC_0036059.jpg,NV,NV,1,1,0.9909804463386536,True
ISIC_0036060,external,data/processed/testset/images/ISIC_0036060.jpg,BKL,BKL,4,4,0.9998278617858887,True
ISIC_0036061,external,data/processed/testset/images/ISIC_0036061.jpg,NV,NV,1,1,0.9944103360176086,True
ISIC_0036062,vidir_modern,data/processed/testset/images/ISIC_0036062.jpg,AKIEC,AKIEC,3,3,0.8310094475746155,True
ISIC_0036063,external,data/processed/testset/images/ISIC_0036063.jpg,BKL,BKL,4,4,0.9997524619102478,True
ISIC_0036064,external,data/processed/testset/images/ISIC_0036064.jpg,BCC,MEL,2,0,0.4040879011154175,False
